결정례일련번호,구분,문장번호,내용
154127,전문,1,사  건○  2019헌마1294 재판취소
154127,전문,2,청 구 인  조○○○
154127,전문,3,[주  문]
154127,전문,4,이 사건 심판청구를 모두 각하한다.[이  유]
154127,전문,5,1.사건개요
154127,전문,6,"청구인은 피의자 손○○○, 이○○○, 정○○○을 허위공문서작성 혐의로 고소하였고, 수원지방검찰청 평택지청 검사는 2019.1.21."
154127,전문,7,피의자들에 대하여 각 혐의없음(범죄인정안됨)의 불기소처분을 하였다(수원지방검찰청 평택지청 2019형제736호).
154127,전문,8,"청구인은 이에 불복하여 재정신청을 하였으나, 서울고등법원은 2019.5.7."
154127,전문,9,피의자들이 공무원 신분을 가지고 있다고 볼 자료가 없고 검사의 불기소처분이 부당하다고 인정하기에 부족하다는 이유로 기각결정을 하였다(서울고등법원 2019초재644).
154127,전문,10,"청구인은 위 기각결정에 대하여 재항고하였으나, 대법원은 2019.10.18."
154127,전문,11,원심의 판단에 재판에 영향을 미친 헌법·법률·명령 또는 규칙의 위반이 없다는 이유로 기각결정을 하였다(대법원 2019모1483).
154127,전문,12,"이에 청구인은 서울고등법원과 대법원이 피의자들의 신상조사도 안하고 기각결정을 한 것이 청구인의 기본권을 침해한다고 주장하며, 2019.11.18."
154127,전문,13,이 사건 헌법소원심판을 청구하였다.
154127,전문,14,2.판단
154127,전문,15,"헌법재판소법 제68조 제1항 본문에 의하면 공권력의 행사 또는 불행사로 인하여 헌법상 보장된 기본권을 침해받은 자는 법원의 재판을 제외하고는 헌법재판소에 헌법소원심판을 청구할 수 있다고 규정하고 있으므로, 원칙적으로 법원의 재판을 대상으로 하는 헌법소원심판청구는 허용되지 아니하고, 다만 헌법재판소가 위헌으로 결정한 법령을 적용함으로써 국민의 기본권을 침해한 재판에 대하여만 헌법재판소법 제68조 제1항에 의한 헌법소원심판을 청구할 수 있다(헌재 2016.4.28."
154127,전문,16,2016헌마33 참조).
154127,전문,17,그런데 청구인이 다투고 있는 위 결정들은 헌법소원심판의 대상이 될 수 있는 예외적인 법원의 재판에 해당하지 아니한다.
154127,전문,18,3.결론
154127,전문,19,"그렇다면 이 사건 심판청구는 모두 부적법하므로 헌법재판소법 제72조 제3항 제1호 후단에 따라 이를 각하하기로 하여, 관여 재판관 전원의 일치된 의견으로 주문과 같이 결정한다."
