결정례일련번호,구분,문장번호,내용
143939,전문,1,사 건 2017헌마1349 형의 집행 및 수용자의 처우에 관한 법률 제15조 위헌확인
143939,전문,2,청 구 인 이 ○ 혁
143939,전문,3,[주 문]
143939,전문,4,이 사건 심판청구를 각하한다.[이 유]
143939,전문,5,1.사건의 개요
143939,전문,6,가.청구인은 2017.10.11.
143939,전문,7,"수원지방법원 평택지원(2017고단352)에서 폭행죄로 징역 5월을 선고받고, 항소하여 항소심(수원지방법원 2017노7634)계속 중이며, 현재 ○○구치소에 수용 중이다."
143939,전문,8,"나.청구인은 살인미수, 조직범죄 등으로 징역 3년 내지 7년을 선고받은 사람들과 같은 거실에 수용되었다."
143939,전문,9,"다.청구인은 ○○구치소장이 거실을 지정함에 있어 형기나 죄질 등을 충분히 고려하지 않았다고 주장하며, 2017.12.18."
143939,전문,10,위 거실지정행위의 근거조항인 ‘형의 집행 및 수용자의 처우에 관한 법률’ 제15조의 위헌확인을 구하는 이 사건 헌법소원심판을 청구하였다.
143939,전문,11,2.심판대상조항
143939,전문,12,형의 집행 및 수용자의 처우에 관한 법률(2007.12.21.
143939,전문,13,"법률 제8728호로 전부개정된 것)제15조(수용거실 지정)소장은 수용자의 거실을 지정하는 경우에는 죄명ㆍ형기ㆍ죄질ㆍ성격ㆍ범죄전력ㆍ나이ㆍ경력 및 수용생활 태도, 그 밖에 수용자의 개인적 특성을 고려하여야 한다."
143939,전문,14,3.판단
143939,전문,15,"법령으로 인한 기본권침해를 이유로 헌법소원을 청구하기 위해서는 당해 법령 그 자체에 의하여 자유의 제한, 의무의 부과, 권리 또는 법적 지위의 박탈이 생긴 경우이어야 하며, 어떤 법령조항이 헌법소원을 청구하고자 하는 자의 법적 지위에 아무런 영향을 미치지 않는다면 애당초 기본권침해의 가능성이나 위험성이 없으므로 그 법령조항을 대상으로 헌법소원을 청구하는 것은 허용되지 아니한다(헌재 1999.5.27."
143939,전문,16,97헌마368 등 참조).
143939,전문,17,"‘형의 집행 및 수용자의 처우에 관한 법률’ 제15조는 교도소장을 수범자로 하여 수용자의 거실을 지정할 경우에 고려할 사항을 규정하고 있을 뿐, 수용자의 기본권을 제한하는 사항을 규정하고 있지 않다.따라서 위 법률조항 자체만으로는 청구인의 기본권이 침해될 가능성이 있다고 볼 수 없다."
143939,전문,18,4.결론
143939,전문,19,"이 사건 심판청구는 부적법하므로, 헌법재판소법 제72조 제3항 제4호에 따라 이를 각하하기로 하여 관여 재판관 전원의 일치된 의견으로 주문과 같이 결정한다."
