결정례일련번호,구분,문장번호,내용
144212,전문,1,사 건 2017헌마1317 기본권 침해 위헌확인
144212,전문,2,청 구 인 김 ○ 일
144212,전문,3,피 청 구 인 ○○구치소장
144212,전문,4,[주 문]
144212,전문,5,이 사건 심판청구를 각하한다.[이 유]
144212,전문,6,1.사건개요
144212,전문,7,가.청구인은 ○○구치소에 수용 중인 사람이다.
144212,전문,8,나.청구인은 2017.11.16.
144212,전문,9,"○○구치소장으로부터 금치 30일의 징벌처분을 받아 2017.12.6.까지 위 징벌처분이 집행되었고, 2017.11.30."
144212,전문,10,다시 금치 25일의 징벌처분을 받아 2017.12.7.부터 같은 달 31.까지 위 징벌처분의 집행 중에 있다.
144212,전문,11,다.청구인은 금치 집행 중인 2017.12.5.
144212,전문,12,"헌법재판소에 ○○구치소장이 금치처분을 받는 수용자에 대하여 ① 식사시간을 제외한 모든 시간에 정좌 자세로 책을 읽을 것을 강제하고, ② 교도관 순시 중 큰소리로 현원보고를 하도록 강제하며, ③ 이를 위반할 때에는 보호장비를 사용하는바, 이는 청구인의 인격권 등 기본권을 침해하는 것이라고 주장하면서 이 사건 헌법소원심판을 청구하였다."
144212,전문,13,2.판 단
144212,전문,14,"○○구치소장에 대한 사실조회 결과에 의하면, ○○구치소에서는 징벌처분을 받는 수용자에 대하여 ① 정좌 자세를 계속 취하도록 강제하고 있지는 않고, 징벌처분의 목적에 부합하도록 바른 자세로 신문ㆍ도서를 열람하거나 명상을 하도록 지도하고 있으나 수용자들은 수시로 앉은 자세를 자유롭게 바꾸거나 스트레칭을 할 수 있으며 화장실도 자유롭게 갈 수 있고, ② 순시 중 현원보고를 강제하고 있지 않고 육안으로 인원점검을 하고 있으며, ③ 따라서 이러한 의무위반을 이유로 보호장비를 사용하지 아니하며 실제로 청구인에 대하여 수용생활 중 보호장비를 사용한 적도 없다고 한다.이와 달리 피청구인이 청구인 주장과 같이 청구인에게 계속 정좌 자세로 책을 읽도록 강제하거나, 현원보고 강제, 보호장비 사용 등의 공권력 행사를 한 사실을 인정할 아무런 자료가 없다.따라서 청구인이 주장하는 공권력 행사 사실을 인정할 수 없으므로 이 사건 심판청구는 부적법하다."
144212,전문,15,3.결 론
144212,전문,16,이 사건 심판청구는 부적법하므로 이를 각하하기로 하여 관여 재판관 전원의 일치된 의견으로 주문과 같이 결정한다.
