결정례일련번호,구분,문장번호,내용
129854,전문,1,사       건     2008헌마261  기소유예처분취소
129854,전문,2,청  구  인     한 ○ 우
129854,전문,3,대리인 변호사 구○
129854,전문,4,피청구인      춘천지방검찰청 검사
129854,전문,5,주           문
129854,전문,6,청구인의 심판청구를 기각한다.
129854,전문,7,이           유
129854,전문,8,"청구인은 춘천지방검찰청 2007형제5940, 11024호 사건에 대하여 피청구인이 2007.12.18.에 한 청구인에 대한 기소유예처분은 청구인의 헌법상 보장된 평등권과 행복추구권을 침해한 것이라고 주장하면서 위 기소유예처분의 취소를 구하는 이 사건 헌법소원심판을 청구하였다.그러나 이 사건 기록을 살펴보면 피청구인이 위 사건에 관하여 현저히 정의와 형평에 반하는 수사를 하였거나, 헌법의 해석, 법률의 적용 또는 증거판단에 있어서 기소유예처분의 결정에 영향을 미친 중대한 잘못이 있었다고 보이지 아니하고, 달리 피청구인의 위 기소유예처분이 헌법재판소가 관여할 정도의 자의적인 처분이라고 볼 자료도 없으므로 이로 말미암아 청구인 주장의 기본권이 침해되었다고 볼 수 없다.그렇다면 이 사건 심판청구는 이유 없으므로 이를 기각하기로 하여 관여 재판관 전원의 일치된 의견으로 주문과 같이 결정한다."
129854,전문,9,2008.5.29.
129854,전문,10,재판장        재판관  이○        이○
129854,전문,11,──────
129854,전문,12,재판관  이○        이○
129854,전문,13,──────
129854,전문,14,재판관  조○        조○
129854,전문,15,──────
129854,전문,16,재판관  김○        김○
129854,전문,17,──────
129854,전문,18,재판관  김○        김○
129854,전문,19,──────
129854,전문,20,재판관  민○        민○
129854,전문,21,──────
129854,전문,22,재판관  이○        이○
129854,전문,23,──────
129854,전문,24,재판관  목○        목○
129854,전문,25,──────
129854,전문,26,주심   재판관  송○        해외출장으로 서명날인 불능
129854,전문,27,──────
129854,전문,28,재판장  이○
129854,전문,29,재판관
129854,전문,30,──────
