결정례일련번호,구분,문장번호,내용
145623,전문,1,사○ 2018헌마108 재판취소
145623,전문,2,청 구 인 이 ○ 석
145623,전문,3,[주 문]
145623,전문,4,이 사건 심판청구를 각하한다.[이 유]
145623,전문,5,1.사건개요
145623,전문,6,"청구인은 경찰공무원들을 고소하였으나 불기소처분이 내려졌고(서울중앙지방검찰청 2016년 형제67535호), 그 후 재정신청을 하였으나 기각되었다(서울고등법원 2017초재2261; 대법원 2017모2919)."
145623,전문,7,이에 청구인은 2018.1.31.
145623,전문,8,위 서울고등법원 2017초재2261 결정의 취소를 구하는 이 사건 헌법소원심판청구를 하였다.
145623,전문,9,2.판단
145623,전문,10,"헌법재판소법 제68조 제1항 본문에 의하면 원칙적으로 법원의 재판을 대상으로 하는 헌법소원심판청구는 허용되지 아니하고, 다만 헌법재판소가 위헌으로 결정한 법령을 적용함으로써 국민의 기본권을 침해한 재판에 대하여만 헌법재판소법 제68조 제1항에 의한 헌법소원심판을 청구할 수 있다(헌재 2016.4.28."
145623,전문,11,2016헌마33 참조).
145623,전문,12,"위 서울고등법원 2017초재2261 결정은 헌법소원심판을 청구할 수 있는 예외적인 재판에 해당하지 아니하여 헌법소원심판의 대상이 될 수 없으므로, 이 사건 심판청구는 부적법하다."
145623,전문,13,3.결론
145623,전문,14,헌법재판소법 제72조 제3항 제1호 후문에 따라 이 사건 심판청구를 각하하기로 하여 관여 재판관 전원의 일치된 의견으로 주문과 같이 결정한다.
