결정례일련번호,구분,문장번호,내용
163259,전문,1,사		건	2021헌마32    재판취소
163259,전문,2,청	구	인	이○○○
163259,전문,3,[주           문]
163259,전문,4,이 사건 심판청구를 각하한다.
163259,전문,5,[이           유]
163259,전문,6,사건개요
163259,전문,7,가.청구인은 2018.1.24.
163259,전문,8,"서울북부지방법원에서 마약류관리에관한법률위반(향정)죄로 징역 2년 6월의 형을 선고받았다[서울북부지방법원 2017고단3249, 5383(병합)]."
163259,전문,9,"나.청구인이 이에 불복하여 항소하였고, 항소심 법원은 2019.3.21."
163259,전문,10,"청구인의 주장 중 2017.5.24.자 및 2017.6.29.자 필로폰 매도 부분에 대한 사실오인 주장을 받아들이고, 2016.11.11.자 필로폰 수수 부분 등에 대한 사실오인 주장은 받아들이지 아니하여 위 제1심판결 부분을 파기하고 피고인에게 징역 1년을 선고하였다[서울북부지방법원 2018노258, 2018노790(병합)]."
163259,전문,11,다.청구인이 위 항소심판결에 불복하여 상고하였으나 2019.5.28.
163259,전문,12,기각되었다(대법원 2019도4657).
163259,전문,13,"라.청구인은 항소심에서 청구인이 제출한 증거들에 의하면 2016.11.11.자 필로폰 수수에 관한 공소사실에 대하여 무죄를 선고하였어야 함에도 항소심 법원이 증거재판주의를 위반하여 위 공소사실에 대하여 유죄를 선고하였다고 주장하면서, 2021.1.6."
163259,전문,14,위 항소심판결의 취소를 구하는 취지의 이 사건 헌법소원심판을 청구하였다.
163259,전문,15,2.판단
163259,전문,16,"헌법재판소법 제68조 제1항 본문에 의하면 원칙적으로 법원의 재판을 대상으로 하는 헌법소원심판청구는 허용되지 아니하고, 다만 헌법재판소가 위헌으로 결정한 법령을 적용함으로써 국민의 기본권을 침해한 재판에 대하여만 헌법재판소법 제68조 제1항에 의한 헌법소원심판을 청구할 수 있다(헌재 2016.4.28."
163259,전문,17,2016헌마33 참조).
163259,전문,18,그런데 청구인이 다투는 위 판결은 예외적으로 헌법소원심판의 대상이 되는 법원의 재판에 해당하지 않는다.
163259,전문,19,3.결론
163259,전문,20,그렇다면 이 사건 심판청구는 부적법하므로 이를 각하하기로 하여 관여 재판관 전원의 일치된 의견으로 주문과 같이 결정한다.
