결정례일련번호,구분,문장번호,내용
147432,전문,1,사 건 2018헌아272 기소유예처분취소(재심)청 구 인 이 ○ 영
147432,전문,2,재심대상결정 헌재 2018.5.31.
147432,전문,3,2017헌마1054 결정
147432,전문,4,[주 문]
147432,전문,5,이 사건 심판청구를 각하한다.[이 유]
147432,전문,6,"헌법재판소의 결정에 대하여 재심을 청구하기 위해서는 헌법재판소법 제40조에 의하여 준용되는 민사소송법 제451조 제1항 각 호의 사유 중 헌법소원심판에 대한 재심의 성질상 허용되는 사유를 재심청구의 이유로 주장하여야 하고, 이에 해당하지 아니하는 사유를 들어 재심을 청구하면 그 재심청구는 부적법하다(헌재 2007.2.22."
147432,전문,7,2006헌아50; 헌재 2013.2.28.
147432,전문,8,2012헌아99 등 참조).
147432,전문,9,청구인은 2017.9.20.
147432,전문,10,"청구인에 대한 기소유예처분(수원지방검찰청 2017년 형제48430호)의 취소를 구하는 헌법소원심판을 청구하였으나, 이는 2018.5.31."
147432,전문,11,기각되었다(헌재 2018.5.31.
147432,전문,12,2017헌마1054).
147432,전문,13,"청구인은 위 기소유예처분으로 인해 나중에 취업할 때 불이익을 받을 수 있고 헌법재판소의 기각 결정이 부당하다고만 주장할 뿐, 민사소송법 제451조 제1항 각 호의 사유 중 헌법소원심판에 대한 재심의 성질상 허용되는 사유에 대한 주장을 하고 있지 아니하다.그렇다면 이 사건 심판청구는 부적법하므로 이를 각하하기로 하여 관여 재판관 전원의 일치된 의견으로 주문과 같이 결정한다."
