결정례일련번호,구분,문장번호,내용
154689,전문,1,사  건  2019헌마1400 교도소 내 공문서 관리 교육 등 미고시 위헌확인
154689,전문,2,청 구 인  김○○○
154689,전문,3,피 청 구 인  ○○교도소장
154689,전문,4,[주  문]
154689,전문,5,이 사건 심판청구를 각하한다.[이  유]
154689,전문,6,1.사건개요
154689,전문,7,"청구인은 ○○교도소에 수용 중인 사람으로, 2019.9.4."
154689,전문,8,사동도우미실에 비치되어 있던 자술서 용지를 담당 교도관의 허락 없이 수용자들에게 제공하였다는 이유로 2019.9.19.
154689,전문,9,경고 처분을 받았다.그러자 청구인은 ‘피청구인이 수용 관리 및 계호에 관한 법무부 훈령 제1166호가 정하는 경우에 관하여 공문서 관리 및 취급 교육을 고시하지 않은 부작위’로 인하여 기본권을 침해받았다고 주장하면서 2019.12.17.
154689,전문,10,이 사건 헌법소원심판청구를 하였다.
154689,전문,11,2.판단
154689,전문,12,"청구인은 피청구인이 공문서 관리 및 취급 교육을 하지 아니한 부작위의 위헌 확인을 구하고 있는 것으로 보인다.행정권력의 부작위에 대한 헌법소원은 공권력의 주체에게 헌법에서 유래하는 작위의무가 특별히 구체적으로 규정되어 이에 의거하여 기본권의 주체가 행정행위 내지 공권력의 행사를 청구할 수 있음에도 공권력의 주체가 그 의무를 해태하는 경우에 한하여 허용된다.여기서 ‘헌법에서 유래하는 작위의무가 특별히 구체적으로 규정’되어 있다 함은 헌법상 명문으로 공권력 주체의 작위의무가 규정되어 있는 경우, 헌법의 해석상 공권력 주체의 작위의무가 도출되는 경우, 공권력 주체의 작위의무가 법령에 구체적으로 규정되어 있는 경우 등을 포괄한다(헌재 2013.8.29."
154689,전문,13,2012헌마886; 헌재 2016.11.24.
154689,전문,14,2015헌마11).
154689,전문,15,"그런데 헌법상 또는 법령상 교도소장인 피청구인이 수용자에게 공문서 관리 및 취급에 관한 교육을 하여야 할 작위의무가 규정되어 있다거나 헌법의 해석상 그러한 작위의무가 도출된다고 볼 수 없으므로, 청구인이 주장하는 부작위는 헌법에서 유래하는 작위의무를 해태한 경우라고 볼 수 없다."
154689,전문,16,3.결론
154689,전문,17,"그렇다면 이 사건 심판청구는 부적법하므로 헌법재판소법 제72조 제3항 제4호에 따라 이를 각하하기로 하여, 관여 재판관 전원의 일치된 의견으로 주문과 같이 결정한다."
