결정례일련번호,구분,문장번호,내용
148700,전문,1,사○ 2018헌마826 재판취소
148700,전문,2,청 구 인 강 ○ 원
148700,전문,3,[주 문]
148700,전문,4,이 사건 심판청구를 각하한다.[이 유]
148700,전문,5,1.사건개요
148700,전문,6,청구인은 자동차관리법위반죄로 기소되어 2017.10.17.
148700,전문,7,"벌금 50만 원을 선고받고(수원지방법원 여주지원 2017고정273), 이에 항소하였으나 2018.6.27."
148700,전문,8,기각되었다(수원지방법원 2017노7755).
148700,전문,9,청구인은 2018.8.10.
148700,전문,10,"위 항소심 판결이 청구인의 인권을 침해하였다고 주장하면서, 그 취소를 구하는 취지의 이 사건 헌법소원심판을 청구하였다."
148700,전문,11,2.판단
148700,전문,12,"헌법재판소법 제68조 제1항 본문에 의하면, 원칙적으로 법원의 재판을 대상으로 하는 헌법소원심판청구는 허용되지 아니하고, 헌법재판소가 위헌으로 결정한 법령을 적용함으로써 국민의 기본권을 침해한 재판에 대해서만 헌법소원심판을 청구할 수 있다(헌재 2016.4.28."
148700,전문,13,2016헌마33 참조).
148700,전문,14,"그런데 청구인이 취소를 구하는 위 항소심 판결은 법원의 재판으로서 헌법소원심판의 대상이 될 수 있는 예외적인 재판에 해당하지 아니하므로, 이를 대상으로 한 이 사건 심판청구는 부적법하다."
148700,전문,15,3.결론
148700,전문,16,그렇다면 이 사건 헌법소원심판청구를 각하하기로 하여 관여 재판관 전원의 일치된 의견으로 주문과 같이 결정한다.
