결정례일련번호,구분,문장번호,내용
145880,전문,1,사 건 2018헌마135 재판취소
145880,전문,2,청 구 인 김 ○ 우
145880,전문,3,[주 문]
145880,전문,4,이 사건 심판청구를 각하한다.[이 유]
145880,전문,5,1.사건개요
145880,전문,6,청구인은 서울북부지방법원에 집행에 관한 이의신청을 하였으나 2017.9.7.
145880,전문,7,"기각되었고(2017타기443), 이에 대한 특별항고도 2017.12.22."
145880,전문,8,기각되었다(대법원 2017그691).
145880,전문,9,청구인은 2018.2.6.
145880,전문,10,위 대법원 2017그691 결정의 취소를 구하는 취지의 이 사건 헌법소원심판을 청구하였다.
145880,전문,11,2.판단
145880,전문,12,"헌법재판소법 제68조 제1항 본문에 의하면, 원칙적으로 법원의 재판을 대상으로 하는 헌법소원심판청구는 허용되지 아니하고, 다만 헌법재판소가 위헌으로 결정한 법령을 적용함으로써 국민의 기본권을 침해한 재판에 대해서만 헌법소원심판을 청구할 수 있다(헌재 2016.4.28."
145880,전문,13,2016헌마33 참조).
145880,전문,14,"그런데 청구인이 이 사건에서 실질적으로 다투고 있는 위 대법원 2017그691 결정은 헌법소원심판의 대상이 될 수 있는 예외적인 재판에 해당하지 아니하므로, 이 사건 심판청구는 허용될 수 없다."
145880,전문,15,3.결론
145880,전문,16,이 사건 심판청구는 부적법하므로 헌법재판소법 제72조 제3항 제1호 후문에 따라 이를 각하하기로 하여 관여 재판관 전원의 일치된 의견으로 주문과 같이 결정한다.
