결정례일련번호,구분,문장번호,내용
147087,전문,1,사 건 2018헌마433 기본권 침해 위헌확인
147087,전문,2,청 구 인 임 ○ 일
147087,전문,3,[주 문]
147087,전문,4,이 사건 심판청구를 각하한다.[이 유]
147087,전문,5,"헌법재판소법 제68조 제1항에 의한 헌법소원심판의 청구인은 자신의 기본권에 대한 공권력 주체의 침해 행위가 위헌적인 것임을 구체적이고 명확하게 주장하여야 하고, 그와 같이 기본권 침해의 가능성을 확인할 수 있을 정도로 구체적인 주장을 하지 아니하고 막연하고 모호한 주장만을 하는 경우 그 심판청구는 부적법하다(헌재 2005.2.3."
147087,전문,6,2003헌마544등 참조).
147087,전문,7,"청구인은 한국토지주택공사가 신축한 국민임대아파트에 거주하면서 시공사 측에 실크벽지가 아닌 종이벽지로 시공해 줄 것을 요청하고 이와 관련하여 여러 문의를 하였으나 대답을 듣지 못했거나 무책임한 답변만을 들었다며 이로 인해 자신의 환경권, 행복추구권 등이 침해당하였다고 주장할 뿐, 기본권 침해의 원인이 되는 공권력 행사의 내용이 구체적으로 무엇인지, 그로 인하여 청구인의 기본권이 어떻게 침해된다는 것인지에 대해 구체적이고 명확한 주장을 하지 않고 있다.아울러 청구인이 문제 삼는 사항으로 인해 청구인의 권리와 의무에 직접적인 법률효과가 발생하거나 법적 지위가 불리하게 변화된다고 볼 수도 없다.그렇다면 이 사건 심판청구는 부적법하므로 헌법재판소법 제72조 제3항 제4호에 따라 이를 각하하기로 하여 관여 재판관 전원의 일치된 의견으로 주문과 같이 결정한다."
