결정례일련번호,구분,문장번호,내용
133371,전문,1,사      건      2008헌마763  기소유예처분취소
133371,전문,2,청  구  인      오 ○ 국선대리인 변호사 김○
133371,전문,3,피청구인     인천지방검찰청 검사
133371,전문,4,주           문
133371,전문,5,청구인의 심판청구를 기각한다.
133371,전문,6,이           유
133371,전문,7,"청구인은 인천지방검찰청 2008형제58059호 폭력행위등처벌에관한법률위반(공동상해)등 사건에 대하여 피청구인이 2008.8.29.에 한 기소유예의 불기소처분이 청구인의 헌법상 보장된 평등권 등을 침해한 것이라고 주장한다.그러나 기록을 살펴보아도 피청구인이 위 사건에 관하여 현저히 정의와 형평에 반하는 수사를 하였거나, 헌법의 해석, 법률의 적용 또는 증거판단에 있어서 불기소처분의 결정에 영향을 미친 중대한 잘못이 있었다고 보이지 아니하고, 달리 피청구인의 위 불기소처분이 헌법재판소가 관여할 정도의 자의적인 처분이라고 볼 자료도 없으므로 이로 말미암아 청구인 주장의 기본권이 침해되었다고 볼 수 없다.그렇다면 청구인의 이 사건 심판청구는 이유 없으므로 이를 기각하기로 하여 재판관 전원의 일치된 의견으로 주문과 같이 결정한다."
133371,전문,8,2009.4.30.
133371,전문,9,재판장    재판관  이○        이○
133371,전문,10,───────────────
133371,전문,11,재판관  이○        이○
133371,전문,12,───────────────
133371,전문,13,재판관  조○        조○
133371,전문,14,───────────────
133371,전문,15,재판관  김○        김○
133371,전문,16,───────────────
133371,전문,17,재판관  김○        해외출장으로 서명날인 불능
133371,전문,18,───────────────
133371,전문,19,재판장      이○
133371,전문,20,재판관
133371,전문,21,───────────────
133371,전문,22,재판관  민○        민○
133371,전문,23,───────────────
133371,전문,24,재판관  이○      이○
133371,전문,25,────────────────
133371,전문,26,재판관  목○        목○
133371,전문,27,───────────────
133371,전문,28,재판관  송○        송○
133371,전문,29,───────────────
