결정례일련번호,구분,문장번호,내용
150534,전문,1,사 건 2019헌마300 형사소송법 제405조 위헌확인
150534,전문,2,청 구 인 정 ○ 수
150534,전문,3,[주 문]
150534,전문,4,이 사건 심판청구를 각하한다.[이 유]
150534,전문,5,1.사건개요
150534,전문,6,청구인은 2019.1.30.
150534,전문,7,"재정신청이 기각되고(서울고등법원 2018초재5463), 2019.2.12."
150534,전문,8,그 결정문을 송달받은 후 2019.2.14.
150534,전문,9,위 재정신청 기각결정에 대한 즉시항고장을 등기로 접수하였으나 2019.2.18.
150534,전문,10,"서울고등법원에 송달되자, 항고기간을 도과하여 즉시항고가 제기되었다는 이유로 2019.2.22."
150534,전문,11,"즉시항고가 기각되었다.이에 청구인은 즉시항고의 제기기간을 규정하고 있는 형사소송법 제405조가 청구인의 기본권을 침해한다고 주장하며, 2019.3.18."
150534,전문,12,이 사건 헌법소원심판을 청구하였다.
150534,전문,13,2.심판대상
150534,전문,14,이 사건 심판대상은 형사소송법(1954.9.23.
150534,전문,15,법률 제341호로 제정된 것)제405조가 청구인의 기본권을 침해하는지 여부이다.심판대상조항의 내용은 다음과 같다.
150534,전문,16,[심판대상조항]
150534,전문,17,형사소송법(1954.9.23.
150534,전문,18,법률 제341호로 제정된 것)제405조(즉시항고의 제기기간)즉시항고의 제기기간은 3일로 한다.
150534,전문,19,3.판단
150534,전문,20,헌법재판소는 2018.12.27.
150534,전문,21,선고한 2015헌바77등 결정에서 심판대상조항에 대하여 헌법불합치결정을 선고하면서 2019.12.31.을 시한으로 입법자가 개정할 때까지 잠정 적용을 명한 바 있다.잠정적용 헌법불합치결정의 경우 개정입법이 이루어지는 때까지 심판의 대상인 법률조항은 법률문언의 변화 없이 계속 존속하나 법률의 위헌성을 확인한 불합치결정은 당연히 기속력을 가지므로(헌재 1997.12.24.
150534,전문,22,"96헌마172등 참조), 심판대상조항에 대하여 이미 헌법불합치결정이 선고된 이상 이 사건 심판청구는 권리보호이익이 없다(헌재 2006.5.25."
150534,전문,23,2005헌마11등; 헌재 2006.6.29.
150534,전문,24,2005헌가13 참조).
150534,전문,25,4.결론
150534,전문,26,그렇다면 이 사건 심판청구는 부적법하므로 헌법재판소법 제72조 제3항 제4호에 따라 이를 각하하기로 하여 관여 재판관 전원의 일치된 의견으로 주문과 같이 결정한다.
