결정례일련번호,구분,문장번호,내용
150706,전문,1,사 건 2019헌마352 경범죄 처벌법 제7조 제1항 제1호 등 위헌확인
150706,전문,2,청 구 인 진 ○ 현
150706,전문,3,[주 문]
150706,전문,4,이 사건 심판청구를 각하한다.[이 유]
150706,전문,5,1.사건개요
150706,전문,6,청구인은 2019.4.2.
150706,전문,7,"서울역파출소에서 경범죄 처벌법 위반으로 즉결심판 회부 통지를 받게 되자, ‘경범죄 처벌법’ 제7조 제1항이 범칙자에 대한 범칙금 납부의 통고처분과 즉결심판 청구 여부를 경찰서장 등이 임의로 결정할 수 있도록 규정하고 있는 것은 청구인의 기본권을 침해한다는 취지로 주장하며, 이 사건 헌법소원심판을 청구하였다."
150706,전문,8,2.판단
150706,전문,9,"헌법재판소법 제68조 제1항 본문은 공권력의 행사 또는 불행사로 인하여 헌법상 보장된 기본권을 침해받은 자는 헌법재판소에 헌법소원심판을 청구할 수 있다고 규정하고 있으므로, 공권력의 행사 또는 불행사가 헌법소원을 청구하고자 하는 자의 법적 지위에 아무런 영향이 미치지 않는 경우라면 애당초 기본권침해의 가능성이나 위험성이 없으므로 그 공권력의 행사를 대상으로 헌법소원을 청구하는 것은 허용되지 아니한다(헌재 1999.5.27."
150706,전문,10,97헌마368; 헌재 2008.2.28.
150706,전문,11,2006헌마582).
150706,전문,12,"청구인은 심판대상조항으로 인하여 즉결심판절차에 회부되지 아니하고 범칙금 납부의 통고처분을 선택할 자유가 제한된다는 취지로 주장한다.그런데 청구인은 이미 경범죄 처벌법상 범칙자로 인정되는 자로서, 범칙자에게 범칙금 납부의 통고처분 대신 즉결심판절차에 회부하는 것은 범칙자의 재판청구권을 보다 충실히 보장하기 위함이므로, 통고처분 대신 즉결심판절차에 회부된다고 하여 청구인에게 어떠한 자유의 제한, 의무의 부과, 권리 또는 법적 지위의 박탈을 가져오는 것이라고 보기 어렵다.통고처분 대신 즉결심판절차에 회부됨에 따라 불편함이 초래된다고 하더라도 이는 사실상의 불이익에 불과하여 그 사실만으로 헌법상 보장된 기본권의 제한 또는 침해의 문제가 생기는 것은 아니다.따라서 심판대상조항으로 인하여 청구인의 기본권이 침해되었음을 전제로 하는 이 사건 심판청구는 부적법하다."
150706,전문,13,3.결론
150706,전문,14,그렇다면 헌법재판소법 제72조 제3항 제4호에 따라 이 사건 심판청구를 각하하기로 하여 관여 재판관 전원의 일치된 의견으로 주문과 같이 결정한다.
