결정례일련번호,구분,문장번호,내용
151366,전문,1,사 건 2019헌마561 입법부작위 위헌확인
151366,전문,2,청 구 인 권○○○
151366,전문,3,[주 문]
151366,전문,4,이 사건 심판청구를 각하한다.[이 유]
151366,전문,5,1.사건개요
151366,전문,6,"청구인은 특정범죄가중처벌등에관한법률위반(절도)죄로 징역 3년을 선고한 서울동부지방법원 2010노290 판결에 대하여 재심을 청구하였고, 재심이 기각되자(서울동부지방법원 2015재노8)재항고하여, 현재 재항고심 계속 중에 있다(2015모2204)."
151366,전문,7,청구인은 ‘형사보상 및 명예회복에 관한 법률’이 감형판결을 받은 경우에는 형사보상을 규정하고 있지 아니한 입법부작위가 위헌이라고 주장하면서 2017.1.12.
151366,전문,8,입법부작위 위헌확인을 구하는 헌법소원심판을 청구하였으나 2017.1.24.
151366,전문,9,"청구인이 아직 재심재판에서 감형판결을 선고받은 바 없고, 재심청구를 한 것만으로는 장래에 감형판결을 받을 것이라고 객관적으로 예측되는 것도 아니므로, 권리침해의 현재성을 인정할 수 없다는 이유로 각하결정을 받았다(2017헌마27)."
151366,전문,10,"청구인은 여전히 아직 감형판결을 선고받지 않았음에도 불구하고, 감형판결을 받은 경우 형사보상을 규정하고 있지 아니한 ‘형사보상 및 명예회복에 관한 법률’의 입법부작위가 위헌이라고 다시 주장하면서 이 사건 헌법소원심판을 청구하였다."
151366,전문,11,2.판단
151366,전문,12,헌법재판소는 이미 심판을 거친 동일한 사건에 대해서는 다시 심판할 수 없다(헌법재판소법 제39조).
151366,전문,13,청구인은 이 사건 심판청구와 동일한 취지로 이미 헌법소원심판을 청구하여 헌법재판소로부터 각하결정을 받았다(헌재 2017.1.24.
151366,전문,14,2017헌마27).
151366,전문,15,이 사건 심판청구는 이미 심판을 거친 동일한 사건에 대해서 적법요건의 흠결을 보정하지 아니한 채 다시 심판을 청구한 것으로서 일사부재리 원칙에 위반된다.
151366,전문,16,3.결론
151366,전문,17,"그렇다면 이 사건 심판청구는 부적법하므로 헌법재판소법 제72조 제3항 제4호에 따라 이를 각하하기로 하여, 관여 재판관 전원의 일치된 의견으로 주문과 같이 결정한다."
