결정례일련번호,구분,문장번호,내용
148693,전문,1,사○ 2018헌마808 재판취소
148693,전문,2,청 구 인 박○ ○ 형
148693,전문,3,[주 문]
148693,전문,4,이 사건 심판청구를 모두 각하한다.[이 유]
148693,전문,5,1.사건개요
148693,전문,6,청구인은 ① 2016.9.21.
148693,전문,7,서울북부지방법원에서 사기죄로 징역 3년을 선고받아(서울북부지방법원 2016고단668)항소하였으나 2017.1.13.
148693,전문,8,"기각되어(서울북부지방법원 2016노2000)그 무렵 확정되었고, ② 2017.2.2."
148693,전문,9,서울북부지방법원에서 사기죄로 징역 10월을 선고받아(서울북부지방법원 2016노2062)상고하였으나 2017.4.7.
148693,전문,10,"기각되어(대법원 2017도3118)확정되었고, ③ 2017.4.14."
148693,전문,11,서울북부지방법원에서 사기죄로 징역 1년을 선고받아(서울북부지방법원 2016노2587)상고하였으나 기각되어 2017.7.7.
148693,전문,12,"확정되었고(대법원 2017도7168), ④ 2018.3.23."
148693,전문,13,서울북부지방법원에서 사기죄로 징역 3개월을 선고받아(서울북부지방법원 2017노2471)상고하였으나 2018.6.12.
148693,전문,14,기각되어 확정되었다(대법원 2018도6453).
148693,전문,15,"청구인은 검찰 및 법원이 위와 같은 기소 및 재판을 병합할 수 있었음에도 이를 병합하지 않아 양형이 불리하게 되었다고 주장하면서 서울북부지방법원 2016노2000, 대법원 2017도3118, 대법원 2017도7168, 대법원 2018도6453 판결의 취소를 구하는 헌법소원심판을 2018.8.3."
148693,전문,16,청구하였다.
148693,전문,17,2.판단
148693,전문,18,"헌법재판소법 제68조 제1항에 의하면 원칙적으로 법원의 재판을 대상으로 하는 헌법소원심판 청구는 허용되지 아니하고, 헌법재판소가 위헌으로 결정한 법령을 적용함으로써 국민의 기본권을 침해한 재판에 대하여만 헌법재판소법 제68조 제1항에 의한 헌법소원심판을 청구할 수 있다(헌재 1997.12.24."
148693,전문,19,96헌마172등 참조).
148693,전문,20,"청구인이 다투는 위 판결들은 법원의 재판으로, 헌법소원심판을 청구할 수 있는 예외적인 재판에 해당하지 아니하므로, 이 사건 헌법소원심판청구는 모두 부적법하다."
148693,전문,21,3.결론
148693,전문,22,이 사건 헌법소원심판청구는 모두 부적법하므로 헌법재판소법 제72조 제3항 제1호 후단에 따라 이를 각하한다.
