결정례일련번호,구분,문장번호,내용
149026,전문,1,사 건 2018헌마969 재판취소
149026,전문,2,청 구 인 나 ○ 만
149026,전문,3,[주 문]
149026,전문,4,이 사건 심판청구를 각하한다.[이 유]
149026,전문,5,1.사건개요
149026,전문,6,청구인은 신 ○ 희 등을 사기 등의 피의사실로 고소하였으나 수원지방검찰청 안양지청 검사는 불기소처분을 하였다(수원지방검찰청 안양지청 2018년 형제6136호).
149026,전문,7,청구인은 이에 불복하여 서울고등법원에 재정신청을 하였으나 이는 2018.9.14.
149026,전문,8,기각되었다(서울고등법원 2018초재2921).
149026,전문,9,청구인은 2018.9.21.
149026,전문,10,위 재정신청 기각 결정의 취소를 구하는 취지의 이 사건 헌법소원심판을 청구하였다.
149026,전문,11,2.판단
149026,전문,12,"헌법재판소법 제68조 제1항 본문에 의하면, 원칙적으로 법원의 재판을 대상으로 하는 헌법소원심판청구는 허용되지 아니하고, 헌법재판소가 위헌으로 결정한 법령을 적용함으로써 국민의 기본권을 침해한 재판에 대해서만 헌법소원심판을 청구할 수 있다(헌재 2016.4.28."
149026,전문,13,2016헌마33 참조).
149026,전문,14,그런데 청구인이 취소를 구하는 위 재정신청 기각 결정은 법원의 재판으로서 헌법소원심판의 대상이 될 수 있는 예외적인 재판에 해당하지 아니한다.
149026,전문,15,3.결론
149026,전문,16,이 사건 헌법소원심판청구는 부적법하므로 이를 각하하기로 하여 관여 재판관 전원의 일치된 의견으로 주문과 같이 결정한다.
