결정례일련번호,구분,문장번호,내용
150161,전문,1,사 건 2019헌마64 재판취소
150161,전문,2,청 구 인 김 ○ 준
150161,전문,3,[주 문]
150161,전문,4,이 사건 심판청구를 모두 각하한다.[이 유]
150161,전문,5,1.사건개요
150161,전문,6,가.청구인은 대구지방법원(2018구합1222)에 국가를 상대로 손해배상을 구하는 소를 제기하면서 소송구조 신청을 하였으나 2018.9.27.
150161,전문,7,기각되었다(2018아131).
150161,전문,8,이에 청구인이 항고하였으나 2018.10.18.
150161,전문,9,"기각되었으며(대구고등법원 2018루144), 재항고하였으나 2018.12.13."
150161,전문,10,기각되어 그 무렵 확정되었다(대법원 2018무982).
150161,전문,11,나.청구인은 대구지방법원(2018구합1291)에 ○○교도소장을 상대로 징벌집행처분(경고)의 취소를 구하는 소를 제기하면서 소송구조 신청을 하였으나 2018.10.16.
150161,전문,12,기각되었다(2018아138).
150161,전문,13,이에 청구인이 항고하였으나 2018.11.1.
150161,전문,14,"기각되었고(대구고등법원 2018루150), 재항고하였으나 2019.1.10."
150161,전문,15,기각되어 그 무렵 확정되었다(대법원 2018무992).
150161,전문,16,다.청구인은 2019.1.18.
150161,전문,17,"위 대법원 결정들(2018무982, 2018무992)의 위헌확인을 구하는 이 사건 헌법소원심판을 청구하였다."
150161,전문,18,2.판단
150161,전문,19,"헌법재판소법 제68조 제1항 본문은 “공권력의 행사 또는 불행사로 인하여 헌법상 보장된 기본권을 침해받은 자는 법원의 재판을 제외하고는 헌법재판소에 헌법소원심판을 청구할 수 있다.”라고 규정하고 있으므로 원칙적으로 법원의 재판을 대상으로 하는 헌법소원심판청구는 허용되지 아니하고, 다만 헌법재판소가 위헌으로 결정한 법령을 적용함으로써 국민의 기본권을 침해한 재판에 대하여만 헌법재판소법 제68조 제1항에 의한 헌법소원심판을 청구할 수 있다(헌재 2016.4.28."
150161,전문,20,2016헌마33 참조).
150161,전문,21,그런데 청구인이 다투는 대법원의 결정들은 헌법소원심판의 대상이 될 수 있는 예외적인 법원의 재판에 해당하지 아니한다.
150161,전문,22,3.결론
150161,전문,23,"이 사건 심판청구는 모두 부적법하므로 이를 각하하기로 하여, 관여 재판관 전원의 일치된 의견으로 주문과 같이 결정한다."
