결정례일련번호,구분,문장번호,내용
148346,전문,1,사 건 2018헌마695 재판취소
148346,전문,2,청 구 인 김 ○ 희
148346,전문,3,[주 문]
148346,전문,4,이 사건 심판청구를 모두 각하한다.[이 유]
148346,전문,5,1.사건개요
148346,전문,6,청구인은 서울북부지방검찰청 검사의 2017.12.26.자 불기소처분(2017년 형제60938호)에 대하여 재정신청을 하였으나 2018.5.16.
148346,전문,7,"서울고등법원에서 기각되었고, 이에 재항고하였으나 2018.5.29."
148346,전문,8,역시 서울고등법원에서 항고권 소멸 후에 제기된 것임이 명백하다는 이유로 기각되었다(2018초재976).
148346,전문,9,청구인은 서울북부지방검찰청 검사의 2017.11.22.자 불기소처분(2017년 형제60710호)에 대하여 재정신청을 하였으나 2018.4.13.
148346,전문,10,"서울고등법원에서 기각되었고, 이에 즉시항고하였으나 2018.4.27."
148346,전문,11,"역시 서울고등법원에서 항고권 소멸 후에 제기된 것임이 명백하다는 이유로 기각되었으며(2018초재416), 위 즉시항고기각결정에 대하여 재항고하였으나 2018.6.22."
148346,전문,12,대법원에서 기각되었다(2018모1495).
148346,전문,13,이에 청구인은 위 2018.7.9.
148346,전문,14,서울고등법원 2018.5.29.자 2018초재976 결정과 대법원 2018.6.22.자 2018모1495 결정(이하 합쳐 ‘이 사건 결정들’이라 한다)의 취소를 구하는 이 사건 헌법소원심판을 청구하였다.
148346,전문,15,2.판단
148346,전문,16,"원칙적으로 법원의 재판을 대상으로 하는 헌법소원심판청구는 허용되지 아니하고, 다만 헌법재판소가 위헌으로 결정한 법령을 적용함으로써 국민의 기본권을 침해한 재판에 대하여만 헌법재판소법 제68조 제1항에 의한 헌법소원심판을 청구할 수 있다(헌재 1997.12.24."
148346,전문,17,96헌마172등).
148346,전문,18,"그런데 이 사건 결정들은 모두 헌법재판소가 위헌으로 결정한 법령을 적용한 재판이 아니어서 예외적으로 헌법소원심판의 대상이 되는 법원의 재판에 해당하지 아니하므로, 그 취소를 구하는 헌법소원심판청구는 허용될 수 없다."
148346,전문,19,3.결론
148346,전문,20,"그렇다면 이 사건 심판청구는 모두 부적법하므로 헌법재판소법 제72조 제3항 제1호 후단에 따라 이를 각하하기로 하여, 관여 재판관 전원의 일치된 의견으로 주문과 같이 결정한다."
