결정례일련번호,구분,문장번호,내용
143739,전문,1,사 건 2017헌마1320 형집행 중 벌금미납자 노역장 유치기간 차별행위 위헌확인
143739,전문,2,청 구 인 진 ○ 현
143739,전문,3,[주 문]
143739,전문,4,이 사건 심판청구를 각하한다.[이 유]
143739,전문,5,1.사건개요
143739,전문,6,"청구인은 국가보안법위반(찬양ㆍ고무)죄 및 모욕죄로 징역 1년 6월과 자격정지 1년 6월을 선고받고, 2017.2.15."
143739,전문,7,"대법원에서 상고가 기각됨으로써(2016도16419)그 형이 확정되었다.또한 청구인은 일반교통방해죄로 벌금 200만 원을 선고받고, 2017.1.25."
143739,전문,8,상고가 기각되어 그 형이 확정되었다(대법원 2016도11330).
143739,전문,9,청구인은 위 징역형의 집행종료일인 2017.9.22.
143739,전문,10,위 벌금 미납에 따른 노역장유치집행을 받아 다시 구치소에 수용되었다.이에 청구인은 징역형 집행종료에 따른 출소예정일에 곧바로 노역장유치 집행을 하면서도 이를 노역장유치기간에 포함하지 않는 것은 청구인의 평등권 등 기본권을 침해한다고 주장하며 2017.12.5.
143739,전문,11,이 사건 헌법소원심판을 청구하였다.
143739,전문,12,2.판단
143739,전문,13,헌법소원은 다른 법률에 구제절차가 있는 경우에는 그 절차를 모두 거친 후에 심판청구를 하여야 한다(헌법재판소법 제68조 제1항 단서).
143739,전문,14,"그런데 형사재판의 집행은 원칙적으로 재판확정 후 그 재판을 한 법원에 대응하는 검찰청 검사의 지휘로 집행하고(형사소송법 제459조, 제460조 참조), 그러한 재판의 집행을 받은 자는 집행에 관한 검사의 처분이 부당할 경우 그 재판을 선고한 법원에 이의신청을 할 수 있다(형사소송법 제489조 참조)."
143739,전문,15,여기서 검사의 처분에는 노역장유치의 집행에 관한 처분이 포함된다.따라서 검사의 형집행처분에 대하여 형사소송법에 의한 구제방법인 이의신청을 함이 없이 곧바로 제기된 이 사건 심판청구는 보충성의 요건에 반하는 것으로서 부적법하다(헌재 2011.11.1.
143739,전문,16,2011헌마614; 헌재 2017.4.18.
143739,전문,17,2017헌마347 참조).
143739,전문,18,3.결론
143739,전문,19,이 사건 심판청구는 부적법하므로 헌법재판소법 제72조 제3항 제1호 전단에 따라 이를 각하하기로 하여 관여 재판관 전원의 일치된 의견으로 주문과 같이 결정한다.
