결정례일련번호,구분,문장번호,내용
178195,전문,1,사　　　　　건　2022헌마1442 기본권 침해 위헌확인
178195,전문,2,청　　구　　인　정○○
178195,전문,3,피　청　구　인　전주지방검찰청 검사
178195,전문,4,[주           문]
178195,전문,5,이 사건 심판청구를 각하한다.
178195,전문,6,[이           유]
178195,전문,7,1.사건개요
178195,전문,8,"가.청구인은 강제추행 혐의로 박○○○을 고소하였으나, 피청구인은 2022.7.29."
178195,전문,9,"혐의없음의 불기소처분(전주지방검찰청 2022년 형제8244호, 이하 ‘이 사건 불기소처분’이라 한다)을 하였다.나.이에 청구인은 이 사건 불기소처분에 대하여 검찰항고[광주고등검찰청 2022고불항(전주)278호]를 거쳐 재정신청을 하였으나, 2022.10.6."
178195,전문,10,"재정신청이 기각되자[광주고등법원 (전주)2022초재128], 2022.10.12."
178195,전문,11,이 사건 불기소처분의 취소를 구하는 이 사건 헌법소원심판을 청구하였다.
178195,전문,12,2.판단
178195,전문,13,"원행정처분에 대한 헌법소원심판청구를 받아들여 이를 취소하는 것은 원행정처분을 심판의 대상으로 삼았던 법원의 재판이 예외적으로 헌법소원심판의 대상이 되어 그 재판 자체까지 취소되는 경우에 한하고, 법원의 재판이 취소되지 아니하는 경우에는 확정판결의 기판력으로 인하여 원행정처분 자체는 헌법소원심판의 대상이 되지 아니하며, 이와 같은 법리는 개정 형사소송법 시행 이후 검사의 불기소처분에 대하여 법원의 재정신청절차를 거친 경우에도 마찬가지로 적용되어야 한다(헌재 2011.10.25."
178195,전문,14,2010헌마243; 헌재 2021.3.16.
178195,전문,15,2021헌마283 등 참조).
178195,전문,16,"그런데 이 사건 불기소처분을 심판대상으로 삼은 광주고등법원의 재정신청 기각결정은 예외적으로 헌법소원의 대상이 되는 법원의 재판에 해당하지 아니하므로, 원행정처분에 해당하는 이 사건 불기소처분의 위헌확인을 구하는 심판청구는 허용되지 아니한다."
178195,전문,17,3.결론
178195,전문,18,"그렇다면 이 사건 심판청구는 부적법하므로 헌법재판소법 제72조 제3항 제4호에 따라 이를 각하하기로 하여, 관여 재판관 전원의 일치된 의견으로 주문과 같이 결정한다."
