결정례일련번호,구분,문장번호,내용
150627,전문,1,사 건 2019헌마304 기본권 침해 위헌확인
150627,전문,2,청 구 인 이 ○ 준
150627,전문,3,[주 문]
150627,전문,4,이 사건 심판청구를 각하한다.[이 유]
150627,전문,5,1.사건개요
150627,전문,6,"청구인은 대구지방법원에 대구지방법원 92노950 판결에 대한 재심을 청구하였으나, 2018.12.10."
150627,전문,7,"기각결정을 받고, 이에 불복하여 재항고하였으나 2019.2.15."
150627,전문,8,"기각결정을 받았다(대법원 2018모3564, 이하 ‘이 사건 판결’이라 한다)."
150627,전문,9,"이에 청구인은 법원이 부당한 판결을 하였음에도 재심을 개시하지 아니하여 청구인의 평등권 등 기본권을 침해하였다고 주장하며, 2019.3.19."
150627,전문,10,이 사건 헌법소원심판을 청구하였다.
150627,전문,11,2.판단
150627,전문,12,"청구인은 재심을 개시하지 않은 법원의 부작위를 다투고 있으나, 청구인의 주장을 종합하여 보면 결국 청구인이 다투고자 하는 것은 청구인의 재심 청구를 종국적으로 기각한 이 사건 판결이라고 할 것이다.헌법재판소법 제68조 제1항 본문은 “공권력의 행사 또는 불행사로 인하여 헌법상 보장된 기본권을 침해받은 자는 법원의 재판을 제외하고는 헌법재판소에 헌법소원심판을 청구할 수 있다.”라고 규정하고 있으므로 원칙적으로 법원의 재판을 대상으로 하는 헌법소원심판청구는 허용되지 아니하고, 다만 헌법재판소가 위헌으로 결정한 법령을 적용함으로써 국민의 기본권을 침해한 재판에 대하여만 헌법재판소법 제68조 제1항에 의한 헌법소원심판을 청구할 수 있다(헌재 2016.4.28."
150627,전문,13,2016헌마33 참조).
150627,전문,14,"그런데 청구인이 다투는 이 사건 판결은 헌법재판소가 위헌으로 결정한 법령을 적용한 재판이 아니어서 예외적으로 헌법소원심판의 대상이 되는 법원의 재판에 해당하지 아니하므로, 그 취소를 구하는 헌법소원심판청구도 허용될 수 없다."
150627,전문,15,3.결론
150627,전문,16,"그렇다면 이 사건 심판청구는 부적법하므로 헌법재판소법 제72조 제3항 제1호 후단에 따라 이를 각하하기로 하여, 관여 재판관 전원의 일치된 의견으로 주문과 같이 결정한다."
