결정례일련번호,구분,문장번호,내용
150602,전문,1,사 건 2001헌마620 기소유예처분취소
150602,전문,2,청 구 인 한 ○ 희
150602,전문,3,피청구인 서울지방검찰청 서부지청 검사
150602,전문,4,[주 문]
150602,전문,5,이 사건 심판청구를 각하한다.[이 유]
150602,전문,6,1.사건의 개요
150602,전문,7,청구인은 서울지방검찰청서부지청 2000년형제7470호 사건에서 피청구인이 2000.3.16.
150602,전문,8,청구인에 대하여 한 기소유예처분의 취소를 구하는 이 사건 헌법소원심판을 청구하고 있다.
150602,전문,9,2.판 단
150602,전문,10,그러나 이미 청구인은 2000.8.17.
150602,전문,11,우리 재판소에 위 기소유예처분의 취소를 구하는 헌법소원심판(2000헌마537)을 청구하였다가 2000.10.25.
150602,전문,12,"기각된 바 있다.헌법재판소는 이미 심판을 거친 동일한 사건에 대하여는 다시 심판할 수 없으며(헌법재판소법 제39조), 또 헌법재판소의 결정에 대하여는 원칙적으로 불복신청이 허용될 수 없다는 것이 확립된 판례이다(헌재 1994.12.29."
150602,전문,13,"92아1, 판례집 6-2, 538, 541 참조)."
150602,전문,14,이 사건 심판청구는 그 실질에 있어서 위 2000헌마537 결정에 대한 불복소원에 불과하다고 할 것이다.
150602,전문,15,3.결 론
150602,전문,16,따라서 청구인의 이 사건 심판청구는 부적법하고 그 흠결을 보정할 수 없는 경우에 해당하므로 헌법재판소법 제72조 제3항 제4호에 따라 이를 각하하기로 하여 주문과 같이 결정한다.
