결정례일련번호,구분,문장번호,내용
132788,전문,1,사      건      2006헌마944    기소유예처분취소
132788,전문,2,청  구  인      주 ○ 선
132788,전문,3,대리인  중원종합법무법인
132788,전문,4,담당 변호사  박○
132788,전문,5,피청구인      청주지방검찰청 충주지청 검사
132788,전문,6,주           문
132788,전문,7,청구인의 심판청구를 기각한다.
132788,전문,8,이           유
132788,전문,9,청주지방검찰청 충주지청 2006년형제1382호 사건에 대하여 피청구인이 2006.5.12.에 한 기소유예 처분은 청구인의 헌법상 보장된 평등권과 행복추구권을 침해한 것이라고 청구인은 주장한다.그러나 이 사건 기록을 살펴보면 피청구인의 위 기소유예 처분에 헌법재판소가 관여할 소론과 같은 헌법위반이 있어 청구인의 기본권이 침해되었다고 볼 수 없다.그렇다면 청구인의 이 사건 심판청구는 이유 없으므로 이를 기각하기로 하여 관여 재판관 전원의 일치된 의견으로 주문과 같이 결정한다.
132788,전문,10,2007.4.26.
132788,전문,11,재 판 장    재 판 관       이   강   국  해외출장으로 서명날인 불능
132788,전문,12,재 판 관
132788,전문,13,주 심 재 판 관       이   공   현
132788,전문,14,재 판 관       조   대   현
132788,전문,15,재 판 관       김   희   옥
132788,전문,16,재 판 관       김   종   대
132788,전문,17,재 판 관       민   형   기
132788,전문,18,재 판 관       이   동   흡
132788,전문,19,재 판 관       목   영   준
132788,전문,20,재 판 관       송   두   환
