결정례일련번호,구분,문장번호,내용
148774,전문,1,사 건 2018헌아403 특정범죄 가중처벌 등에 관한 법률 제5조의4 제6항 위헌확인(재심)청 구 인 나 ○ 찬
148774,전문,2,재심대상결정 헌법재판소 2018.7.25.
148774,전문,3,2018헌마674 결정
148774,전문,4,[주 문]
148774,전문,5,이 사건 심판청구를 각하한다.[이 유]
148774,전문,6,1.사건개요
148774,전문,7,"청구인은 특정범죄가중처벌등에관한법률위반(절도)죄로 기소되어 1심에서 징역 3년 6개월을 선고받았고(서울중앙지방법원 2017고합965), 항소 및 상고도 모두 기각되어(서울고등법원 2018노72, 대법원 2018도7150)위 판결이 확정되었다.청구인은 위 처벌의 근거조항인 ‘특정범죄 가중처벌 등에 관한 법률’ 제5조의4 제6항의 위헌확인을 구하는 헌법소원심판을 청구하였으나, 헌법재판소는 2018.7.25."
148774,전문,8,"청구인은 공소장 부본을 송달받음으로써 기본권침해사유의 발생사실을 알았다 할 것인데 그로부터 90일이 지난 후에 헌법소원심판을 청구하였으므로, 위 심판청구는 청구기간이 도과하여 부적법하다는 이유로 이를 각하하였다(2018헌마674)."
148774,전문,9,이에 청구인은 2018.8.3.
148774,전문,10,위 2018헌마674 결정에 대한 재심을 구하는 이 사건 헌법소원심판을 청구하였다.
148774,전문,11,2.판단
148774,전문,12,"헌법재판소법 제68조 제1항에 의한 헌법소원 중 법령에 대한 헌법소원의 경우 그 헌법소원에 대한 헌법재판소의 결정에 대하여는 재심을 허용하지 아니함으로써 얻을 수 있는 법적 안정성의 이익이 재심을 허용함으로써 얻을 수 있는 구체적 타당성의 이익보다 훨씬 높을 것으로 쉽사리 예상할 수 있으므로, 성질상 재심에 의하여 불복할 수 없다고 보는 것이 상당하다.비록 재심대상결정이 위헌법률심판을 구하는 헌법소원심판의 절차에서 요구되는 적법요건을 갖추지 아니하였음을 이유로 하여 헌법소원심판청구를 각하하는 내용의 것이라고 하더라도 그 결정에 대한 재심의 허용 여부에 관하여 그 결론을 달리하는 것은 아니다(헌재 1992.6.26."
148774,전문,13,90헌아1; 헌재 2006.9.26.
148774,전문,14,2006헌아37 각 참조).
148774,전문,15,따라서 법령에 대한 헌법소원의 결정에 대하여 재심을 청구하고 있는 청구인의 이 사건 심판청구는 부적법하다.
148774,전문,16,3.결론
148774,전문,17,"그렇다면 헌법재판소법 제72조 제3항 제4호에 따라 이 사건 심판청구를 각하하기로 하여, 관여 재판관 전원의 일치된 의견으로 주문과 같이 결정한다."
