결정례일련번호,구분,문장번호,내용
175267,전문,1,사　　　건　2022헌마953 재항고 기각결정 취소
175267,전문,2,청　구　인　이○○
175267,전문,3,대리인 법무법인 우○
175267,전문,4,[주           문]
175267,전문,5,이 사건 심판청구를 각하한다.
175267,전문,6,[이           유]
175267,전문,7,1.사건개요
175267,전문,8,"청구인은 대법원 2022.3.28.자 2020모79 결정이 청구인의 기본권을 침해한다고 주장하면서, 2022.7.1."
175267,전문,9,이 사건 헌법소원심판을 청구하였다.
175267,전문,10,2.판단
175267,전문,11,헌법재판소는 헌재 1997.12.24.
175267,전문,12,"96헌마172등 결정에서 ""헌법재판소법 제68조 제1항 본문의 ‘법원의 재판’에 헌법재판소가 위헌으로 결정한 법령을 적용함으로써 국민의 기본권을 침해한 재판도 포함되는 것으로 해석하는 한도 내에서, 헌법재판소법 제68조 제1항은 헌법에 위반된다.""라고 하여 2011.4.5."
175267,전문,13,법률 제10546호로 개정되기 전 구 헌법재판소법 제68조 제1항에 대하여 한정위헌결정을 선고하였다.헌법재판소는 이후 2011.4.5.
175267,전문,14,법률 제10546호로 개정된 헌법재판소법 제68조 제1항 본문 중 ‘법원의 재판을 제외하고는’ 부분(이하 ‘재판소원금지조항’이라 한다)에 대하여도 같은 취지의 한정위헌결정(헌재 2016.4.28.
175267,전문,15,2016헌마33)을 선고함으로써 그 위헌 부분을 제거하는 한편 그 이후에는 위헌 부분이 제거된 나머지 부분으로 그 내용이 축소된 재판소원금지조항이 합헌이라고 판단하여 왔다(헌재 2016.5.26.
175267,전문,16,2015헌마940; 헌재 2018.8.30.
175267,전문,17,2015헌마861등; 헌재 2019.6.28.
175267,전문,18,2018헌마1093; 헌재 2021.3.25.
175267,전문,19,2020헌마271 등 참조).
175267,전문,20,아울러 헌법재판소는 2022.6.30.
175267,전문,21,재판소원금지조항 중 ‘법원의 재판’ 가운데 ‘법률에 대한 위헌결정의 기속력에 반하는 재판’ 부분은 헌법에 위반된다는 결정(헌재 2022.6.30.
175267,전문,22,"2014헌마760등 참조)을 선고함으로써, 그 위헌 부분을 추가적으로 제거하는 한편 그 나머지 부분이 합헌이라고 판단하였다.그런데 청구인이 이 사건 심판청구의 대상으로 삼은 대법원 2022.3.28.자 2020모79 결정은 법원의 재판으로, 헌법소원심판의 대상이 될 수 있는 예외적인 법원의 재판에 해당하지 아니한다."
175267,전문,23,3.결론
175267,전문,24,"이 사건 심판청구는 부적법하므로 헌법재판소법 제72조 제3항 제1호 후단에 따라 이를 각하하기로 하여, 관여 재판관 전원의 일치된 의견으로 주문과 같이 결정한다."
