결정례일련번호,구분,문장번호,내용
140354,전문,1,사      건      2009헌○  재판취소(재심)청  구  인      최 ○ 한
140354,전문,2,재심대상결정      헌법재판소 2009.11.3.
140354,전문,3,2009헌아168 결정
140354,전문,4,주           문
140354,전문,5,청구인의 심판청구를 각하한다.
140354,전문,6,이           유
140354,전문,7,1.사건의 개요
140354,전문,8,청구인은 이 ○ 희 등을 상대로 손해배상금의 지급 등을 청구하였다가 2006.10.13.
140354,전문,9,"기각되자(청주지방법원 충주지원 2006가합128), 위 판결의 취소를 구하는 헌법소원심판을 청구하였으나 2009.8.18."
140354,전문,10,"각하되었고(2009헌마419), 위 헌법재판소의 결정 또는 그 결정에 대한 재심청구 각하 결정에 대하여 거듭 재심을 청구하였으나 각하되었음에도(2009헌아120, 145, 168), 또 다시 위 판결에 사실오인 등의 위법이 있어 청구인의 기본권이 침해되었다며, 2009.11.10."
140354,전문,11,위 2009헌아168 결정에 대한 재심을 구하는 취지의 이 사건 헌법소원심판을 청구하였다.2.판 단
140354,전문,12,"가.재심청구인은 민사소송법 제451조 제1항 각 호의 사유 중 헌법소원심판에 대한 재심의 성질상 허용되는 사유를 재심청구의 이유로 주장하여야 하고, 이에 해당하지 아니하는 사유를 들어 재심을 청구하면 그 심판청구는 부적법하다 할 것인데(헌재 2007.2.22."
140354,전문,13,"2006헌아50, 판례집 19-1, 195, 197 등 참조), 청구인이 주장하고 있는 사유는 헌법재판소법 제40조에 의하여 준용되는 민사소송법 제451조 제1항 각 호의 재심사유 중 어느 것에도 해당하지 아니하므로, 이 사건 심판청구는 부적법하다.나.뿐만 아니라, 청구인은 위와 같이 동일한 사안에 관하여 이미 선고된 헌법재판소의 결정에 대하여 별다른 재심사유도 지적하지 아니한 채 계속적·반복적으로 불복하고 있으므로, 이는 헌법소원심판 청구권의 남용에도 해당한다.3.결 론"
140354,전문,14,"그러므로 이 사건 심판청구를 각하하기로 하여, 관여 재판관 전원의 일치된 의견으로 주문과 같이 결정한다.2009.12.1."
140354,전문,15,재판장    재판관  이○      이○
140354,전문,16,──────
140354,전문,17,재판관  민○        민○
140354,전문,18,──────
140354,전문,19,재판관  목○        목○
140354,전문,20,──────
