결정례일련번호,구분,문장번호,내용
146776,전문,1,사 건 2018헌마373 재판취소
146776,전문,2,청 구 인 나 ○ 준
146776,전문,3,[주 문]
146776,전문,4,이 사건 심판청구를 각하한다.[이 유]
146776,전문,5,청구인은 성폭력범죄의처벌등에관한특례법위반(13세미만미성년자강간) 등으로 기소되어 2017.2.2.
146776,전문,6,"징역 14년 등의 형을 선고받았고(청주지방법원 제천지원 2016고합44), 상소하였으나 모두 기각되었다[대전고등법원(청주)2017노22, 대법원 2017도12236]."
146776,전문,7,청구인은 2018.4.9.
146776,전문,8,"위 판결들이 자신의 기본권을 침해한다고 주장하며 그 취소를 구하는 취지의 이 사건 헌법소원심판을 청구하였다.그런데 청구인은 이미 위 판결들의 취소를 구하는 헌법소원(2017헌마1138)과 청주지방법원 제천지원 2016고합44 판결의 취소를 구하는 헌법소원(2017헌마1211)을 제기하였다가 각하결정을 선고받았으므로, 이 사건 심판청구는 일사부재리 원칙에 위반된다.설령 이 사건 심판청구를 위 각하결정들에 대한 재심을 구하는 취지로 본다고 하더라도, 청구인은 민사소송법 제451조 제1항 각 호의 사유 중 헌법소원심판에 대한 재심의 성질상 허용되는 재심사유에 관하여 어떠한 주장도 하고 있지 아니하다.그렇다면 이 사건 심판청구는 부적법하므로 헌법재판소법 제72조 제3항 제4호 및 제39조에 따라 이를 각하하기로 하여 관여 재판관 전원의 일치된 의견으로 주문과 같이 결정한다."
