결정례일련번호,구분,문장번호,내용
147404,전문,1,사○ 2018헌마575 재판취소
147404,전문,2,청 구 인 박 ○ 정
147404,전문,3,[주 문]
147404,전문,4,이 사건 심판청구를 각하한다.[이 유]
147404,전문,5,1.사건개요
147404,전문,6,"청구인은 최○ ○ 영 외 10인을 허위공문서작성죄 등으로 고소하였으나, 이에 대하여 검사가 불기소처분(2017.11.30."
147404,전문,7,"광주지방검찰청 2017형제36406)하자, 재정신청(광주고등법원 2018초재24)을 거쳐 재항고하였으나 2018.5.15."
147404,전문,8,기각되었다(대법원 2018모919).
147404,전문,9,이에 위 대법원 2018모919 결정의 취소를 구하는 헌법소원심판을 2018.6.4.
147404,전문,10,청구하였다.
147404,전문,11,2.판단
147404,전문,12,"헌법재판소법 제68조 제1항에 의하면 원칙적으로 법원의 재판을 대상으로 하는 헌법소원심판 청구는 허용되지 아니하고, 헌법재판소가 위헌으로 결정한 법령을 적용함으로써 국민의 기본권을 침해한 재판에 대하여만 헌법재판소법 제68조 제1항에 의한 헌법소원심판을 청구할 수 있다(헌재 1997.12.24."
147404,전문,13,96헌마172등 참조).
147404,전문,14,"청구인이 다투는 위 판결은 법원의 재판으로, 헌법소원심판을 청구할 수 있는 예외적인 재판에 해당하지 아니하므로, 이 사건 헌법소원심판청구는 부적법하다."
147404,전문,15,3.결론
147404,전문,16,이 사건 헌법소원심판청구는 부적법하므로 헌법재판소법 제72조 제3항 제1호 후단에 따라 이를 각하한다.
