결정례일련번호,구분,문장번호,내용
150169,전문,1,사 건 2019헌마123 교도소 내 조사수용 위헌확인
150169,전문,2,청 구 인 김 ○ 준
150169,전문,3,피 청 구 인 ○○교도소장
150169,전문,4,[주 문]
150169,전문,5,이 사건 심판청구를 각하한다.[이 유]
150169,전문,6,1.사건개요
150169,전문,7,"청구인은 ○○교도소에 수용 중으로, 2018.3.경 조사수용처분을 받아 청구인의 기본권이 침해되었다고 주장하면서 2019.1.30."
150169,전문,8,이 사건 헌법소원심판을 청구하였다.
150169,전문,9,2.판단
150169,전문,10,공권력의 행사 또는 불행사로 인하여 헌법상 보장된 기본권을 침해받은 자는 다른 법률에 구제절차가 있는 경우에는 그 절차를 모두 거친 후가 아니면 헌법소원심판을 청구할 수 없다(헌법재판소법 제68조 제1항 단서).
150169,전문,11,"그런데 청구인이 받은 조사수용처분은 행정소송법상 항고소송의 대상이 되는 행정처분에 해당하므로, 그에 대한 다툼은 행정심판이나 행정소송에 의하여 구제되어야 한다(행정소송법 제2조 제1항 제1호, 행정심판법 제2조 제1항 제1호)."
150169,전문,12,그러나 청구인이 위와 같은 권리구제절차를 거쳤음을 인정할 아무런 자료가 없으므로 이 사건 심판청구는 보충성을 갖추지 못하여 부적법하다.
150169,전문,13,3.결론
150169,전문,14,"그렇다면 이 사건 심판청구는 부적법하므로 헌법재판소법 제72조 제3항 제1호에 따라 이를 각하하기로 하여, 관여 재판관 전원의 일치된 의견으로 주문과 같이 결정한다."
