결정례일련번호,구분,문장번호,내용
148331,전문,1,사 건 2018헌마737 기본권 침해 위헌확인
148331,전문,2,청 구 인 김 ○ 환
148331,전문,3,[주 문]
148331,전문,4,이 사건 심판청구를 각하한다.[이 유]
148331,전문,5,1.사건의 개요
148331,전문,6,청구인은 주소지 인근 아파트 현장 공사장에서 근로자 등이 청구인의 배우자에게 폭언 등을 한 행위에 대한 단속을 요청하는 취지로 2018.7.17.
148331,전문,7,이 사건 헌법소원심판을 청구하였다.
148331,전문,8,2.판단
148331,전문,9,"헌법재판소법 제68조 제1항은 ‘공권력의 행사 또는 불행사로 인하여 기본권을 침해받은 자’가 헌법소원을 제기할 수 있다고 규정하고 있는바, 여기에서 ‘공권력’이란 입법권ㆍ행정권ㆍ사법권을 행사하는 모든 국가기관ㆍ공공단체 등의 고권적 작용을 말하고(헌재 2001.3.21."
148331,전문,10,"99헌마139등 참조), 그 행사 또는 불행사로 국민의 권리와 의무에 대하여 직접적인 법률효과를 발생시켜 청구인의 법률관계 내지 법적 지위를 불리하게 변화시키는 것이어야 한다(헌재 1998.2.27."
148331,전문,11,97헌가10등 참조).
148331,전문,12,"그런데 청구인이 헌법소원의 대상으로 삼고 있는 것은 공권력의 주체가 아닌 사인에 해당하는 자들의 행위인바, 이는 헌법소원심판의 대상이 되는 공권력의 행사 또는 불행사에 해당하지 아니한다.따라서 이를 대상으로 한 이 사건 심판청구는 부적법하다."
148331,전문,13,3.결론
148331,전문,14,그렇다면 헌법재판소법 제72조 제3항 제4호에 의하여 이 사건 심판청구를 각하한다.
