결정례일련번호,구분,문장번호,내용
182455,전문,1,【당 사 자】
182455,전문,2,사		건	2023헌마523    기본권 침해 위헌확인
182455,전문,3,청	구	인	최○○○
182455,전문,4,결	정	일	2023.4.25.
182455,전문,5,【주 문】
182455,전문,6,이 사건 심판청구를 각하한다.【이 유】
182455,전문,7,"헌법재판소법 제68조 제1항에 의한 헌법소원심판은 헌법상 보장된 기본권을 침해받은 자가 청구할 수 있으므로, 청구인은 기본권을 제한하는 공권력의 행사 또는 불행사와 이로 인한 기본권 침해 가능성에 대하여 구체적으로 명확하게 주장하여야 한다.청구인의 주장 취지는 자신이 형사소송 절차에서 무죄 판결을 받았고 이 판결이 확정되었음에도 형사보상을 받지 못하고 있으므로, 헌법재판소가 관련 기관에 보상절차의 진행 상황을 문의하여 달라는 것인바, 기본권을 제한하는 공권력의 행사 또는 불행사와 이로 인한 기본권 침해 가능성에 대한 구체적인 주장이 없다.가사 청구인의 주장을 헌법재판소에 보상청구를 구하는 취지로 보더라도, 보상청구는 무죄재판을 한 법원에 대하여 하여야 하는바(‘형사보상 및 명예회복에 관한 법률’ 제7조), 이는 헌법재판소의 관장 사항이 아니다(헌법 제111조 제1항)."
182455,전문,8,"그렇다면 이 사건 심판청구는 부적법하므로 헌법재판소법 제72조 제3항 제4호에 따라 이를 각하하기로 하여, 관여 재판관 전원의 일치된 의견으로 주문과 같이 결정한다."
182455,전문,9,"재판장,김○,이○,김○"
