결정례일련번호,구분,문장번호,내용
152264,전문,1,사 건 2019헌마857 분류처우 업무지침 제31조 제4항 위헌확인
152264,전문,2,청 구 인 정○○○
152264,전문,3,[주 문]
152264,전문,4,이 사건 심판청구를 각하한다.[이 유]
152264,전문,5,1.사건개요
152264,전문,6,청구인은 성폭력범죄의처벌등에관한특례법위반(준강간)죄 등으로 징역 3년을 선고받고 ○○교도소에 수용 중이다.청구인은 정기재심사 시기 도래일이 신입심사 기준이 된 최초의 형집행지휘서 접수일로부터 6개월 미만인 때에는 정기재심사를 실시하지 아니하도록 규정한 분류처우 업무지침 제31조 제4항으로 인하여 정기재심사를 받지 못 하였고 경비처우등급이 상향조정되지 못하였다고 주장하면서 2019.8.2.
152264,전문,7,분류처우 업무지침(2017.8.17.
152264,전문,8,법무부예규 제1161호로 개정된 것)제31조 제4항(이하 ‘ 이 사건 지침’이라 한다)의 위헌확인을 구하는 이 사건 헌법소원심판을 청구하였다.
152264,전문,9,2.판단
152264,전문,10,"법령에 대한 헌법소원은 법령시행과 동시에 기본권의 침해를 받게 되는 경우에는 그 법령이 시행된 사실을 안 날로부터 90일 이내에, 법령이 시행된 날로부터 1년 이내에 헌법소원을 청구하여야 하고, 법령이 시행된 뒤에 비로소 그 법령에 해당되는 사유가 발생하여 기본권의 침해를 받게 되는 경우에는 그 사유가 발생하였음을 안 날로부터 90일 이내에, 그 사유가 발생한 날로부터 1년 이내에 헌법소원을 청구하여야 한다(헌재 2003.9.25."
152264,전문,11,2001헌마93등 참조).
152264,전문,12,이 사건 지침은 2017.9.1.
152264,전문,13,"시행되었고, 청구인의 경우 형기의 2분의 1에 도달한 때인 2018.12.26."
152264,전문,14,"최초의 형집행지휘서 접수일인 2018.6.28.로부터 6개월 미만이라는 이유로 정기재심사가 실시되지 않았으므로, 이 때 기본권침해 사유가 발생하였다 할 것이다.살피건대 수형자인 청구인은 적어도 위 2018.12.26."
152264,전문,15,"무렵에는 이 사건 지침으로 인한 기본권침해 사유가 발생한 사실을 알았다 할 것이므로, 그로부터 90일이 훨씬 도과한 2019.8.2."
152264,전문,16,청구된 이 사건 심판청구는 청구기간을 준수하지 못하였다.
152264,전문,17,3.결론
152264,전문,18,"그렇다면 이 사건 심판청구는 부적법하므로 이를 각하하기로 하여, 관여 재판관 전원의 일치된 의견으로 주문과 같이 결정한다."
