결정례일련번호,구분,문장번호,내용
140411,전문,1,사      건      2009헌마253  기소유예처분취소
140411,전문,2,청  구  인      오 ○ 열
140411,전문,3,"대리인 변호사 배○, 서○"
140411,전문,4,피청구인      수원지방검찰청 검사
140411,전문,5,주           문
140411,전문,6,청구인의 심판청구를 기각한다.
140411,전문,7,이           유
140411,전문,8,"청구인은 피청구인의 2009.3.31.자 청구인에 대한 상해 혐의에 관한 기소유예처분(수원지방검찰청 2009년 형제4439호)이 자신의 헌법상 보장된 평등권과 행복추구권을 침해한 것이라고 주장한다.그러나 이 사건 기록을 자세히 살펴보아도 피청구인이 이 사건에 있어서 현저히 정의와 형평에 반하는 수사를 하였거나, 헌법의 해석, 법률의 적용 또는 증거판단에 있어서 기소유예처분의 결정에 영향을 미친 중대한 잘못이 있었다고 보여지지 아니하며, 달리 피청구인의 위 기소유예처분이 헌법재판소가 관여할 정도의 자의적 처분이라고 볼 자료도 없으므로, 이로 말미암아 청구인의 평등권이나 행복추구권을 침해하였다고 볼 수 없다.그렇다면 청구인의 이 사건 심판청구는 이유 없으므로 이를 기각하기로 하여 관여 재판관 전원의 일치된 의견으로 주문과 같이 결정한다."
140411,전문,9,2009.11.26.
140411,전문,10,재판장    재판관  이○        이○
140411,전문,11,───────────────
140411,전문,12,재판관  이○        이○
140411,전문,13,───────────────
140411,전문,14,재판관  조○        조○
140411,전문,15,───────────────
140411,전문,16,재판관  김○        김○
140411,전문,17,───────────────
140411,전문,18,재판관  김○        김○
140411,전문,19,───────────────
140411,전문,20,재판관  이○      이○
140411,전문,21,───────────────
140411,전문,22,재판관  목○        해외출장으로 서명날인 불능
140411,전문,23,───────────────
140411,전문,24,재판장   재판관   이○
140411,전문,25,───────────────
140411,전문,26,재판관  송○        송○
140411,전문,27,───────────────
