결정례일련번호,구분,문장번호,내용
148695,전문,1,사 건 2018헌마814 기본권 침해 위헌확인
148695,전문,2,청 구 인 최 ○ 철
148695,전문,3,[주 문]
148695,전문,4,이 사건 심판청구를 각하한다.[이 유]
148695,전문,5,1.사건개요
148695,전문,6,"가.청구인은 2001.6.29.경 사기미수 등의 혐의로 긴급체포되어 구속된 후, 2001.9.6."
148695,전문,7,"1심에서 징역 1년을 선고받았고(대구지방법원 2001고단4816), 이에 항소하여 2001.11.8."
148695,전문,8,"항소심에서 징역 8월을 선고받았으며(대구지방법원 2001노3210), 상소를 포기하여 위 판결이 확정되었다."
148695,전문,9,"나.청구인은 위 항소심 판결에 대하여 여러 차례 대구지방법원에 재심을 청구하였으나 모두 기각되었고(2003재노2, 2004재노13, 2009재노1, 2014재노2, 2014재노13, 2016재노43, 2017재노53, 2018재노11), 2018.6.20."
148695,전문,10,"다시 재심을 청구하였으나, 2018.7.30."
148695,전문,11,"위 재심청구는 법률상 방식에 위반하거나 재심청구권 소멸 후인 것이 명백하여 부적법하고, 법률상 재심사유가 없다는 이유로 기각되었다(대구지방법원 2018재노16, 이하 ‘이 사건 결정’이라 한다)."
148695,전문,12,다.이에 청구인은 2018.8.7.
148695,전문,13,이 사건 결정이 청구인의 기본권을 침해하였다고 주장하면서 그 취소를 구하는 취지의 이 사건 헌법소원심판을 청구하였다.
148695,전문,14,2.판단
148695,전문,15,"원칙적으로 법원의 재판을 대상으로 하는 헌법소원심판청구는 허용되지 아니하고, 다만 헌법재판소가 위헌으로 결정한 법령을 적용함으로써 국민의 기본권을 침해한 재판에 대하여만 헌법재판소법 제68조 제1항에 의한 헌법소원심판을 청구할 수 있다(헌재 1997.12.24."
148695,전문,16,96헌마172등).
148695,전문,17,"그런데 이 사건 결정은 헌법재판소가 위헌으로 결정한 법령을 적용한 재판이 아니어서 예외적으로 헌법소원심판의 대상이 되는 법원의 재판에 해당하지 아니하므로, 그 취소를 구하는 헌법소원심판청구도 허용될 수 없다.따라서 이 사건 심판청구는 부적법하다."
148695,전문,18,3.결론
148695,전문,19,"그렇다면 헌법재판소법 제72조 제3항 제1호 후단에 따라 이 사건 심판청구를 각하하기로 하여, 관여 재판관 전원의 일치된 의견으로 주문과 같이 결정한다."
