결정례일련번호,구분,문장번호,내용
168903,전문,1,사           건          2021헌마1080    재판취소
168903,전문,2,청    구    인          김○○○
168903,전문,3,[주           문]
168903,전문,4,이 사건 심판청구를 각하한다.[이           유]
168903,전문,5,1.사건개요
168903,전문,6,청구인은 2020.8.13.
168903,전문,7,"광주지방법원에서 증거위조교사죄 등으로 징역 8월을 선고받고(2018고단5322), 이에 항소하였으나 2021.4.28."
168903,전문,8,항소가 기각되었다(광주지방법원 2020노2124).
168903,전문,9,청구인은 이에 불복하여 상고하였으나 2021.7.16.
168903,전문,10,상고가 기각되었다(대법원 2021도6284).
168903,전문,11,청구인은 2021.9.7.
168903,전문,12,위 대법원 2021도6284 결정의 취소를 구하는 이 사건 헌법소원심판을 청구하였다.
168903,전문,13,2.판단
168903,전문,14,"헌법재판소법 제68조 제1항 본문은 ""공권력의 행사 또는 불행사로 인하여 헌법상 보장된 기본권을 침해받은 자는 법원의 재판을 제외하고는 헌법재판소에 헌법소원심판을 청구할 수 있다.""라고 규정하고 있으므로 원칙적으로 법원의 재판을 대상으로 하는 헌법소원심판청구는 허용되지 아니하고, 다만 헌법재판소가 위헌으로 결정한 법령을 적용함으로써 국민의 기본권을 침해한 재판에 대하여만 헌법재판소법 제68조 제1항에 의한 헌법소원심판을 청구할 수 있다(헌재 2016.4.28."
168903,전문,15,2016헌마33 참조).
168903,전문,16,"그런데 청구인이 다투는 대법원 2021도6284 결정은 헌법소원심판의 대상이 될 수 있는 예외적인 법원의 재판에 해당하지 아니하므로, 그 위헌확인을 구하는 헌법소원심판청구는 허용될 수 없다.한편, 청구인은 대법원이 특정 정치인의 형사사건을 처리하기 위하여 청구인 사건의 담당 재판부를 몰래 변경하였다거나, 청구인에게 의도적으로 형의 확정통지를 하지 않았다는 취지로도 주장하나, 이 사건 기록상 그와 같은 사실을 인정할 객관적인 자료가 없다."
168903,전문,17,3.결론
168903,전문,18,"그렇다면 이 사건 심판청구는 부적법하므로 헌법재판소법 제72조 제3항 제1호 후단에 따라 이를 각하하기로 하여, 관여 재판관 전원의 일치된 의견으로 주문과 같이 결정한다."
