결정례일련번호,구분,문장번호,내용
146533,전문,1,[당 사 자]
146533,전문,2,청 구 인 전 ○ 호
146533,전문,3,[주 문]
146533,전문,4,청구인의 심판청구를 각하한다.[이 유]
146533,전문,5,1.심판청구의 요지
146533,전문,6,"청구인의 심판청구 요지는 다음과 같다.즉, 청구인은 1996.7.29."
146533,전문,7,"광주지방법원 순천지원에서 현주건조물방화죄로 징역 2년에 집행유예 3년을 선고받고 그 유예기간중에, 1998.10.27."
146533,전문,8,"수원지방법원에서 폭력행위등처벌에관한법률위반죄 등으로 징역1년(단 판결선고전 구금일수 106일 산입)을 선고받고(같은 법원 98고단 6196), 항소한 결과 1999.2.11."
146533,전문,9,"수원지방법원에서 원심판결이 파기되고 징역 8월(1심 판결선고전 구금일수 산입내용은 동일)을 선고받고(같은 법원 98노3438), 다시 상고한 결과 1999.5.14."
146533,전문,10,"대법원에서 일부는 상고기각, 일부는 파기자판하였으나 결과적으로 항소심과 동일한 형량인 징역8월(1심 판결선고전 구금일수 산입내용은 동일)을 선고받아 확정되었다(대법원 99도987)."
146533,전문,11,그런데 청구인은 1998.7.13.
146533,전문,12,구속되었으므로 위 대법원 판결선고전인 1999.3.12.
146533,전문,13,위 8월의 형기가 만료되었다고 하여 1999.3.13.
146533,전문,14,구속취소신청을 하였으나 대법원은 이를 기각하는 결정을 하였다.이에 청구인은 1999.3.13.부터 1999.5.14.
146533,전문,15,까지의 불법구속에 의하여 신체의 자유 등 기본권이 침해되었다고 하여 이 사건 헌법소원 심판청구를 하였다.
146533,전문,16,2.판단
146533,전문,17,"청구인의 심판청구의 적법성 여부에 관하여 살펴본다.헌법재판소의 위헌결정으로 효력을 상실한 법률조항을 적용한 예외적인 경우를 제외하고, 법원의 재판은 헌법소원의 대상이 되지 아니하는 것인데(헌법재판소법 제68조 제1항) 청구인이 이 사건 헌법소원심판청구는 결국 청구인의 구속취소신청에 대한 대법원의 위 기각결정에 대하여 다투는 것이라고 할 것인 바, 이는 법원의 재판을 그 심판의 대상으로 하는 것"
146533,전문,18,으로서 부적법한 것이다(헌재1992.1.16.91헌마232 판례집4.1 ; 헌재 1997.12.24.
146533,전문,19,96헌마172 등 판례집9-2.842 ; 헌재 1998.4.30.
146533,전문,20,92헌마239 판례집 10-1.435 등 참조).
146533,전문,21,3.결론
146533,전문,22,그렇다면 청구인의 이 사건 헌법소원은 부적법하므로 헌법재판소법 제72조 제3항 제1호에 따라 이를 각하하기로 하여 관여재판관 전원의 일치된 의견으로 주문과 같이 결정한다.
