결정례일련번호,구분,문장번호,내용
149992,전문,1,사 건 2019헌마27 수용거실 내 온수사용설비 미설치 위헌확인
149992,전문,2,청 구 인 김 ○ 식
149992,전문,3,피 청 구 인 ○○구치소장
149992,전문,4,[주 문]
149992,전문,5,이 사건 심판청구를 각하한다.[이 유]
149992,전문,6,1.사건개요
149992,전문,7,청구인은 2017.11.14.
149992,전문,8,□□구치소에서 ○○구치소로 이송되어 현재까지 ○○구치소에 수용 중이다.청구인은 ○○구치소의 수용거실 내에 온수사용설비를 설치하지 아니한 부작위로 인하여 청구인의 기본권이 침해되고 있다고 주장하면서 2019.1.8.
149992,전문,9,위 행정부작위의 위헌확인을 구하는 이 사건 헌법소원심판을 청구하였다.
149992,전문,10,2.판단
149992,전문,11,"공권력의 불행사에 대한 헌법소원은 공권력의 주체에게 헌법에서 유래하는 작위의무가 특별히 구체적으로 규정되어 이에 의거하여 기본권의 주체가 행정행위 내지 공권력의 행사를 청구할 수 있음에도 공권력의 주체가 그 의무를 해태하는 경우에만 허용된다.여기에서 “공권력의 주체에게 헌법에서 유래하는 작위의무가 특별히 구체적으로 규정”되어 있다고 함은, 첫째, 헌법상 명문으로 공권력 주체의 작위의무가 규정되어 있는 경우, 둘째, 헌법의 해석상 공권력 주체의 작위의무가 도출되는 경우, 셋째, 공권력 주체의 작위의무가 법령에 구체적으로 규정되어 있는 경우 등을 말한다(헌재 2011.8.30."
149992,전문,12,2006헌마788 참조).
149992,전문,13,"그런데 구치소의 수용거실 내에 온수사용설비를 설치할 작위의무는 헌법 명문상 규정되어 있지 않을 뿐만 아니라, 헌법 해석상으로도 그러한 구체적인 작위의무가 발생한다고 보기 어렵다.또한 형의 집행 및 수용자의 처우에 관한 법률 제33조 제1항은 ‘소장은 수용자가 건강유지에 필요한 목욕을 정기적으로 할 수 있도록 하여야 한다’고 규정하고 있을 뿐 더 나아가 수용거실 내 온수사용설비를 설치할 작위의무가 구체적으로 규정되어 있다고 보기 어렵다.따라서 구치소의 장 등이 수용시설 내에 온수사용설비를 설치하지 아니한 부작위는 헌법소원의 대상이 되는 공권력의 불행사에 해당하지 아니한다."
149992,전문,14,3.결론
149992,전문,15,"그렇다면 이 사건 심판청구는 부적법하므로 이를 각하하기로 하여, 관여 재판관 전원의 일치된 의견으로 주문과 같이 결정한다."
