결정례일련번호,구분,문장번호,내용
147758,전문,1,사○ 2018헌마670 재판취소
147758,전문,2,청 구 인 박 ○ 정
147758,전문,3,피 청 구 인 광주지방검찰청 검사
147758,전문,4,[주 문]
147758,전문,5,이 사건 심판청구를 모두 각하한다.[이 유]
147758,전문,6,1.사건개요
147758,전문,7,피청구인은 2017.10.31.
147758,전문,8,"청구인이 제기한 직권남용권리행사방해 등 고소사건에서 각하의 불기소처분을 하였다(광주지방검찰청 2017년 형제47332호 및 47334호, 다음부터 ‘이 사건 불기소처분’이라 한다)."
147758,전문,9,청구인은 재정신청을 하였으나 2018.4.13.
147758,전문,10,"기각되었고(광주고등법원 2018초재74), 2018.6.15."
147758,전문,11,"위 재정신청기각결정에 대한 재항고도 기각되었다(대법원 2018모1252, 다음부터 위 결정들을 합하여 ‘이 사건 결정’이라 한다)."
147758,전문,12,청구인은 2018.7.2.
147758,전문,13,이 사건 불기소처분과 이 사건 결정이 부당하다고 주장하면서 그 취소를 구하는 취지의 이 사건 헌법소원심판을 청구하였다.
147758,전문,14,2.판단
147758,전문,15,검사의 불기소처분에 불복하여 재정신청 절차를 거침으로써 그 불기소처분에 대해 이미 법원의 재판을 받은 경우에는 법원의 재판이 취소되지 않는 이상 그 불기소처분은 원칙적으로 헌법소원심판의 대상이 되지 않는다(헌재 2008.4.29.
147758,전문,16,2008헌마313).
147758,전문,17,"이 사건 불기소처분은 재정신청 절차를 거쳤으므로, 이를 대상으로 한 헌법소원심판청구는 부적법하다.헌법재판소법 제68조 제1항 본문에 의하면 원칙적으로 법원의 재판을 대상으로 하는 헌법소원심판청구는 허용되지 아니하고, 다만 헌법재판소가 위헌으로 결정한 법령을 적용함으로써 국민의 기본권을 침해한 재판에 대하여만 헌법재판소법 제68조 제1항에 의한 헌법소원심판을 청구할 수 있다(헌재 2016.4.28."
147758,전문,18,2016헌마33).
147758,전문,19,"이 사건 결정은 헌법소원심판을 청구할 수 있는 예외적인 재판에 해당하지 아니하므로, 이를 대상으로 한 헌법소원심판청구는 부적법하다."
147758,전문,20,3.결론
147758,전문,21,"이 사건 심판청구는 모두 부적법하므로 헌법재판소법 제72조 제3항 제1호 후문, 제4호에 따라 이를 각하하기로 하여 관여 재판관 전원의 일치된 의견으로 주문과 같이 결정한다."
