결정례일련번호,구분,문장번호,내용
177265,전문,1,사　　　건　2022헌마407 형법 제35조 제1항 위헌확인
177265,전문,2,청　구　인　1.배○○○
177265,전문,3,2.최○○○
177265,전문,4,[주           문]
177265,전문,5,이 사건 심판청구를 모두 각하한다.
177265,전문,6,[이           유]
177265,전문,7,"법률 또는 법률조항 자체가 헌법소원의 대상이 될 수 있으려면 그 법률 또는 법률조항에 의하여 구체적인 집행행위를 기다리지 아니하고 직접, 현재, 자기의 기본권을 침해받아야 하는 것을 요건으로 하고, 여기서 말하는 ‘기본권 침해의 직접성’이란 집행행위에 의하지 아니하고 법률 그 자체에 의하여 자유의 제한, 의무의 부과, 권리 또는 법적 지위의 박탈이 생긴 경우를 뜻하므로, 구체적인 집행행위를 통하여 비로소 당해 법률 또는 법률조항에 의한 기본권 침해의 법률효과가 발생하는 경우에는 직접성의 요건이 결여된다(헌재 1992.11.12."
177265,전문,8,91헌마192 참조).
177265,전문,9,"그런데 청구인들이 이 사건 심판청구에서 다투는 형법 제35조 제1항은 형사재판에 적용되는 재판규범으로서 그 자체로 청구인들의 기본권에 직접 영향을 주는 것이 아니라 재판에 적용됨으로써 비로소 청구인들의 법적 지위에 영향을 미치게 되므로, 위 규정에 대한 기본권 침해의 직접성을 인정할 수 없다(헌재 2014.3.27."
177265,전문,10,2013헌마189 참조).
177265,전문,11,"그렇다면 이 사건 심판청구는 부적법하므로 이를 모두 각하하기로 하여, 관여 재판관 전원의 일치된 의견으로 주문과 같이 결정한다."
