결정례일련번호,구분,문장번호,내용
149090,전문,1,사 건 2018헌마978 기본권 침해 위헌확인
149090,전문,2,청 구 인 이 ○ 주
149090,전문,3,[주 문]
149090,전문,4,이 사건 심판청구를 각하한다.[이 유]
149090,전문,5,1.사건개요
149090,전문,6,청구인은 2018.9.23.
149090,전문,7,"경찰 등의 불법적인 주체가 청구인의 사고과정을 청구인의 동의 없이 공중에 방송하고 있어 표현의 자유, 명예권, 평등권 등을 침해당하였다고 주장하면서, 이러한 방송행위를 즉각 중단할 것, 방송을 한 주체를 처벌할 것, 청구인에게 정신적 손해배상을 해줄 것, 개인의 기본권 침해가 재발하지 않도록 국가가 최선을 다하고 있음을 확인해줄 것 등을 요청하는 내용의 이 사건 헌법소원심판을 청구하였다."
149090,전문,8,2.판단
149090,전문,9,"헌법재판소법 제68조 제1항에 의한 헌법소원의 청구인은 자신의 기본권에 대한 공권력 주체의 침해 행위가 위헌적임을 구체적이고 명확하게 주장하여야 하고, 그와 같이 기본권 침해의 가능성을 확인할 수 있을 정도로 구체적인 주장을 하지 아니하고 막연하고 모호한 주장만을 하는 경우 그 헌법소원은 부적법하다(헌재 2005.2.3."
149090,전문,10,2003헌마544등 참조).
149090,전문,11,"청구인은 자신의 기본권 침해 가능성을 확인할 수 있을 정도로 구체적인 주장을 하지 않은 채 막연하고 모호한 주장만 할 뿐이므로, 이 사건 심판청구는 부적법하다."
149090,전문,12,3.결론
149090,전문,13,그렇다면 이 사건 심판청구를 각하하기로 하여 관여 재판관 전원의 일치된 의견으로 주문과 같이 결정한다.
