결정례일련번호,구분,문장번호,내용
151962,전문,1,사○ 2019헌마802 경찰관 구두 반려행위 등 위헌확인
151962,전문,2,청 구 인 이○○○
151962,전문,3,[주 문]
151962,전문,4,이 사건 심판청구를 각하한다.[이 유]
151962,전문,5,1.사건개요
151962,전문,6,청구인은 2019.7.16.
151962,전문,7,국민신문고 웹페이지를 통하여 ‘대법원 행정관을 공전자기록위작 혐의로 고발한다.’는 내용의 민원을 제출하였다.서울서초경찰서는 2019.7.23.
151962,전문,8,"위 민원을 소속 경찰관 서○○○○에게 배당하였다는 내용의 회신을 하였다.청구인은, 위 서○○○○가 다른 경찰관에게 사건을 재배당하고 2019.7.24."
151962,전문,9,"자신에게 전화를 걸어 청구인의 민원을 구두로 반려하였다고 주장하면서, 2019.7.24."
151962,전문,10,이 사건 헌법소원심판을 청구하였다.
151962,전문,11,2.판단
151962,전문,12,"청구인 주장과 관련하여, 기록상 경찰관이 청구인의 사건을 다른 경찰관에게 재배당하였다거나 청구인에게 전화를 걸어 국민신문고에 제출한 청구인의 민원 처리를 거부하였음을 인정할 만한 자료가 없다.설령 경찰관이 청구인에게 사건을 재배당하거나 위 민원과 관련하여 일정한 의견을 제시하였다고 하더라도, 헌법재판소법 제68조 제1항에 의한 헌법소원심판의 대상이 되는 공권력행사 또는 불행사는 국민의 권리와 의무에 대하여 직접적인 법률효과를 발생시켜야 하고 청구인의 법적지위를 불리하게 변화시키는 것이어야 하는바(헌재 1994.8.31."
151962,전문,13,"92헌마174 참조), 청구인은 수사기관에 고발장을 제출하는 등의 방법으로 위 민원의 목적을 충분히 달성할 수 있으므로, 경찰관의 단순한 사건 재배당이나 의견 제시가 청구인의 법적지위를 불리하게 변화시킨다고 할 수 없다(헌재 2019.7.9."
151962,전문,14,2019헌마658 참조).
151962,전문,15,따라서 이 사건 심판청구는 헌법소원심판의 대상이 되는 공권력행사가 있었음을 인정할 수 없어 부적법하다.
151962,전문,16,3.결론
151962,전문,17,"그렇다면 이 사건 심판청구는 부적법하므로 헌법재판소법 제72조 제3항 제4호에 따라 이를 각하하기로 하여, 관여 재판관 전원의 일치된 의견으로 주문과 같이 결정한다."
