결정례일련번호,구분,문장번호,내용
147510,전문,1,사 건 2018헌마616 마약사범 가석방 심사대상 제외 위헌확인
147510,전문,2,청 구 인 박 ○ 범
147510,전문,3,[주 문]
147510,전문,4,이 사건 심판청구를 각하한다.[이 유]
147510,전문,5,1.사건개요
147510,전문,6,"청구인은 ○○교도소에 수용 중인 사람으로서, 마약류사범을 가석방 대상에서 제외하는 것이 청구인의 평등권을 침해한다고 주장하며, 2018.6.15."
147510,전문,7,이 사건 헌법소원심판을 청구하였다.
147510,전문,8,2.판단
147510,전문,9,"헌법재판소법 제68조 제1항은 공권력의 행사 또는 불행사로 인하여 기본권을 침해받은 자가 헌법소원을 제기할 수 있다고 규정하고 있는바, 여기에서 ‘공권력’이란 입법권ㆍ행정권ㆍ사법권을 행사하는 모든 국가기관ㆍ공공단체 등의 고권적 작용을 말하고, 그 행사 또는 불행사로 국민의 권리와 의무에 대하여 직접적인 법률효과를 발생시켜 청구인의 법률관계 내지 법적 지위를 불리하게 변화시키는 것이어야 한다(헌재 2012.3.29."
147510,전문,10,2010헌마599).
147510,전문,11,"그런데 가석방은 수형자의 개별적인 요청이나 희망에 따라 행하여지는 것이 아니라 교정기관의 교정정책 혹은 형사정책적 판단에 따라 이루어지는 재량적 조치이므로, 수형자는 교정당국의 가석방이라는 구체적인 행정처분이 있을 때 비로소 형기만료 전 석방이라는 사실상의 이익을 얻게 될 뿐이고, 수형자에게 가석방이나 가석방 적격심사를 신청할 주관적 권리가 있는 것은 아니다(헌재 2010.12.28."
147510,전문,12,2009헌마70 참조).
147510,전문,13,"따라서 청구인이 주장하는 바와 같이 청구인과 같은 마약류사범이 가석방 대상에서 제외된다 하더라도, 그로 인하여 청구인의 현재의 법률관계가 불리하게 변경되거나 청구인에 대한 구체적이고 직접적인 법적 지위가 불리하게 변경되는 것이라고 할 수 없으므로, 이 사건 심판대상은 헌법소원심판의 대상이 되는 공권력의 행사에 해당한다고 볼 수 없다."
147510,전문,14,3.결론
147510,전문,15,"그렇다면 이 사건 심판청구는 부적법하므로 헌법재판소법 제72조 제3항 제4호에 따라 이를 각하하기로 하여, 관여 재판관 전원의 일치된 의견으로 주문과 같이 결정한다."
