결정례일련번호,구분,문장번호,내용
150089,전문,1,사○ 2019헌마58 재판취소
150089,전문,2,청 구 인 양 ○ 성
150089,전문,3,[주 문]
150089,전문,4,이 사건 심판청구를 각하한다.[이 유]
150089,전문,5,1.사건개요
150089,전문,6,가.청구인은 ‘청구인이 2017.4.30.부터 5.1.사이에 데스크톱 컴퓨터 하드 2대 등을 절취하였다’는 범죄사실로 기소되어 2017.11.27.
150089,전문,7,"징역 2년 6월을 선고받았고(의정부지방법원 2017고합261), 2018.5.16."
150089,전문,8,"항소가 기각되고(서울고등법원 2017노3769), 2018.7.13."
150089,전문,9,상고가 기각됨으로써(대법원 2018도7939)위 판결이 확정되었다.
150089,전문,10,나.청구인은 ‘청구인이 2017.5.5.
150089,전문,11,"기타, 노트북 등을 절취하였다’는 범죄사실로 기소되어 2018.6.19."
150089,전문,12,"징역 10월을 선고받았고(서울중앙지방법원 2018고단602), 항소심에서 2018.10.11."
150089,전문,13,"법령위반을 이유로 원심이 파기되고 다시 징역 10월을 선고받았으며(서울중앙지방법원 2018노1885), 2018.12.11."
150089,전문,14,상고가 기각됨으로써(대법원 2018도17393)위 판결이 확정되었다.
150089,전문,15,다.청구인은 포괄일죄에 해당하는 범죄를 별도의 사건으로 재판한 의정부지방법원 2017고합261 판결 및 서울중앙지방법원 2018고단602 판결이 각 위헌이라고 주장하면서 2019.1.16.
150089,전문,16,위 각 판결의 위헌 확인을 구하는 이 사건 헌법소원심판을 청구하였다.
150089,전문,17,2.판단
150089,전문,18,"헌법재판소법 제68조 제1항 본문은 ‘공권력의 행사 또는 불행사로 인하여 헌법상 보장된 기본권을 침해받은 자는 법원의 재판을 제외하고는 헌법재판소에 헌법소원심판을 청구할 수 있다’고 규정하고 있으므로 원칙적으로 법원의 재판을 대상으로 하는 헌법소원심판청구는 허용되지 아니하고, 다만 헌법재판소가 위헌으로 결정한 법령을 적용함으로써 국민의 기본권을 침해한 재판에 대하여만 헌법재판소법 제68조 제1항에 의한 헌법소원심판을 청구할 수 있다.그런데 청구인이 다투는 판결들은 헌법소원심판의 대상이 될 수 있는 예외적인 법원의 재판에 해당하지 아니하므로 그 취소를 구하는 이 사건 심판청구는 부적법하다.3.결론"
150089,전문,19,"그렇다면 헌법재판소법 제72조 제3항 제1호 후단에 따라 이 사건 심판청구를 각하하기로 하여, 관여 재판관 전원의 일치된 의견으로 주문과 같이 결정한다."
