결정례일련번호,구분,문장번호,내용
12731,전문,1,사      건      2009헌마728  진정사건 종결처분 취소
12731,전문,2,청  구  인      안 ○ 팔
12731,전문,3,피청구인      창원지방검찰청 검사
12731,전문,4,주           문
12731,전문,5,이 사건 심판청구를 각하한다.
12731,전문,6,이           유
12731,전문,7,"청구인은 전처와 혼인하여 생활하던 중 전처의 유책사유로 이혼에까지 이른 것과 관련하여 전처를 간통죄 등으로 고소한 후, 전처를 상대로 거짓말 탐지기 조사를 하여 달라는 취지의 진정을 하였으나, 피청구인은 2009.11.26."
12731,전문,8,진정종결처분을 하였다(창원지방검찰청 2009 진정 제759호).
12731,전문,9,이에 청구인은 2009.12.15.
12731,전문,10,위 진정종결처분의 취소를 구하는 이 사건 심판청구를 하였다.살피건대 진정은 그 자체가 법률의 규정에 따른 법률상의 권리행사로 인정되는 것이 아니고 이를 기초로 하여 수사소추기관의 적의 처리를 요망하는 의사표시에 지나지 않는다.따라서 진정에 따라 이루어진 진정사건의 종결처리는 구속력이 없는 진정사건에 대한 수사기관의 내부적 사건처리방식에 지나지 않아 진정인의 권리행사에 아무런 영향을 미치지 않으므로 헌법소원의 대상이 되는 공권력의 행사라고 할 수 없다.그렇다면 이 사건 심판청구는 부적법하므로 헌법재판소법 제72조 제3항 제4호에 따라 이를 각하하기로 하여 관여 재판관 전원의 일치된 의견으로 주문과 같이 결정한다.
12731,전문,11,2010.1.5.
