결정례일련번호,구분,문장번호,내용
147084,전문,1,사 건 2018헌마403 입법부작위 위헌확인
147084,전문,2,청 구 인 김 ○ 일
147084,전문,3,[주 문]
147084,전문,4,이 사건 심판청구를 각하한다.[이 유]
147084,전문,5,1.사건개요
147084,전문,6,가.청구인은 2018.4.12.경 ○○교도소징벌위원회로부터 ‘2018.4.1.
147084,전문,7,"미결 1수용동 하층 11실에서 ○○번 허 ○ 천을 폭행하고, 같은 달 7.위 허 ○ 천에게 욕설하고 평온한 수용생활을 방해한 혐의’로 2018.4.13."
147084,전문,8,10:30 ○○교도소 징벌위원회 회의실에 출석할 것을 통지받았다.
147084,전문,9,나.청구인은 ‘교도소 수용자의 거실을 지정할 때 영치금을 보유한 수용자와 이를 보유하지 않은 수용자를 분리하여 수용하도록 하는 법률을 국회가 제정하지 않은 부작위’가 청구인의 기본권을 침해한다고 주장하며 2018.4.18.
147084,전문,10,이 사건 헌법소원심판을 청구하였다.
147084,전문,11,2.판단
147084,전문,12,청구인이 주장하는 ‘교도소 수용자의 거실을 지정할 때 영치금을 보유한 수용자와 이를 보유하지 않은 수용자를 분리하여 수용하도록 하는 법률을 국회가 제정하지 않은 부작위’는 진정입법부작위에 해당한다.진정입법부작위에 대한 헌법소원은 헌법에서 기본권 보장을 위하여 법령에 명시적인 입법위임을 하였음에도 입법자가 이를 이행하지 않거나 헌법해석상 특정인에게 구체적인 기본권이 생겨 이를 보장하기 위한 국가의 행위의무 또는 보호의무가 발생하였음이 명백함에도 입법자가 아무런 입법조치를 취하지 않은 경우에 허용된다(헌재 1989.3.17.
147084,전문,13,88헌마1 참조).
147084,전문,14,헌법 어느 규정도 청구인 주장과 같은 법률을 제정하여야 한다는 것을 명시적으로 위임하지 않았다.청구인 주장과 같은 입법을 할 것인지 여부는 국회의 재량에 속하므로 헌법해석상 그러한 입법의무가 명백히 발생하였다고 볼 수도 없다.이 사건 심판청구는 진정입법부작위에 대한 헌법소원심판을 청구할 수 있는 경우에 해당하지 않는다.
147084,전문,15,4.결론
147084,전문,16,이 사건 심판청구는 부적법하므로 헌법재판소법 제72조 제3항 제4호에 따라 이를 각하하기로 하여 관여 재판관 전원의 일치된 의견으로 주문과 같이 결정한다.
