결정례일련번호,구분,문장번호,내용
146564,전문,1,사 건 2018헌마233 기본권 침해 위헌확인
146564,전문,2,청 구 인 주 ○ 숙
146564,전문,3,[주 문]
146564,전문,4,이 사건 심판청구를 각하한다.[이 유]
146564,전문,5,1.사건개요
146564,전문,6,청구인은 2013.11.19.
146564,전문,7,"15:00경 경찰관이 청구인을 강제로 연행하여 정신의료기관에 입원시키고 그 과정에서 청구인에게 상해를 입힌 행위에 대해 전ㆍ현직 대통령 등에 대한 수사와 재판을 구하며, 2018.3.2."
146564,전문,8,이 사건 헌법소원심판을 청구하였다.
146564,전문,9,2.판단
146564,전문,10,"청구인은 이전에도 수차례 이 사건 심판청구와 동일한 취지의 주장을 하며 헌법소원심판을 청구하였으나, 구체적인 주장을 하고 있지 않다거나 이미 각하결정을 받은 동일한 사건에 대하여 보완하지 않은 채로 동일한 내용의 심판청구를 한 것에 해당한다는 이유로 각하결정(헌재 2017.8.16."
146564,전문,11,2017헌마837; 헌재 2017.9.12.
146564,전문,12,2017헌마965; 헌재 2017.10.19.
146564,전문,13,2017헌마1093; 2017.11.27.
146564,전문,14,"2017헌마1232)을 받았다.이는 불복신청이 허용되지 않는 헌법재판소의 결정에 대해 적법한 재심사유를 지적하지 아니한 채 계속적ㆍ반복적으로 불복하고 있는 것으로서, 헌법소원심판 청구권의 남용에 해당한다."
146564,전문,15,3.결론
146564,전문,16,"그렇다면 이 사건 심판청구는 부적법하므로 헌법재판소법 제72조 제3항 제4호에 따라 이 사건 심판청구를 각하하기로 하여, 관여 재판관 전원의 일치된 의견으로 주문과 같이 결정한다."
