결정례일련번호,구분,문장번호,내용
146886,전문,1,사 건 2018헌마364 형의 집행 및 수용자의 처우에 관한 법률 제 108조 제5호 등 위헌확인
146886,전문,2,청 구 인 백 ○ 일
146886,전문,3,[주 문]
146886,전문,4,이 사건 심판청구를 각하한다.[이 유]
146886,전문,5,1.사건개요
146886,전문,6,"청구인은 ○○교도소에 수용 중인 사람으로, 입실거부 등의 사유로 2018.3.8.부터 수차례에 걸쳐 금치의 징벌처분을 받았다.이에 청구인은 금치기간 중 신문열람, 집필, 서신 수수, 접견에 대한 제한을 함께 부과하게 한 ‘형의 집행 및 수용자의 처우에 관한 법률’(이하 ‘형집행법’이라 한다)제112조 제3항 본문 중 제108조 제5호, 제10호, 제11호, 제12호 부분이 자신의 기본권을 침해한다고 주장하며 2018.4.6."
146886,전문,7,이 사건 헌법소원심판을 청구하였다.
146886,전문,8,2.판단
146886,전문,9,헌법소원은 청구인의 침해된 기본권의 구제를 목적으로 하는 제도이므로 이 제도의 목적상 침해된 권리의 보호이익이 없는 경우에는 그 헌법소원은 원칙적으로 부적법하다(헌재 2006.1.26.
146886,전문,10,2003헌마743 참조).
146886,전문,11,"이 사건 기록에 의하면 청구인은 2018.3.8.부터 4차례에 걸쳐 징벌처분을 받았는바, 최근에는 2018.4.12."
146886,전문,12,금치 13일의 징벌처분을 받고 2018.4.18.
146886,전문,13,"징벌기간이 지남으로써(조사기간 6일 산입)2018.4.12.자 징벌처분에 따른 각종 처우제한도 이미 해제되었음이 인정된다.따라서 청구인이 이 사건에서 주장하는 기본권 침해상황은 이미 종료하였으므로 그에 관하여 위헌확인을 구할 주관적 권리보호이익이 인정되지 아니한다.또한, 헌법재판소는 형집행법 제112조 제3항 중 제108조 제5호(신문열람 제한), 제10호(집필 제한), 제11호(서신 수수 제한), 제12호(접견 제한)에 관한 부분이 수용자의 헌법상 기본권을 침해하지 않는다고 여러 차례 판단하였으므로(헌재 2014.8.28."
146886,전문,14,2012헌마623; 헌재 2016.4.28.
146886,전문,15,"2012헌마549등 참조), 이에 대해 헌법적으로 달리 해명할 필요성이 있다고 볼 수도 없다.결국 청구인의 이 사건 심판청구는 주관적 권리보호이익 및 심판의 이익이 인정되지 아니한다(헌재 2017.8.30."
146886,전문,16,2017헌마870 참조).
146886,전문,17,3.결론
146886,전문,18,그렇다면 이 사건 심판청구는 부적법하므로 이를 각하하기로 하여 관여 재판관 전원의 일치된 의견으로 주문과 같이 결정한다.
