결정례일련번호,구분,문장번호,내용
11883,전문,1,헌법재판소
11883,전문,2,결정2007헌마955
11883,전문,3,헌   법   재   판   소
11883,전문,4,결         정
11883,전문,5,사      건      2007헌마955  기소유예처분취소
11883,전문,6,청  구  인      김 ○ 희
11883,전문,7,"대리인 변호사 유○, 백○, 김○"
11883,전문,8,피청구인      서울중앙지방검찰청 검사
11883,전문,9,주           문
11883,전문,10,청구인의 심판청구를 기각한다.
11883,전문,11,이           유
11883,전문,12,"청구인은 서울중앙지방검찰청 2007형제21521호 사건에 대하여 피청구인이 2007.5.18.에 한 청구인에 대한 기소유예처분은 청구인의 헌법상 보장된 평등권과 행복추구권을 침해한 것이라고 주장하면서 위 기소유예처분의 취소를 구하는 이 사건 헌법소원심판을 청구하였다.그러나 이 사건 기록을 살펴보면 피청구인이 위 사건에 관하여 현저히 정의와 형평에 반하는 수사를 하였거나, 헌법의 해석, 법률의 적용 또는 증거판단에 있어서 기소유예처분의 결정에 영향을 미친 중대한 잘못이 있었다고 보이지 아니하고, 달리 피청구인의 위 기소유예처분이 헌법재판소가 관여할 정도의 자의적인 처분이라고 볼 자료도 없으므로 이로 말미암아 청구인 주장의 기본권이 침해되었다고 볼 수 없다.그렇다면 이 사건 심판청구는 이유 없으므로 이를 기각하기로 하여 관여 재판관 전원의 일치된 의견으로 주문과 같이 결정한다."
11883,전문,13,2008.5.29.
