결정례일련번호,구분,문장번호,내용
137792,전문,1,사      건      2008헌마634  기소유예처분취소
137792,전문,2,청  구  인      별지목록과 같음
137792,전문,3,대리인 변호사 현○
137792,전문,4,피청구인     서울중앙지방검찰청 검사
137792,전문,5,주           문
137792,전문,6,이 사건 심판청구를 기각한다.
137792,전문,7,이           유
137792,전문,8,"청구인들은 서울중앙지방검찰청 2007년 형제130455호 사건[죄명 특정경제범죄가중처벌등에관한법률위반(보고의무)]에서 피청구인이 2008.7.31.에 한 기소유예의 불기소처분은 청구인들의 헌법상 보장된 평등권 등을 침해한 것이라고 주장한다.그러나 기록을 자세히 살펴보아도, 피청구인이 위 사건에 관하여 현저히 정의와 형평에 반하는 수사를 하였거나, 헌법의 해석, 법률의 적용 또는 증거판단에 있어서 불기소처분의 결정에 영향을 미친 중대한 잘못이 있었다고 보이지 아니하며,  달리 피청구인의 위 불기소처분이 헌법재판소가 관여할 정도의 자의적인 처분을 함으로써 이로 말미암아 청구인들 주장의 기본권을 침해하였다고 볼 자료가 없다.그렇다면 청구인들의 이 사건 심판청구는 이유 없으므로 이를 기각하기로 하여  관여 재판관 전원의 일치된 의견으로 주문과 같이 결정한다."
137792,전문,9,2009.7.30.
137792,전문,10,재판장    재판관  이○        이○
137792,전문,11,─────
137792,전문,12,재판관  이○      이○
137792,전문,13,─────
137792,전문,14,재판관  조○        조○
137792,전문,15,─────
137792,전문,16,재판관  김○      김○
137792,전문,17,─────
137792,전문,18,재판관  김○      김○
137792,전문,19,─────
137792,전문,20,재판관  민○      민○
137792,전문,21,─────
137792,전문,22,재판관  이○      이○
137792,전문,23,─────
137792,전문,24,재판관  목○        목○
137792,전문,25,─────
137792,전문,26,재판관  송○        송○
137792,전문,27,─────
137792,전문,28,[별지]
137792,전문,29,청구인 목록
137792,전문,30,1.강 ○ 석
137792,전문,31,2.김 ○ 기
137792,전문,32,3.최 ○ 문
137792,전문,33,4.김 ○ 영
137792,전문,34,5.하 ○ 운
137792,전문,35,6.황 ○ 균
137792,전문,36,7.홍 ○ 혁
