결정례일련번호,구분,문장번호,내용
147276,전문,1,사 건 2018헌마265 형사소송법 제308조 위헌확인
147276,전문,2,청 구 인 고 ○ 진
147276,전문,3,[주 문]
147276,전문,4,이 사건 심판청구를 각하한다.[이 유]
147276,전문,5,1.사건개요
147276,전문,6,청구인은 2016.10.7.
147276,전문,7,제1심에서 사기죄로 징역 3년의 형을 선고받고(창원지방법원2016고단918)이후에 항소와 상고를 하였으나 모두 기각되었다(창원지방법원 2016노2743; 대법원 2017도2853).
147276,전문,8,"이에 청구인은 자유심증주의를 규정한 형사소송법 제308조가 자신의 기본권을 침해한다고 주장하며, 2018.3.13."
147276,전문,9,위 법률조항의 위헌확인을 구하는 이 사건 헌법소원심판을 청구하였다.
147276,전문,10,2.판단
147276,전문,11,"가.법률 또는 법률조항 자체가 헌법소원의 대상이 될 수 있으려면 그 법률 또는 법률조항에 의하여 구체적인 집행행위를 기다리지 아니하고 직접, 현재, 자기의 기본권을 침해받아야 하는 것을 요건으로 하고, 여기서 말하는 기본권 침해의 직접성이란 집행행위에 의하지 아니하고 법률 그 자체에 의하여 자유의 제한, 의무의 부과, 권리 또는 법적 지위의 박탈이 생긴 경우를 뜻하므로, 구체적인 집행행위를 통하여 비로소 당해 법률 또는 법률조항에 의한 기본권 침해의 법률효과가 발생하는 경우에는 직접성의 요건이 결여된다고 할 것이다(헌재 1992.11.12."
147276,전문,12,91헌마192 등 참조).
147276,전문,13,"나.이 사건 법률조항은 사실의 확정을 법관의 판단에 맡김으로써 법관에 의한 재판을 받을 권리를 보장하고 있을 뿐 청구인에 대한 어떠한 자유의 제한이나 의무의 부과, 권리 또는 법적 지위의 박탈도 직접 규정하고 있지 않다.증거의 증명력을 법관이 판단한 결과 유죄를 선고하고 그 결과 유죄를 선고받은 자의 자유와 권리가 제한된다 하더라도 그것은 법관의 판단 행위인 재판이라는 구체적 집행행위를 통해 비로소 발생한 것이며 이 사건 법률조항으로부터 직접 발생한 것이라 할 수 없으므로 이 사건 법률조항은 기본권 침해의 직접성을 인정할 수 없다(헌재 2005.7.19."
147276,전문,14,2005헌마605 등 참조).
147276,전문,15,3.결론
147276,전문,16,그렇다면 이 사건 심판청구는 부적법하므로 이를 각하하기로 하여 관여 재판관 전원의 일치된 의견으로 주문과 같이 결정한다.
