결정례일련번호,구분,문장번호,내용
151535,전문,1,사 건 2019헌마623 항소 제기기간 미고지 등 위헌확인
151535,전문,2,청 구 인 김○○○
151535,전문,3,[주 문]
151535,전문,4,이 사건 심판청구를 각하한다.[이 유]
151535,전문,5,1.사건개요
151535,전문,6,가.청구인은 2018.5.30.
151535,전문,7,사기방조죄로 벌금 500만 원을 선고(의정부지방법원 2018고정155)받은 자이다.위 판결은 항소기간 도과로 그대로 확정되었다.
151535,전문,8,나.청구인은 상소권회복청구를 하였으나 2018.11.27.
151535,전문,9,"기각되었고(의정부지방법원 2018초기1354), 이에 대한 즉시항고는 2018.12.21."
151535,전문,10,"기각되었으며(의정부지방법원 2018로164), 재항고는 2019.3.4."
151535,전문,11,기각되었다(대법원 2019모56).
151535,전문,12,"청구인은 재차 상소권회복청구를 하였으나, 모두 기각되었다(의정부지방법원 2018초기1448, 2019초기213)."
151535,전문,13,"다.이에 청구인은 상소할 기간을 고지받지 못하는 등 자신의 책임질 수 없는 사유로 인하여 상소 제기기간 내에 상소하지 못하였다고 주장하면서, 2019.6.17."
151535,전문,14,이 사건 헌법소원심판을 청구하였다.
151535,전문,15,2.판단
151535,전문,16,"청구인의 주장은 결국 자신이 책임질 수 없는 사유로 상소 제기기간을 준수하지 못한 것이고 따라서 상소권이 회복되어야 한다는 취지인바, 이는 청구인의 상소권회복청구를 기각한 위 법원 결정들의 위헌확인을 구하는 것에 다름 아니다.헌법재판소법 제68조 제1항 본문에 의하면 원칙적으로 법원의 재판을 대상으로 하는 헌법소원심판청구는 허용되지 아니하고, 다만 헌법재판소가 위헌으로 결정한 법령을 적용함으로써 국민의 기본권을 침해한 재판에 대하여 헌법재판소법 제68조 제1항에 의한 헌법소원심판을 청구할 수 있다.그런데 위 상소권회복청구에 관한 법원의 결정들은 헌법재판소가 위헌으로 결정한 법령을 적용한 바 없음이 분명하므로, 이에 대한 심판청구는 부적법하다."
151535,전문,17,3.결론
151535,전문,18,"그렇다면 이 사건 심판청구는 부적법하므로 헌법재판소법 제72조 제3항 제1호 후문에 따라 이를 각하하기로 하여, 관여 재판관 전원의 일치된 의견으로 주문과 같이 결정한다."
