결정례일련번호,구분,문장번호,내용
16440,전문,1,사      건        2011헌바158 상고심절차에 관한 특례법 제4조 제1항 관련 입법부작위 위헌소원
16440,전문,2,청  구  인        서 ○ 황
16440,전문,3,당해사건      대법원 2011카기192 기피신청
16440,전문,4,주      문
16440,전문,5,이 사건 심판청구를 각하한다.
16440,전문,6,이      유
16440,전문,7,1.사건개요
16440,전문,8,청구인은 2011.7.4.
16440,전문,9,대법원 2011카기192 기피신청 사건에서 그 신청이 기각되어 사건이 종결된 후인 2011.7.11.
16440,전문,10,‘상고심 절차에 관한 특례법’ 제4조 제1항(이하 ‘이 사건 조항’이라한다)에 대하여 위헌법률심판제청신청을 하였으나 2011.7.18.
16440,전문,11,"각하되자(대법원 2011카기229), 이 사건 조항에 의하여 청구인의 기본권이 침해되었다며 2011.7.21."
16440,전문,12,그 위헌 확인을 구하는 이 사건 헌법소원심판을 청구하였다.
16440,전문,13,2.판단
16440,전문,14,"헌법재판소법 제68조 제2항에 따른 헌법소원심판 청구가 적법하기 위하여는 법률이 헌법에 위반되는지 여부가 재판의 전제가 되어야 하고, 이와 같은 재판의 전제성을 충족하기 위하여는 우선 청구인이 법원에 위헌법률심판 제청신청을 할 당시 구체적인 사건이 법원에 계속되어 있어야 하므로, 위헌법률심판 제청신청 당시 구체적 사건이 이미 종료되어 법원에 계속되어 있지 아니하였다면 재판의 전제성이 있다고 볼 수 없다(헌재 2008.8.26."
16440,전문,15,"2008헌바82, 공보 143, 1216 등 참조)."
16440,전문,16,"그런데, 청구인은 앞서 본 바와 같이 2011.7.4."
16440,전문,17,"당해사건인 대법원 2011카기192에 관하여 청구인의 신청이 기각되어 당해사건이 이미 종결되고 난 다음인 2011.7.11.에야 비로소 이 사건 조항에 대하여 법원에 위헌법률심판 제청신청을 하였으므로, 그 당시 구체적인 사건이 법원에 계속되어 있지 아니하였음이 분명하고, 따라서 이 사건 조항의 위헌 여부는 당해사건 재판의 전제가 된다고 할 수 없다."
16440,전문,18,3.결론
16440,전문,19,"그러므로 이 사건 심판청구를 각하하기로 하여, 관여 재판관 전원의 일치된 의견으로 주문과 같이 결정한다."
16440,전문,20,2011.8.16.
