결정례일련번호,구분,문장번호,내용
149088,전문,1,사 건 2018헌마966 진정사건 종결처분 취소
149088,전문,2,청 구 인 박 ○ 정
149088,전문,3,[주 문]
149088,전문,4,이 사건 심판청구를 각하한다.[이 유]
149088,전문,5,1.사건개요
149088,전문,6,"청구인은 건물의 소유자 특정에 관한 검사의 기소 내용이 잘못되었다는 취지로 진정을 제기하였으나 혐의없음처분을 받자(광주지방검찰청 2018진정621호), 2018.9.20."
149088,전문,7,위 처분의 취소를 구하는 이 사건 헌법소원심판을 청구하였다.
149088,전문,8,2.판단
149088,전문,9,"진정은 그 자체가 법률상의 권리행사로 인정되는 것이 아니라 진정을 기초로 하여 수사소추기관의 적의 처리를 요망하는 의사표시에 불과하므로, 진정사건의 종결처리는 구속력이 없는 수사기관의 내부적 사건처리 방식에 지나지 아니하고 진정인의 권리행사에 아무런 영향을 미치지 아니하여 헌법소원심판의 대상이 되는 공권력의 행사에 해당하지 아니한다(헌재 1998.2.28."
149088,전문,10,94헌마77 참조).
149088,전문,11,따라서 피청구인의 처분에 대하여 취소를 구하는 이 사건 심판청구는 헌법소원심판의 대상이 될 수 없는 것을 대상으로 한 것으로서 부적법하다.
149088,전문,12,3.결론
149088,전문,13,그렇다면 이 사건 심판청구는 부적법하므로 헌법재판소법 제72조 제3항 제4호에 따라 이를 각하하기로 하여 관여 재판관 전원의 일치된 의견으로 주문과 같이 결정한다.
