결정례일련번호,구분,문장번호,내용
148419,전문,1,사 건 2018헌마662 재판취소
148419,전문,2,청 구 인 김 ○ 천
148419,전문,3,[주 문]
148419,전문,4,이 사건 심판청구를 각하한다.[이 유]
148419,전문,5,1.사건개요
148419,전문,6,"청구인은 김○ ○ 순, 임 ○ 선을 사기죄로 고소하였으나, 서울중앙지방검찰청검사는 이를 불기소처분하였고(서울중앙지방검찰청 2017.8.25.자 2017형제72935호), 이에 불복하여 재정신청(서울고등법원 2017초재4556)및 재정신청 기각결정에 대한 재항고(대법원 2018모259)를 하였으나 모두 기각되었다.청구인은 서울고등법원에서 서류재판을 한 것이 부당하다는 취지의 주장을 하며 2018.6.29."
148419,전문,7,이 사건 헌법소원심판을 청구하였다.
148419,전문,8,2.판단
148419,전문,9,"가.헌법재판소법 제68조 제1항에 의한 헌법소원심판의 청구인은 자신의 기본권에 대한 공권력 주체의 침해 행위가 위헌적인 것임을 구체적이고 명확하게 주장하여야 하고, 그와 같이 기본권 침해의 가능성을 확인할 수 있을 정도로 구체적인 주장을 하지 아니하고 막연하고 모호한 주장만을 하는 경우 그 헌법소원은 부적법하다(헌재 2005.2.3."
148419,전문,10,2003헌마544등 참조).
148419,전문,11,"그런데 청구인은 자신의 기본권 침해의 원인이 무엇인지 또 그로 인하여 청구인의 기본권이 어떻게 침해되었는지에 대하여 구체적이고 명확한 주장을 하고 있지 않으므로, 이 사건 심판청구는 부적법하다."
148419,전문,12,"나.설령 청구인이 자신이 당사자인 법원의 재판들을 다투는 것으로 보더라도, 헌법재판소법 제68조 제1항 본문에 의하면 원칙적으로 법원의 재판을 대상으로 하는 헌법소원심판청구는 허용되지 아니하고 다만 헌법재판소가 위헌으로 결정한 법령을 적용함으로써 국민의 기본권을 침해한 재판에 대해서만 헌법소원심판을 청구할 수 있는바(헌재 2016.4.28."
148419,전문,13,"2016헌마33 참조), 위 판결들은 헌법소원심판의 대상이 되는 예외적인 재판에 해당되지 아니하므로, 그 취소를 구하는 이 사건 심판청구는 허용될 수 없다."
148419,전문,14,3.결론
148419,전문,15,"이 사건 심판청구는 부적법하므로 헌법재판소법 제72조 제3항 제1호 후문, 제4호에 따라 이를 각하하기로 하여 관여 재판관 전원의 일치된 의견으로 주문과 같이 결정한다."
