결정례일련번호,구분,문장번호,내용
151419,전문,1,사 건 2019헌마590 기본권 침해 위헌확인
151419,전문,2,청 구 인 차○○○
151419,전문,3,[주 문]
151419,전문,4,이 사건 심판청구를 모두 각하한다.[이 유]
151419,전문,5,1.사건개요
151419,전문,6,"가.청구인은 서울중앙지방법원에서, 2016.8.25."
151419,전문,7,"마약류관리에관한법률위반(향정)죄로 징역 2년을(2016고단3992), 2016.10.20."
151419,전문,8,"사기죄로 징역 2월을(2016고단6377), 2016.12.9."
151419,전문,9,"사기죄와 사기방조죄로 징역 1년 4월을[2016고단5799, 6840(병합), 7859(병합), 7923(병합)], 2017.4.5."
151419,전문,10,"사기죄로 징역 2년을[2016고단9116, 2017고단330(병합)] 각 선고받고, 항소를 포기하여 위 판결들이 확정되었다."
151419,전문,11,"나.청구인에게 징역형을 부과하는 데 관련된 경찰, 주필리핀 한국대사관, 법원, 검찰의 공권력 행사로 인하여 자신의 기본권이 침해당하였다고 주장하며, 2019.6.7."
151419,전문,12,이 사건 헌법소원심판을 청구하였다.
151419,전문,13,2.판단
151419,전문,14,"가.헌법재판소법 제68조 제1항에 의하면 원칙적으로 법원의 재판을 대상으로 하는 헌법소원심판 청구는 허용되지 아니하고, 헌법재판소가 위헌으로 결정한 법령을 적용함으로써 국민의 기본권을 침해한 재판에 대하여만 헌법재판소법 제68조 제1항에 의한 헌법소원심판을 청구할 수 있다(헌재 1997.12.24."
151419,전문,15,96헌마172등 참조).
151419,전문,16,"그런데 청구인이 다투는 법원의 재판은 헌법소원심판을 청구할 수 있는 예외적인 재판에 해당하지 아니하므로, 이에 대한 헌법소원심판청구는 부적법하다."
151419,전문,17,"나.청구인은 청구인에게 징역형을 부과하는 데 관련된 경찰, 주○ 한국대사관, 검찰의 공권력 행사도 다투고 있다.이러한 공권력 행사가 있었던 날은 모두 2017.4.5."
151419,전문,18,"이전이다.그런데 이 사건 헌법소원심판청구는 그로부터 1년이 지난 후 제기되었으므로, 이 부분에 대한 심판청구도 부적법하다(헌법재판소법 제69조 제1항)."
151419,전문,19,3.결론
151419,전문,20,"그렇다면 이 사건 심판청구는 모두 부적법하므로 헌법재판소법 제72조 제3항 제1호 후문, 제2호에 따라 이를 각하하기로 하여, 관여 재판관 전원의 일치된 의견으로 주문과 같이 결정한다."
