결정례일련번호,구분,문장번호,내용
148637,전문,1,사 건 2018헌마786 기본권 침해 위헌확인
148637,전문,2,청 구 인 김 ○ 호
148637,전문,3,[주 문]
148637,전문,4,이 사건 심판청구를 각하한다.[이 유]
148637,전문,5,1.사건개요
148637,전문,6,"청구인은 독일 철학자 칸○의 저서인 『순수이성비판』과 『실천이성비판』의 내용을 비판하면서, 위 저서들은 헌법적으로 교육의 가치가 없다는 것을 확인해 달라고 주장하며 2018.7.30."
148637,전문,7,이 사건 헌법소원심판을 청구하였다.
148637,전문,8,2.판단
148637,전문,9,"헌법재판소법 제68조 제1항에 의한 헌법소원심판의 청구인은 자신의 기본권에 대한 공권력 주체의 침해 행위가 위헌적인 것임을 구체적이고 명확하게 주장하여야 하고, 그와 같이 기본권 침해의 가능성을 확인할 수 있을 정도로 구체적인 주장을 하지 아니하고 막연하고 모호한 주장만을 하는 경우 그 심판청구는 부적법하다(헌재 2005.2.3."
148637,전문,10,2003헌마544등 참조).
148637,전문,11,"그런데 청구인은 자신의 기본권 침해의 원인이 무엇인지 또 그로 인하여 청구인의 기본권이 어떻게 침해되었는지에 대하여 구체적이고 명확한 주장을 하고 있지 않으므로, 이 사건 심판청구는 부적법하다."
148637,전문,12,3.결론
148637,전문,13,그렇다면 이 사건 심판청구는 부적법하므로 헌법재판소법 제72조 제3항 제4호에 따라 이를 각하하기로 하여 관여 재판관 전원의 일치된 의견으로 주문과 같이 결정한다.
