결정례일련번호,구분,문장번호,내용
138358,전문,1,사      건      2009헌마437  기소유예처분취소
138358,전문,2,청  구  인      김 ○ 자
138358,전문,3,피청구인     대구지방검찰청 경주지청 검사
138358,전문,4,주           문
138358,전문,5,이 사건 심판청구를 각하한다.
138358,전문,6,이           유
138358,전문,7,1.사건의 개요
138358,전문,8,"가.청구외 전 ○ 진○ 어머니인 김○ ○ 주는 청구인을 폭행 혐의로 고소하였는바, 그 피의사실은 다음과 같다.""청구인은 초등학교 교사로 재직 중인 자인바, 2008.5.31."
138358,전문,9,"11:30경 ○○초등학교 4학년 1반 교실에서 수업 중에 피해자인 전 ○ 진이 떠드는 것을 보고 훈육을 하는데 피해자가 떠들지 않았다고 거짓말을 하였다는 이유로 오른손으로 피해자의 머리채를 잡고 뒤로 3회 밀고, 다시 교단으로 가서 피해자의 머리채를 2회 잡는 폭행을 하였다."""
138358,전문,10,나.그런데 이에 대하여 피청구인이 2008.10.1.
138358,전문,11,"청구인에게 기소유예의 불기소처분을 하자(대구지방검찰청 경주지청 2008형제5912호, 이하 ‘이 사건 기소유예처분’이라고 한다), 청구인은 2009.8.4."
138358,전문,12,이 사건 기소유예처분이 청구인의 헌법상 보장된 평등권 등을 침해한 것이라고 주장하면서 이 사건 기소유예처분의 취소를 구하는 이 사건 헌법소원심판을 청구하였다.2.판 단
138358,전문,13,"헌법재판소법 제68조 제1항의 규정에 의한 헌법소원의 심판은 그 사유가 있음을 안 날로부터 90일 이내에, 그 사유가 있은 날부터 1년 이내에 청구하여야 할 것인바(헌법재판소법 제69조 제1항 본문), 기록에 의하면, 이 사건 기소유예처분은 2008.10.1."
138358,전문,14,"이루어져 이 사건 헌법소원심판청구일인 2009.8.4.로부터 90일 전에 청구인에게 통지된 사실이 인정되므로, 청구인이 그 사유가 있음을 안 날로부터 90일이 경과하여 제기한 이 사건 심판청구는 청구기간을 도과하여 부적법하다.3.결 론"
138358,전문,15,그렇다면 이 사건 심판청구는 부적법하므로 헌법재판소법 제72조 제3항 제2호에 따라 이를 각하하기로 하여 관여 재판관 전원의 일치된 의견으로 주문과 같이 결정한다.
138358,전문,16,2009.8.18.
138358,전문,17,재판장    재판관  이○      이○
138358,전문,18,──────
138358,전문,19,재판관  민○        민○
138358,전문,20,──────
138358,전문,21,재판관  이○        이○
138358,전문,22,──────
