결정례일련번호,구분,문장번호,내용
147358,전문,1,사 건 2018헌마502 재판취소
147358,전문,2,청 구 인 김 ○ 균
147358,전문,3,[주 문]
147358,전문,4,이 사건 심판청구를 각하한다.[이 유]
147358,전문,5,1.사건개요
147358,전문,6,"청구인은 폭력행위등처벌에관한법률위반(공동상해)죄로 기소되어 1심(서울북부지방법원 2016고정949)에서 벌금 70만원을 선고받았고, 이에 대한 항소심(서울북부지방법원 2017노995)에서 원심판결 파기 및 벌금 20만원을 선고받았으며, 상고(대법원 2017도21861)가 기각되어 위 판결이 확정되었다.청구인은 위 2018.5.15."
147358,전문,7,위 판결들의 취소를 구하는 이 사건 헌법소원심판을 청구하였다.
147358,전문,8,2.판단
147358,전문,9,"헌법재판소법 제68조 제1항 본문에 의하면, 원칙적으로 법원의 재판을 대상으로 하는 헌법소원심판청구는 허용되지 아니하고, 다만 헌법재판소가 위헌으로 결정하여 그 효력을 상실한 법령을 적용함으로써 국민의 기본권을 침해한 재판에 대해서만 헌법소원심판을 청구할 수 있는바(헌재 2016.4.28."
147358,전문,10,"2016헌마33 등), 청구인이 다투고 있는 위 판결들은 헌법소원심판의 대상이 될 수 있는 예외적인 재판에 해당하지 아니하므로, 이 사건 심판청구는 허용될 수 없다."
147358,전문,11,3.결론
147358,전문,12,이 사건 심판청구는 부적법하므로 헌법재판소법 제72조 제3항 제1호 후문에 따라 이를 각하하기로 하여 관여 재판관 전원의 일치된 의견으로 주문과 같이 결정한다.
