결정례일련번호,구분,문장번호,내용
151035,전문,1,사 건 2019헌아209 기소유예처분취소(재심)청 구 인 정○○○
151035,전문,2,재심대상결정 헌법재판소 2019.4.11.
151035,전문,3,2018헌마356 결정
151035,전문,4,[주 문]
151035,전문,5,이 사건 심판청구를 각하한다.[이 유]
151035,전문,6,1.사건개요
151035,전문,7,청구인은 서울중앙지방검찰청 검사의 2018.1.31.자 기소유예처분(서울중앙지방검찰청 2018년 형제5360호)의 취소를 구하는 헌법소원심판을 청구하였다.헌법재판소는 위 기소유예처분으로 청구인의 기본권이 침해되었다고 볼 수 없다는 이유로 2019.4.11.
151035,전문,8,그 심판청구를 기각(2018헌마356)하였다.청구인은 위 헌재 2019.4.11.
151035,전문,9,2019헌마356 결정을 대상으로 한 이 사건 재심을 신청하였다.
151035,전문,10,2.판단
151035,전문,11,헌법재판소의 결정에 대하여 재심을 청구하기 위해서는 헌법재판소법 제40조에 의하여 준용되는 민사소송법 제451조 제1항 각호의 사유 중 헌법소원심판에 대한 재심의 성질상 허용되는 사유를 재심청구의 이유로 주장하여야 한다(헌재 2007.2.22.
151035,전문,12,2006헌아50; 헌재 2018.3.6.
151035,전문,13,2018헌아104; 헌재 2018.4.3.
151035,전문,14,2018헌아139 참조).
151035,전문,15,"기록에 의하면, 이 사건에서 청구인은 “원결정이 주장하는 내용은 형사소송법에 의하여 범죄혐의자가 기소가 되어 판결 당시에는 그 범죄를 하고 있지 않음이 분명하므로 모두 무죄라는 것과 동일한 주장이므로 법치주의를 훼손하는 범죄를 한 것이 분명하다.”라고 주장하는 사실, 이와 관련하여 청구인은 헌법소원심판청구서에 “민사소송법 제451조 제1항 제4호”를 재심 근거조항의 취지로 적은 사실이 인정된다.위 인정사실에 의하면, 달리 청구인이 위 민사소송법 제451조 제1항 제4호 이외의 재심사유를 주장하고 있지 않은 이 사건 심판청구에 관하여서는, 이를 헌법소원심판에 대한 재심의 성질상 허용되는 적법한 재심사유에 관한 주장이 없는 심판청구로 봄이 타당하다고 할 것이다."
151035,전문,16,3.결론
151035,전문,17,그렇다면 이 사건 심판청구는 부적법하므로 이를 각하하기로 하여 관여 재판관 전원의 일치된 의견으로 주문과 같이 결정한다.
