결정례일련번호,구분,문장번호,내용
149351,전문,1,사 건 2018헌바429 형사소송법 제184조 제1항 위헌소원
149351,전문,2,청 구 인 정 ○ 균
149351,전문,3,당 해 사 건 광주지방법원 2018로14 증거보전 기각결정에 대한 항고
149351,전문,4,[주 문]
149351,전문,5,이 사건 심판청구를 각하한다.[이 유]
149351,전문,6,1.사건개요
149351,전문,7,청구인은 정보통신망이용촉진및정보보호등에관한법률위반(명예훼손)죄로 벌금 500만 원에 처하는 약식명령을 받았으나 2016.8.25.
149351,전문,8,"이에 불복하여 정식재판을 청구하였고(광주지방법원 순천지원 2016고정369), 제1심 재판이 계속 중이던 2018.1.26."
149351,전문,9,정○ ○ 균에 대한 증인신문을 해달라는 취지의 증거보전 청구를 하였다가 2018.1.29.
149351,전문,10,"기각되었으며(광주지방법원 순천지원 2018초기18), 2018.9.20."
149351,전문,11,위 기각 결정에 대한 항고도 기각되었다(광주지방법원 2018로14).
149351,전문,12,청구인은 증거보전 기각결정에 대한 항고 사건 계속 중인 2018.4.10.
149351,전문,13,형사소송법(1954.9.23.
149351,전문,14,법률 제341호로 제정된 것)제184조 제1항(이하 ‘이 사건 법률조항’이라 한다)에 대하여 위헌법률심판제청신청을 하였으나 2018.9.20.
149351,전문,15,"기각되자(광주지방법원 2018초기429), 이 사건 법률조항이 청구인의 평등권 등을 침해한다고 주장하면서 2018.10.31."
149351,전문,16,이 사건 헌법소원심판을 청구하였다.
149351,전문,17,2.판단
149351,전문,18,"헌법재판소법 제68조 제2항의 헌법소원심판 청구가 적법하기 위해서는 당해 사건에 적용될 법률이 헌법에 위반되는지 여부가 재판의 전제가 되어야 하고, 여기에서 재판의 전제가 된다는 것은 그 위헌 여부에 따라 재판의 주문이 달라지거나 재판의 내용과 효력에 관한 법률적 의미가 달라지는 것을 말한다.그런데 제1심 법원이 정 ○ 균을 증인으로 소환하여 2018.3.28."
149351,전문,19,"정 ○ 균에 대한 증인신문을 마쳤는바, 이 사건 법률조항에 대하여 위헌결정을 한다고 하더라도 당해 사건의 결론이나 주문에 영향을 미치는 것이 아니므로 재판의 전제성이 인정되지 아니한다."
149351,전문,20,3.결론
149351,전문,21,이 사건 심판청구는 부적법하므로 헌법재판소법 제72조 제3항 제4호에 따라 이를 각하하기로 하여 관여 재판관 전원의 일치된 의견으로 주문과 같이 결정한다.
