결정례일련번호,구분,문장번호,내용
149990,전문,1,사○ 2019헌마21 형법 제30조 등 위헌확인
149990,전문,2,청 구 인 나 ○ 만
149990,전문,3,[주 문]
149990,전문,4,이 사건 심판청구를 각하한다.[이 유]
149990,전문,5,1.사건개요
149990,전문,6,"청구인은 ‘서울중앙지방검찰청 2018형제25809 사건과 관련하여 검사 허 ○ 환, 박 ○ 환, 판사 여 ○ 훈, 견 ○ 철, 장 ○ 익이 수사서류를 사기로 작성하였으므로 형법 제30조, 제123조, 제227조, 제347조 제1항, 제2항이 평등권, 직업선택의 자유를 침해한다’고 주장하면서 이 사건 헌법소원심판청구를 하였다."
149990,전문,7,2.판단
149990,전문,8,"헌법재판소법 제68조 제1항에 의한 헌법소원심판의 청구인은 자신의 기본권에 대한 공권력 주체의 침해 행위가 위헌적인 것임을 구체적이고 명확하게 주장하여야 하고, 그와 같이 기본권 침해의 가능성을 확인할 수 있을 정도로 구체적인 주장을 하지 아니하고 막연하고 모호한 주장만을 하는 경우 그 심판청구는 부적법하다(헌재 2005.2.3."
149990,전문,9,2003헌마544등 참조).
149990,전문,10,"그런데 청구인은 기본권 침해의 원인이 된 내용이 무엇인지, 청구인이 들고 있는 각 법령으로 인하여 청구인의 기본권이 어떻게 침해되었다는 것인지 등에 대하여 구체적인 주장을 하지 않고 있으므로 이 사건 심판청구는 부적법하다."
149990,전문,11,3.결론
149990,전문,12,"그렇다면 이 사건 심판청구는 부적법하므로 헌법재판소법 제72조 제3항 제4호에 따라 이를 각하하기로 하여, 관여 재판관 전원의 일치된 의견으로 주문과 같이 결정한다."
