결정례일련번호,구분,문장번호,내용
141239,전문,1,사      건      2009헌마370  기소유예처분취소
141239,전문,2,청  구  인      1.이 ○ 우
141239,전문,3,2.김 ○ 자
141239,전문,4,대리인 법무법인 한○
141239,전문,5,"담당변호사 민○, 전○, 채○, 안○, 오○"
141239,전문,6,피청구인      수원지방검찰청 안양지청 검사
141239,전문,7,주           문
141239,전문,8,청구인들의 심판청구를 기각한다.
141239,전문,9,이           유
141239,전문,10,"청구인들은 피청구인의 2009.6.10.자 청구인들에 대한 특정경제범죄가중처벌등에관한법률위반(사기)혐의에 관한 기소유예처분(수원지방검찰청 안양지청 2009년 형제4013호)이 자신들의 헌법상 보장된 평등권과 행복추구권을 침해한 것이라고 주장한다.그러나 이 사건 기록을 자세히 살펴보아도 피청구인이 이 사건에 있어서 현저히 정의와 형평에 반하는 수사를 하였거나, 헌법의 해석, 법률의 적용 또는 증거판단에 있어서 기소유예처분의 결정에 영향을 미친 중대한 잘못이 있었다고 보여지지 아니하며, 달리 피청구인의 위 기소유예처분이 헌법재판소가 관여할 정도의 자의적 처분이라고 볼 자료도 없으므로, 이로 말미암아 청구인들의 평등권이나 행복추구권을 침해하였다고 볼 수 없다.그렇다면 청구인들의 이 사건 심판청구는 이유 없으므로 이를 기각하기로 하여 관여 재판관 전원의 일치된 의견으로 주문과 같이 결정한다."
141239,전문,11,2009.12.29.
