결정례일련번호,구분,문장번호,내용
159177,전문,1,사  건○  2020헌마882 재판취소
159177,전문,2,청 구 인  박○○○
159177,전문,3,[주  문]
159177,전문,4,이 사건 심판청구를 각하한다.[이  유]
159177,전문,5,1.사건개요
159177,전문,6,청구인은 검사가 청구인을 무고죄로 인지한 처분 등의 취소를 구하는 소를 제기하였으나 2019.8.16.
159177,전문,7,"각하되고(서울행정법원 2018구합4212), 2020.6.19."
159177,전문,8,"항소마저 기각되었다(서울고등법원 2019누55790, 이하 ‘이 사건 판결’이라 한다)."
159177,전문,9,이에 청구인은 이 사건 판결의 취소를 구하는 이 사건 헌법소원심판을 청구하였다.
159177,전문,10,2.판단
159177,전문,11,"헌법재판소법 제68조 제1항 본문에 의하면 원칙적으로 법원의 재판을 대상으로 하는 헌법소원심판청구는 허용되지 아니하고, 헌법재판소가 위헌으로 결정한 법령을 적용함으로써 국민의 기본권을 침해한 재판에 대해서만 헌법재판소법 제68조 제1항에 의한 헌법소원심판을 청구할 수 있다(헌재 2016.4.28."
159177,전문,12,2016헌마33 참조).
159177,전문,13,"그런데 이 사건 판결은 헌법소원심판의 대상이 될 수 있는 예외적인 재판에 해당하지 아니하므로, 이 사건 심판청구는 허용될 수 없다."
159177,전문,14,3.결론
159177,전문,15,그렇다면 이 사건 심판청구는 부적법하므로 헌법재판소법 제72조 제3항 제1호 후단에 따라 이를 각하하기로 하여 관여 재판관 전원의 일치된 의견으로 주문과 같이 결정한다.
