결정례일련번호,구분,문장번호,내용
147270,전문,1,사 건 2018헌마248 기본권 침해 위헌확인
147270,전문,2,청 구 인 오 ○ 수(개명전 오○목)[주 문]
147270,전문,3,이 사건 심판청구를 각하한다.[이 유]
147270,전문,4,1.사건개요
147270,전문,5,청구인은 자신에 대한 형사사건(서울남부지방검찰청 2015년 형제54221호)의 수사 과정 및 재판과정에서 사법경찰관과 검사가 행한 불법행위 및 허위수사 등의 취소를 구하는 이 사건 헌법소원심판을 2018.3.8 청구하였다.
147270,전문,6,2.판단
147270,전문,7,"청구인은 1심(서울남부지방법원 2015고합347)에서 징역 2년을 선고받은 후 항소(서울고등법원 2016노765)하였으나 기각되었고, 이에 대한 상고(대법원 2016도9442)역시 2016.8.19."
147270,전문,8,"기각되어 형이 확정되었다.헌법재판소법 제68조 제1항에 의한 헌법소원은 그 사유가 있음을 안 날부터 90일 이내에, 그 사유가 있은 날부터 1년 이내에 청구하여야 하는바(헌법재판소법 제69조 제1항 본문), 청구인이 주장하는 사법경찰관과 검사의 불법행위 및 허위수사 등은 적어도 상고가 기각된 2016.8.19."
147270,전문,9,이전에 발생하였다 할 것으로 이로부터 1년이 훨씬 경과한 2018.3.8.
147270,전문,10,청구한 이 사건 헌법소원심판은 청구기간이 도과되어 부적법하다.
147270,전문,11,3.결론
147270,전문,12,이 사건 심판청구는 부적법하므로 헌법재판소법 제72조 제3항 제2호에 따라 이를 각하하기로 하여 관여 재판관 전원의 일치된 의견으로 주문과 같이 결정한다.
