결정례일련번호,구분,문장번호,내용
177079,전문,1,사　　건　2022헌마1201    재판취소
177079,전문,2,청　구　인　김○○○
177079,전문,3,[주           문]
177079,전문,4,이 사건 심판청구를 각하한다.
177079,전문,5,[이           유]
177079,전문,6,1.사건개요
177079,전문,7,청구인은 2021.6.22.
177079,전문,8,"창원지방법원 진주지원에서 사기죄로 기소되어(2021고단905)재판을 받던 중 구속영장이 발부되어 구속되었고, 2022.8.1."
177079,전문,9,구속적부심사를 청구하였으나 2022.8.2.
177079,전문,10,피고인은 형사소송법 제214조의2 제1항에서 규정하는 청구권자가 아니라는 이유로 기각되었다(2022초적12).
177079,전문,11,"청구인은 위 법원의 구속적부심사 기각결정이 청구인의 기본권을 침해하였다고 주장하며, 2022.8.19."
177079,전문,12,이 사건 헌법소원심판을 청구하였다.
177079,전문,13,2.판단
177079,전문,14,헌법재판소는 헌재 1997.12.24.
177079,전문,15,"96헌마172등 결정에서 ""헌법재판소법 제68조 제1항 본문의 ‘법원의 재판’에 헌법재판소가 위헌으로 결정한 법령을 적용함으로써 국민의 기본권을 침해한 재판도 포함되는 것으로 해석하는 한도 내에서, 헌법재판소법 제68조 제1항은 헌법에 위반된다.""라고 하여 2011.4.5."
177079,전문,16,법률 제10546호로 개정되기 전 구 헌법재판소법 제68조 제1항에 대하여 한정위헌결정을 선고하였다.헌법재판소는 이후 2011.4.5.
177079,전문,17,법률 제10546호로 개정된 재판소원금지조항에 대하여도 같은 취지의 한정위헌결정을 선고함으로써 그 위헌 부분을 제거하였다(헌재 2016.4.28.
177079,전문,18,2016헌마33).
177079,전문,19,아울러 헌법재판소는 2022.6.30.
177079,전문,20,헌법재판소법 제68조 제1항 본문 중 ‘법원의 재판’ 가운데 ‘법률에 대한 위헌결정의 기속력에 반하는 재판’ 부분은 헌법에 위반된다는 결정(헌재 2022.6.30.
177079,전문,21,"2014헌마760등 참조)을 선고함으로써, 그 위헌 부분을 추가적으로 제거하는 한편 그 나머지 부분이 합헌이라고 판단하였다.그런데 청구인이 심판청구의 대상으로 삼은 창원지방법원 진주지원 2022.8.2.자 2022초적12 결정은 예외적으로 헌법소원심판의 대상이 될 수 있는 법원의 재판에 해당하지 아니한다."
177079,전문,22,3.결론
177079,전문,23,"그렇다면 이 사건 심판청구는 부적법하므로 헌법재판소법 제72조 제3항 제1호 후단에 따라 이를 각하하기로 하여, 관여 재판관 전원의 일치된 의견으로 주문과 같이 결정한다."
