결정례일련번호,구분,문장번호,내용
147284,전문,1,사○ 2018헌마303 재판취소
147284,전문,2,청 구 인 김 ○ 자
147284,전문,3,[주 문]
147284,전문,4,이 사건 심판청구를 각하한다.[이 유]
147284,전문,5,1.사건개요
147284,전문,6,"가.청구인은, 피해자 이○○○으로 하여금 미군 부대에 물건을 납품하게 해 줄 의사나 능력이○ 없음에도 피해자에게 미군 부대에 화장지 등을 납품하게 해 주겠다고 거짓말하여 2015.3.31.경부터 2016.2.22.경까지 9회에 걸쳐 피해자로부터 합계 10,630,000원 상당의 재산상 이○익을 취득하였다는 범죄사실에 관하여, 2017.4.18."
147284,전문,7,"수원지방법원 안양지원에서 사기죄로 징역 4월을 선고받았고(수원지방법원 안양지원 2016고단1911), 이에 대하여 청구인이 항소(수원지방법원 2017노2699)하였으나 같은 해 7.21.수원지방법원에서 그 항소가 기각되었으며, 이에 대하여 청구인이 상고(대법원 2017도12902)하였으나 대법원은 같은 해 9.28.상고기각 결정을 하였고, 그 결정은 같은 해 10.10.청구인에게 송달되었다(이하 위 각 판결 및 결정을 통틀어 ‘이 사건 재판’이라 한다)."
147284,전문,8,나.청구인은 위 수원지방법원 안양지원 2017.4.18.
147284,전문,9,선고 2016고단1911 판결에 대하여 재심(수원지방법원 안양지원 2018재고단1)을 청구하였다가 2018.2.20.
147284,전문,10,"기각된 후, 같은 해 3.22.이 사건 재판의 취소를 구하는 이 사건 헌법소원심판을 청구하였다."
147284,전문,11,2.판단
147284,전문,12,"헌법재판소법 제68조 제1항 본문에 의하면 원칙적으로 법원의 재판을 대상으로 하는 헌법소원심판청구는 허용되지 아니하고, 다만 헌법재판소가 위헌으로 결정한 법령을 적용함으로써 국민의 기본권을 침해한 재판에 대하여만 헌법재판소법 제68조 제1항에 의한 헌법소원심판을 청구할 수 있다(헌재 2016.4.28."
147284,전문,13,2016헌마33 참조).
147284,전문,14,"이 사건 재판은 헌법소원심판을 청구할 수 있는 예외적인 재판에 해당하지 아니하므로, 이 사건 헌법소원심판청구는 부적법하다."
147284,전문,15,3.결론
147284,전문,16,이 사건 헌법소원심판청구는 부적법하므로 헌법재판소법 제72조 제3항 제1호 후단에 따라 이를 각하한다.
