결정례일련번호,구분,문장번호,내용
149028,전문,1,사 건 2018헌마981 기본권 침해 위헌확인
149028,전문,2,청 구 인 최 ○ 진
149028,전문,3,[주 문]
149028,전문,4,이 사건 심판청구를 각하한다.[이 유]
149028,전문,5,1.사건개요
149028,전문,6,가.청구인은 2016.2.12.
149028,전문,7,"의정부지방법원 고양지원에서 살인죄로 징역 6년을 선고받았다(2015고합182, 이하 ‘이 사건 판결’이라 한다)."
149028,전문,8,"이에 청구인과 검사가 모두 항소하였는데, 항소심은 2016.5.20."
149028,전문,9,청구인과 검사의 항소를 모두 기각하였다(서울고등법원 2016노674).
149028,전문,10,청구인이 상고하였으나 2016.7.8.
149028,전문,11,상고가 기각되어 이 사건 판결이 확정되었다(대법원 2016도7749).
149028,전문,12,"나.청구인은 동생인 피해자 최 ○ 진의 지속적인 부당한 침해행위로부터 벗어나기 위하여 피해자를 살해한 것임에도 불구하고, 1심 법원은 이 사건 판결에서 이를 정당방위로 인정하지 않을 뿐만 아니라 신빙성이 없는 부 최 ○ 주의 진술에 근거하여 마치 청구인이 최 ○ 주에 대한 악감정이나 피해자가 아버지의 사랑을 독차지하는 것에 대한 시기심에서 피해자를 살해한 것으로 잘못 판단하였는바, 이 사건 판결로 인하여 청구인의 인간으로서의 존엄과 가치 등의 기본권이 침해되었다고 주장하며 2018.9.27."
149028,전문,13,그 위헌확인을 구하는 이 사건 헌법소원심판을 청구하였다.
149028,전문,14,2.판단
149028,전문,15,"원칙적으로 법원의 재판을 대상으로 하는 헌법소원심판청구는 허용되지 아니하고, 다만 헌법재판소가 위헌으로 결정한 법령을 적용함으로써 국민의 기본권을 침해한 재판에 대하여만 헌법재판소법 제68조 제1항에 의한 헌법소원심판을 청구할 수 있다(헌재 1997.12.24."
149028,전문,16,96헌마172등).
149028,전문,17,"그런데 이 사건 판결은 헌법재판소가 위헌으로 결정한 법령을 적용한 재판이 아니어서 예외적으로 헌법소원심판의 대상이 되는 법원의 재판에 해당하지 아니하므로, 그 위헌확인 구하는 헌법소원심판청구는 허용될 수 없다."
149028,전문,18,3.결론
149028,전문,19,"그렇다면 이 사건 심판청구는 부적법하므로, 헌법재판소법 제72조 제3항 제1호 후단에 따라 이를 각하하기로 하여 관여 재판관 전원의 일치된 의견으로 주문과 같이 결정한다."
