결정례일련번호,구분,문장번호,내용
150402,전문,1,사○ 2019헌마197 재판취소
150402,전문,2,청 구 인 박 ○ 애
150402,전문,3,[주 문]
150402,전문,4,이 사건 심판청구를 각하한다.[이 유]
150402,전문,5,1.사건개요
150402,전문,6,청구인의 아들 김○ ○ 권○ 2014.4.26.
150402,전문,7,"서울 금천구 시흥대로 232 앞 편도 7차로 도로를 횡단하던 중 1차로를 따라 운행 중이던 최 ○ 화가 운전하는 마을버스에 들이받혀 도로에 넘어져 고대구로병원 응급실에서 사망하였다.이에 최 ○ 화는 전방 주시를 게을리 한 채 운전한 과실이 있다는 이유로 교통사고처리특례법위반 혐의로 기소되었는데, 서울남부지방법원은, 최 ○ 화가 버스 운전사로서 주의의무를 다하지 않았다거나 주의의무를 다하였다면 사고결과를 회피할 수 있었다고 인정하기에 부족하고, 달리 최 ○ 화의 과실을 인정할 증거가 없다고 판단하여, 2014.11.14."
150402,전문,8,"최 ○ 화에게 무죄를 선고하였다(2014고단2245, 이하 ‘이 사건 판결’이라 한다)."
150402,전문,9,"청구인은 이 사건 판결에 법리상 오류가 있어 청구인의 평등권과 행복추구권이 침해되었다고 주장하며, 2019.2.20."
150402,전문,10,이 사건 헌법소원심판을 청구하였다.
150402,전문,11,2.판단
150402,전문,12,"헌법재판소법 제68조 제1항 본문은 “공권력의 행사 또는 불행사로 인하여 헌법상 보장된 기본권을 침해받은 자는 법원의 재판을 제외하고는 헌법재판소에 헌법소원심판을 청구할 수 있다.”라고 규정하고 있으므로 원칙적으로 법원의 재판을 대상으로 하는 헌법소원심판청구는 허용되지 아니하고, 다만 헌법재판소가 위헌으로 결정한 법령을 적용함으로써 국민의 기본권을 침해한 재판에 대하여만 헌법재판소법 제68조 제1항에 의한 헌법소원심판을 청구할 수 있다(헌재 2016.4.28."
150402,전문,13,2016헌마33 참조).
150402,전문,14,"그런데 청구인이 다투는 이 사건 판결은 헌법재판소가 위헌으로 결정한 법령을 적용한 재판이 아니어서 예외적으로 헌법소원심판의 대상이 되는 법원의 재판에 해당하지 아니하므로, 그 취소를 구하는 헌법소원심판청구도 허용될 수 없다."
150402,전문,15,3.결론
150402,전문,16,"그렇다면 이 사건 심판청구는 부적법하므로 헌법재판소법 제72조 제3항 제1호 후단에 따라 이를 각하하기로 하여, 관여 재판관 전원의 일치된 의견으로 주문과 같이 결정한다."
