결정례일련번호,구분,문장번호,내용
148510,전문,1,사 건 2018헌마791 재판취소
148510,전문,2,청 구 인 김 ○ 숙
148510,전문,3,[주 문]
148510,전문,4,이 사건 심판청구를 각하한다.[이 유]
148510,전문,5,1.사건개요
148510,전문,6,청구인은 사기죄로 기소되어 2017.12.21.
148510,전문,7,"징역 6개월에 집행유예 1년을 선고받고(서울중앙지방법원 2016고단7869), 이에 항소 및 상고하였으나, 이는 2018.3.15."
148510,전문,8,및 2018.5.18.
148510,전문,9,"각 기각되었다(서울중앙지방법원 2017노4875, 대법원 2018도4995)."
148510,전문,10,청구인은 2018.7.30.
148510,전문,11,"위 대법원 결정이 청구인의 평등권, 행복추구권을 침해한다고 주장하면서 그 취소를 구하는 이 사건 헌법소원심판을 청구하였다."
148510,전문,12,2.판단
148510,전문,13,"헌법재판소법 제68조 제1항 본문에 의하면, 원칙적으로 법원의 재판을 대상으로 하는 헌법소원심판청구는 허용되지 아니하고, 헌법재판소가 위헌으로 결정한 법령을 적용함으로써 국민의 기본권을 침해한 재판에 대해서만 헌법소원심판을 청구할 수 있다(헌재 2016.4.28."
148510,전문,14,2016헌마33 참조).
148510,전문,15,"그런데 청구인이 취소를 구하는 위 대법원 결정은 법원의 재판으로서 헌법소원심판의 대상이 될 수 있는 예외적인 재판에 해당하지 아니하므로, 이를 대상으로 한 이 사건 심판청구는 부적법하다."
148510,전문,16,3.결론
148510,전문,17,그렇다면 이 사건 헌법소원심판청구를 각하하기로 하여 관여 재판관 전원의 일치된 의견으로 주문과 같이 결정한다.
