결정례일련번호,구분,문장번호,내용
152937,전문,1,사 건 2019헌마1138 조사징벌수용자 처우제한 차별 위헌 확인
152937,전문,2,청 구 인 김○○○
152937,전문,3,피 청 구 인 ○○교도소장
152937,전문,4,[주 문]
152937,전문,5,이 사건 심판청구를 각하한다.[이 유]
152937,전문,6,1.사건 개요
152937,전문,7,"청구인은 ○○교도소에 수용 중인 사람으로, 청구인이 연속하여 징벌위원회 개최에 따른 조사수용기간 중에 있다는 이유로 ○○교도소장이 청구인에 대하여 음식물 구매, 서신 수발, 접견을 계속하여 제한하는 것이 평등권 등 청구인의 기본권을 침해한다고 주장하면서 2019.10.8."
152937,전문,8,이 사건 헌법소원심판을 청구하였다.
152937,전문,9,2.판단
152937,전문,10,"헌법재판소법 제68조 제1항에 의한 헌법소원심판의 청구인은 자신의 기본권에 대한 공권력 주체의 침해 행위가 위헌적인 것임을 구체적이고 명확하게 주장하여야 하고, 그와 같이 기본권 침해의 가능성을 확인할 수 있을 정도로 구체적인 주장을 하지 아니하고 막연하고 모호한 주장만을 하는 경우 그 심판청구는 부적법하다(헌재 2005.2.3."
152937,전문,11,2003헌마544등 참조).
152937,전문,12,"그런데 청구인은 문제되는 특정한 행위가 언제, 어떻게 있었는지에 대한 구체적인 내용을 특정하지 않고 있는바 위와 같은 막연한 주장만으로는 공권력 행사의 위헌성을 구체적으로 다투는 것으로 볼 수 없으므로 이 사건 심판청구는 부적법하다.또한 헌법소원심판은 다른 법률에 구제절차가 있는 경우에는 그 절차를 모두 거친 후가 아니면 청구할 수 없는데(헌법재판소법 제68조 제1항 후문), 청구인이 주장하는 것과 같은 ○○교도소장의 처분에 대하여는 행정심판법 및 행정소송법에 의한 심판이나 소송이 가능할 것이므로(헌재 1995.7.21."
152937,전문,13,"92헌마144, 헌재 1998.8.27."
152937,전문,14,"96헌마398, 헌재 2013.8.20."
152937,전문,15,"2013헌마516 참조), 행정심판 및 행정소송을 제기함이 없이 곧바로 청구한 이 사건 심판청구는 보충성 요건을 흠결하였다는 점에서도 부적법하다."
152937,전문,16,3.결론
152937,전문,17,그렇다면 헌법재판소법 제72조 제3항 제1호 전단 및 제4호에 의하여 이 사건 심판청구를 각하하기로 하여 관여 재판관 전원의 일치된 의견으로 주문과 같이 결정한다.
