결정례일련번호,구분,문장번호,내용
147158,전문,1,사 건 2018헌마480 변호사의 조력권 침해 위헌확인
147158,전문,2,청 구 인 박 ○ 식
147158,전문,3,[주 문]
147158,전문,4,이 사건 심판청구를 각하한다.[이 유]
147158,전문,5,1.사건개요
147158,전문,6,가.청구인은 마약류취급자가 아님에도 2013.1.8.
147158,전문,7,및 2013.1.14.
147158,전문,8,각 필로폰을 매매하였다는 공소사실로 부산지방법원에 기소되었으나 2015.1.6.
147158,전문,9,같은 법원에서 무죄판결을 선고받았다(2014고단3902).
147158,전문,10,"나.이에 검사가 부산지방법원에 항소하였고, 부산지방법원은 증거들에 의하여 위 공소사실과 같은 범죄사실을 인정할 수 있다는 이유로 원심판결을 파기하고 피고인에게 징역 3년 및 1,440만 원의 추징을 선고하였다(2015노397)."
147158,전문,11,이후 청구인이 대법원에 상고하였으나 2016.6.23.
147158,전문,12,그 상고가 기각되었다(2016도5324).
147158,전문,13,"다.청구인은 상고심 재판부로부터 국선변호인을 선임할 수 있다는 내용의 서류 등을 송달받지 못해 방어권 등을 행사하지 못하였고, 그로 인하여 불이익한 재판이 되었다고 주장하며 2018.5.10."
147158,전문,14,위 대법원 2016도5324 판결을 대상으로 하는 이 사건 헌법소원심판을 청구하였다.
147158,전문,15,2.판단
147158,전문,16,"헌법재판소법 제68조 제1항 본문에 의하면 원칙적으로 법원의 재판을 대상으로 하는 헌법소원심판청구는 허용되지 않고, 다만 헌법재판소가 위헌으로 결정한 법령을 적용함으로써 국민의 기본권을 침해한 재판에 대하여만 헌법재판소법 제68조 제1항에 의한 헌법소원심판을 청구할 수 있다(헌재 2016.4.28."
147158,전문,17,2016헌마33 참조).
147158,전문,18,이 사건에서 청구인이 다투는 재판은 헌법재판소가 위헌으로 결정한 법령을 적용함으로써 국민의 기본권을 침해한 재판에 해당하지 않으므로 예외적으로 헌법소원의 대상이 되는 법원의 재판에 해당하지 않는다.
147158,전문,19,3.결론
147158,전문,20,이 사건 심판청구는 부적법하므로 헌법재판소법 제72조 제3항 제4호에 따라 이를 각하하기로 하여 관여 재판관 전원의 일치된 의견으로 주문과 같이 결정한다.
