결정례일련번호,구분,문장번호,내용
149087,전문,1,사 건 2018헌마965 재판취소
149087,전문,2,청 구 인 박 ○ 정
149087,전문,3,[주 문]
149087,전문,4,이 사건 심판청구를 각하한다.[이 유]
149087,전문,5,1.사건개요
149087,전문,6,청구인은 광주지방검찰청 검사의 2018.1.30.자 불기소처분(광주지방검찰청 2018년 형제1089호)에 대하여 재정신청을 하였으나 2018.6.22.
149087,전문,7,"기각되었고(광주고등법원 2018초재219), 위 기각결정에 대한 재항고 또한 2018.9.7."
149087,전문,8,기각되었다(대법원 2018모1897).
149087,전문,9,이에 청구인은 2018.9.20.
149087,전문,10,대법원의 위 재항고 기각결정의 취소를 구하는 이 사건 헌법소원심판을 청구하였다.
149087,전문,11,2.판단
149087,전문,12,헌법재판소법 제68조 제1항 본문에 의하면 원칙적으로 법원의 재판을 대상으로 하는 헌법소원심판청구는 허용되지 아니하고 다만 헌법재판소가 위헌을 결정한 법령을 적용함으로써 국민의 기본권을 침해한 재판에 대해서만 헌법소원심판을 청구할 수 있는바(헌재 2016.4.28.
149087,전문,13,"2016헌마33 참조), 청구인이 다투고 있는 위 결정은 헌법소원심판의 대상이 될 수 있는 예외적인 재판에 해당하지 아니하므로, 이 사건 심판청구는 허용될 수 없다."
149087,전문,14,3.결론
149087,전문,15,그렇다면 이 사건 심판청구는 부적법하므로 헌법재판소법 제72조 제3항 제1호 후문에 따라 이를 각하하기로 하여 관여 재판관 전원의 일치된 의견으로 주문과 같이 결정한다.
