결정례일련번호,구분,문장번호,내용
142379,전문,1,사 건 2017헌마1230 형법 제72조 위헌확인
142379,전문,2,청 구 인 전 ○ 구
142379,전문,3,[주 문]
142379,전문,4,이 사건 심판청구를 각하한다.[이 유]
142379,전문,5,1.사건개요
142379,전문,6,청구인은 2001.12.20.
142379,전문,7,존속살해죄로 무기징역형이 확정되어 현재 ○○교도소에서 그 형의 집행 중에 있다.형법(2010.4.15.
142379,전문,8,법률 제10259호로 개정되어 2010.10.16.
142379,전문,9,"시행된 것)제72조 제1항(다음부터 ‘이 사건 법률조항’이라 한다)은 무기징역의 집행 중에 있는 자의 가석방 요건을 종전의 ‘10년 이상’에서 ‘20년 이상’ 형의 집행을 경과할 것으로 강화하였고, 형법 부칙(2010.4.15."
142379,전문,10,법률 제10259호) 제2항(다음부터 ‘이 사건 부칙조항’이라 한다)은 이를 법 시행 당시에 이미 수용 중인 사람에 대하여도 적용하도록 규정하였다.이에 청구인은 이 사건 법률조항이 청구인의 평등권을 침해하고 형벌 불소급의 원칙에 반한다는 취지로 주장하며 2017.11.7.
142379,전문,11,그 위헌확인을 구하는 이 사건 헌법소원심판을 청구하였다.
142379,전문,12,2.판단
142379,전문,13,"법령에 대한 헌법소원은 법령시행과 동시에 기본권의 침해를 받게 되는 경우에는 그 법령이 시행된 사실을 안 날로부터 90일 이내에, 법령이 시행된 날로부터 1년 이내에 헌법소원을 청구하여야 한다.그런데 청구인은 2001.12.20."
142379,전문,14,무기징역형이 확정되어 그때부터 형 집행 중이고 이 사건 법률조항은 2010.10.16.
142379,전문,15,"시행되었으므로, 청구인은 법령시행과 동시에 기본권의 침해를 받게 된 경우에 해당한다.청구인은 이 사건 법률조항의 시행일인 2010.10.16.으로부터 1년이 경과하였음이 역수상 명백한 2017.11.7.에야 헌법소원심판을 청구하였으므로, 이 사건 심판청구는 청구기간을 준수하지 못하였다(설령 청구인의 주장을 이 사건 부칙조항의 위헌성을 다투는 것으로 보더라도, 이 사건 부칙조항 역시 2010.10.16.부터 시행되어 청구인은 법령시행과 동시에 기본권의 침해를 받게 된 경우에 해당하므로, 청구기간을 준수하지 못한 점은 동일하다)."
142379,전문,16,3.결론
142379,전문,17,이 사건 심판청구는 부적법하므로 이를 각하하기로 하여 관여 재판관 전원의 일치된 의견으로 주문과 같이 결정한다.
