결정례일련번호,구분,문장번호,내용
146548,전문,1,사○ 2018헌마198 재판취소 등
146548,전문,2,청 구 인 김 ○ 영
146548,전문,3,[주 문]
146548,전문,4,이 사건 심판청구를 각하한다.[이 유]
146548,전문,5,1.사건개요
146548,전문,6,청구인은 폭행치상 혐의로 기소되어 제1심(광주지방법원 2017고단400)계속 중에 있다.청구인은 위 형사재판 과정에서 발생한 구속절차와 재판절차상 위법성 등에 대하여 헌법소원심판(2018헌마110)을 청구하였으나 2018.2.6.
146548,전문,7,법원의 재판에 대한 심판청구라는 이유로 각하되었다.청구인은 2018.2.22.
146548,전문,8,동일한 내용의 이 사건 헌법소원심판을 청구하였다.
146548,전문,9,2.판단
146548,전문,10,헌법재판소는 이미 심판을 거친 동일한 사건에 대하여는 다시 심판할 수 없다(헌법재판소법 제39조).
146548,전문,11,"청구인은 이미 이 사건 심판대상과 동일한 심판대상에 대하여 헌법소원심판(2018헌마110)을 청구하여 법원의 재판에 대한 심판청구라는 이유로 각하된 바 있고, 이러한 요건의 흠결은 보정할 수 있는 것도 아니므로, 이 사건 심판청구는 헌법재판소가 이미 심판을 거친 동일한 사건에 대하여 다시 심판청구를 한 것으로서, 일사부재리원칙에 위반된다."
146548,전문,12,3.결론
146548,전문,13,이 사건 심판청구는 부적법하므로 헌법재판소법 제72조 제3항 제4호에 따라 이를 각하하기로 하여 관여 재판관 전원의 일치된 의견으로 주문과 같이 결정한다.
