결정례일련번호,구분,문장번호,내용
146154,전문,1,사 건 98헌마131 미결구금일수불산입 위헌확인
146154,전문,2,청 구 인 강 ○ 중
146154,전문,3,[주 문]
146154,전문,4,이 사건 심판청구를 각하한다.[이 유]
146154,전문,5,1.이 사건 심판청구의 이유요지
146154,전문,6,"청구인은 특정범죄가중처벌등에관한법률위반(사기)죄 등으로 1심과 항소심에서 유죄판결을 선고받고 대법원에 상고하였는데, 대법원은 1997.9.12."
146154,전문,7,청구인의 상고를 기각하면서 상고제기후의 구금일수 102일 중 90일만을 본형에 산입한다는 판결(97도1546)을 선고하였다.이에 청구인은 상고 제기후의 구금일수 전부를 본형에 산입하지 아니한 대법원의 위 판결이 청구인에게 보장된 헌법상 기본권을 침해한다고 주장하면서 그 시정을 구하기 위하여 이 사건 헌법소원심판을 청구한다는 것이다.
146154,전문,8,2.판 단
146154,전문,9,"헌법재판소법 제68조 제1항 본문에 의하면 공권력의 행사 또는 불행사로 인하여 헌법상 보장된 기본권을 침해받은 자는 법원의 재판을 제외하고는 헌법재판소에 헌법소원심판을 청구할 수 있다고 규정하고 있으므로, 원칙적으로 법원의 재판을 대상으로 하는 헌법소원 심판청구는 허용되지 아니한다.따라서 이 사건 헌법소원 심판청구는 법원의 재판을 대상으로 한 것으로서 부적법하므로 헌법재판소법 제72조 제3항 제1호 후단에 따라 재판관 전원의 일치된 의견으로 이를 각하하기로 하여 주문과 같이 결정한다."
