결정례일련번호,구분,문장번호,내용
147465,전문,1,사 건 99헌아25 민사소송법 제327조 위헌확인(재심)청 구 인 심 ○ 섭
147465,전문,2,[주 문]
147465,전문,3,청구인의 심판청구를 각하한다.[이 유]
147465,전문,4,1.심판청구의 요지
147465,전문,5,"청구인의 심판청구 요지는, 청구인이 심판청구한 99헌마537 민사소송법 제327조 위헌확인 사건에 관하여, 이 재판소가 청구기간이 도과되었다는 이유로 1999.10.7."
147465,전문,6,"심판청구를 각하하는 결정을 하였는데, 같은 결정에서 청구기간이 도과되었다고 판단한 것은 잘못되었으므로 같은 사건을 다시 심판하여 달라는 것이다."
147465,전문,7,2.판단
147465,전문,8,"청구인의 심판청구의 적법성 여부에 관하여 살펴본다.헌법재판소는 이미 심판을 거친 동일한 사건에 대하여는 다시 심판할 수 없고(헌법재판소법 제39조), 헌법재판소의 결정에 대하여는 원칙적으로 불복신청이 허용되지 아니한다(헌재 1994.12.29."
147465,전문,9,"92헌아1, 판례집 6-2, 538; 헌재 1994.12.29."
147465,전문,10,"92헌아2, 판례집 6-2, 543 등 참조)."
147465,전문,11,이 사건 심판청구는 위 99헌마537호 사건에 대한 헌법재판소의 각하결정에 대한 단순한 불복소원에 불과하다.따라서 이 사건 심판청구는 부적법하고 그 흠결을 보정할 수 없는 경우에 해당 하므로 헌법재판소법 제72조 제3항 제4호에 따라 관여 재판관 전원의 일치된 의견으로 이를 각하하기로 하여 주문과 같이 결정한다.
