결정례일련번호,구분,문장번호,내용
149763,전문,1,사 건 2018헌마1177 특정 범죄자에 대한 보호관찰 및 전자장치 부착 등에 관한 법률 제5조 제1항 등 위헌확인
149763,전문,2,청 구 인 정 ○ 철
149763,전문,3,[주 문]
149763,전문,4,이 사건 심판청구를 각하한다.[이 유]
149763,전문,5,1.사건개요
149763,전문,6,청구인은 2016.10.27.
149763,전문,7,"수원지방법원에서 아동ㆍ청소년의성보호에관한법률위반(위계등간음)죄로 징역 8년과 신상정보공개 8년 및 80시간의 성폭력치료프로그램 이수를 선고받고(수원지방법원 2016고합212)이에 대해 항소하였으나, 2017.4.27."
149763,전문,8,"서울고등법원에서 징역 8년과 신상정보공개 8년 및 10년간 위치추적 전자장치 부착을 선고받았으며[서울고등법원 2016노3662, 2017전노29(병합)], 2017.7.11."
149763,전문,9,청구인의 상고가 기각되어 위 판결이 확정되었다(대법원 2017도7649).
149763,전문,10,청구인은 위치추적 전자장치 부착명령의 근거가 된 심판대상조항이 청구인의 행복추구권 등을 침해하여 위헌이라고 주장하며 2018.12.12.
149763,전문,11,이 사건 헌법소원심판을 제기하였다.
149763,전문,12,2.판단
149763,전문,13,"법령에 대한 헌법소원의 청구기간은 그 법률의 시행과 동시에 기본권의 침해를 받게 되는 경우에는 그 법률이 시행된 사실을 안 날로부터 90일 이내에, 법률이 시행된 날로부터 1년 이내에 헌법소원을 청구하여야 하고, 법률이 시행된 뒤에 비로소 그 법률에 해당되는 사유가 발생하여 기본권의 침해를 받게 되는 경우에는 그 사유가 발생하였음을 안 날로부터 90일 이내에, 그 사유가 발생한 날로부터 1년 이내에 헌법소원을 청구하여야 한다(헌재 1998.7.16."
149763,전문,14,95헌바19등 참조).
149763,전문,15,청구인은 2017.4.27.
149763,전문,16,"서울고등법원에서 10년간 전자장치의 부착을 명하는 판결을 받았고 그 때 청구인이 주장하는 심판대상조항에 의한 기본권 침해 사유가 발생하였음을 알게 되었다고 할 것이므로, 그로부터 90일이 경과한 이후에 제기된 이 사건 심판청구는 청구기간을 도과하여 부적법하다."
149763,전문,17,3.결론
149763,전문,18,"이 사건 심판청구는 부적법하므로, 헌법재판소법 제72조 제3항 제2호에 따라 이를 각하하기로 하여 관여 재판관 전원의 일치된 의견으로 주문과 같이 결정한다."
