결정례일련번호,구분,문장번호,내용
151601,전문,1,사○ 2019헌마629 형사재판 공판기일 미공개 위헌확인
151601,전문,2,청 구 인 진○○○
151601,전문,3,[주 문]
151601,전문,4,이 사건 심판청구를 각하한다.[이 유]
151601,전문,5,1.사건개요
151601,전문,6,청구인은 2019.6.18.
151601,전문,7,"원○ 전 국정원장, 양○ 전 대법원장에 대한 각 형사사건의 공판기일에 관한 충분한 정보가 제공되지 않음으로써 청구인의 기본권이 침해되었다면서 이 사건 헌법소원심판을 청구하였다."
151601,전문,8,2.적법요건 검토
151601,전문,9,"가.헌법재판소법 제68조 제1항에 의한 헌법소원심판의 청구인은 자신의 기본권에 대한 공권력 주체의 침해 행위가 위헌적인 것임을 구체적이고 명확하게 주장하여야 하고, 그와 같이 기본권 침해의 가능성을 확인할 수 있을 정도로 구체적인 주장을 하지 아니하고 막연하고 모호한 주장만을 하는 경우 그 심판청구는 부적법하다(헌재 2005.2.3."
151601,전문,10,2003헌마544등 참조).
151601,전문,11,"나.청구인은 형사재판의 공판기일에 관한 정보가 일반인들에게 충분히 제공되지 않아 공개재판이 제대로 이루어지지 않았다는 취지의 주장을 하고 있을 뿐, 그로 인하여 자신의 어떠한 기본권이 구체적으로 어떻게 침해받았는지에 대한 명확한 주장을 하고 있지 않으므로, 이 사건 심판청구는 부적법하다."
151601,전문,12,3.결론
151601,전문,13,"그렇다면 헌법재판소법 제72조 제3항 제4호에 따라 이 사건 심판청구를 각하하기로 하여, 관여 재판관 전원의 일치된 의견으로 주문과 같이 결정한다."
