결정례일련번호,구분,문장번호,내용
167095,전문,1,사           건          2016헌마76    기소유예처분취소
167095,전문,2,청    구    인          1.조 ○○
167095,전문,3,2.김 ○○
167095,전문,4,3.노 ○○
167095,전문,5,4.강 ○○
167095,전문,6,위 청구인들의 대리인   법무법인 우리누리
167095,전문,7,담당변호사 박○
167095,전문,8,피   청    구  인          서울중앙지방검찰청 검사
167095,전문,9,[주           문]
167095,전문,10,이 사건 심판청구를 기각한다.[이           유]
167095,전문,11,"청구인들은 피청구인의 2015.11.3.자 기소유예처분(서울중앙지방검찰청 2013년 형제109024호, 2014년 형제37211호 사건에서의 불기소처분 중 각 청구인에 대한 기소유예 부분, 이하 ‘이 사건 기소유예처분’이라 한다)이 헌법상 보장된 청구인들의 평등권 및 행복추구권을 침해한다고 주장한다.그러나 이 사건 기록을 자세히 살펴보아도, 피청구인이 현저히 정의와 형평에 반하는 수사를 하였다거나 헌법의 해석, 법률의 적용 또는 증거판단에 있어 이 사건 기소유예처분에 영향을 미친 중대한 잘못이 있었다고 보이지 아니하고, 달리 이 사건 기소유예처분이 헌법재판소가 관여할 정도로 자의적 처분이라고 볼 자료도 없으므로 이로 인하여 청구인들이 주장하는 기본권이 침해되었다고 볼 수 없다.그렇다면 이 사건 심판청구는 이유 없으므로 이를 기각하기로 하여, 관여 재판관 전원의 일치된 의견으로 주문과 같이 결정한다."
