결정례일련번호,구분,문장번호,내용
182465,전문,1,【당 사 자】
182465,전문,2,사		건	2023헌아197    구 경찰공무원법 제22조 제2항 위헌소원(재심)청	구	인	변○○○
182465,전문,3,재심대상결정	헌법재판소 2023.4.4.
182465,전문,4,2023헌아166 결정
182465,전문,5,결       정	일	2023.4.25.
182465,전문,6,【주 문】
182465,전문,7,이 사건 심판청구를 각하한다.【이 유】
182465,전문,8,"헌법재판소의 결정에 대하여는 원칙적으로 불복신청이 허용되지 않고, 청구인이 심판청구서에 재심이라는 용어를 사용했다 하더라도 그 실질에 있어서는 헌법재판소의 결정에 대한 단순 불복에 불과한 경우에는 재심청구라 볼 수 없고 원칙적으로 허용되지 아니하는 불복신청이라 볼 것이다(헌재 1994.12.29."
182465,전문,9,92헌아1 등 참조).
182465,전문,10,"청구인은 형식적으로 이 사건 재심대상결정에 민사소송법 제451조 제1항 제9호의 재심사유가 있다고 주장하나 이에 관련된 구체적 주장이 없고 단지 재심대상결정이 잘못되었다는 취지의 주장만 하고 있는바, 이는 결국 그 실질에 있어서는 재심대상결정에 대한 단순한 불복신청에 불과하므로 허용될 수 없는 심판청구라고 할 것이다(헌재 1999.10.29."
182465,전문,11,99헌아23; 헌재 2006.7.18.
182465,전문,12,2006헌아28 등 참조).
182465,전문,13,"그렇다면 이 사건 심판청구는 부적법하므로 헌법재판소법 제72조 제3항 제4호에 따라 이를 각하하기로 하여, 관여 재판관 전원의 일치된 의견으로 주문과 같이 결정한다."
182465,전문,14,"재판장,김○,이○,김○"
