결정례일련번호,구분,문장번호,내용
133402,전문,1,사      건      2009헌마12  기소유예처분취소
133402,전문,2,청  구  인      김 ○ 순
133402,전문,3,국선대리인 변호사 임○
133402,전문,4,피청구인      광주지방검찰청 검사
133402,전문,5,주           문
133402,전문,6,청구인의 심판청구를 기각한다.
133402,전문,7,이           유
133402,전문,8,청구인은 피청구인이 2008.9.25.
133402,전문,9,"광주지방검찰청 2008형제45683호 사건에 대하여 한 기소유예처분은 청구인의 헌법상 보장된 평등권과 재판절차진술권을 침해한 것이라고 주장하면서 위 기소유예처분의 취소를 구하는 이 사건 헌법소원심판을 청구하였다.그러나 이 사건 기록을 살펴보면 피청구인이 위 사건에 관하여 현저히 정의와 형평에 반하는 수사를 하였다거나, 헌법의 해석, 법률의 적용 또는 증거판단에 있어서 기소유예처분의 결정에 영향을 미친 중대한 잘못이 있었다고 보이지 아니하고, 달리 피청구인의 위 각 기소유예처분이 헌법재판소가 관여할 정도의 자의적인 처분이라고 볼 자료도 없으므로 이로 말미암아 청구인 주장의 기본권이 침해되었다고 볼 수 없다.그렇다면 이 사건 심판청구는 이유 없으므로 이를 기각하기로 하여 관여 재판관 전원의 일치된 의견으로 주문과 같이 결정한다."
133402,전문,10,2009.4.30.
133402,전문,11,재판장    재판관  이○        이○
133402,전문,12,───────────────
133402,전문,13,재판관  이○        이○
133402,전문,14,───────────────
133402,전문,15,재판관  조○        조○
133402,전문,16,───────────────
133402,전문,17,재판관  김○        김○
133402,전문,18,───────────────
133402,전문,19,재판관  김○        해외출장으로 서명날인 불능
133402,전문,20,───────────────
133402,전문,21,재판장      이○
133402,전문,22,재판관
133402,전문,23,───────────────
133402,전문,24,재판관  민○        민○
133402,전문,25,───────────────
133402,전문,26,재판관  이○      이○
133402,전문,27,────────────────
133402,전문,28,재판관  목○        목○
133402,전문,29,───────────────
133402,전문,30,재판관  송○        송○
133402,전문,31,───────────────
