결정례일련번호,구분,문장번호,내용
148634,전문,1,사 건 2018헌마781 교육부 홈페이지 게시글 삭제 등 위헌확인
148634,전문,2,청 구 인 최 ○ 남
148634,전문,3,[주 문]
148634,전문,4,이 사건 심판청구를 모두 각하한다.[이 유]
148634,전문,5,1.사건개요
148634,전문,6,"청구인은, 청구인 자신이 교육부 홈페이지의 “교육부 청백리 칭찬방”에 게시하였던 국익ㆍ공익을 위한 글을 교육부 공무원이 2018.7.20.을 전후하여 삭제하였다고 하면서, 2018.7.27."
148634,전문,7,"교육부 홈페이지에 자유게시판을 두지 않은 것, 청구인이 “교육부 청백리 칭찬방”에 글을 교육부 공무원이 삭제한 것이 청구인의 기본권을 침해한다고 주장하며 이 사건 헌법소원심판을 청구하였다."
148634,전문,8,2.판단
148634,전문,9,"헌법재판소법 제68조 제1항에서의 ‘공권력’이란, 은 ‘공권력의 행사 또는 불행사로 인하여 기본권을 침해받은 자’가 헌법소원을 제기할 수 있다고 규정하고 있는바, 여기에서 ‘공권력’이란 입법권ㆍ행정권ㆍ사법권을 행사하는 모든 국가기관ㆍ공공단체 등의 고권적 작용을 말하고(헌재 2001.3.21."
148634,전문,10,"99헌마139등), 그 행사 또는 불행사로 국민의 권리와 의무에 대하여 직접적인 법률효과를 발생시켜 청구인의 법률관계 내지 법적 지위를 불리하게 변화시키는 것이어야 한다(헌재 2008.1.17."
148634,전문,11,2007헌마700; 헌재 2012.2.23.
148634,전문,12,2008헌마500; 헌재 2015.10.21.
148634,전문,13,2015헌마214 등 참조).
148634,전문,14,"청구인은 교육부 홈페이지에 자유게시판을 두지 않은 것, 교육부 공무원이 교육부 홈페이지에 청구인이 올린 글을 2017.7.20."
148634,전문,15,"무렵 삭제한 것이 청구인의 기본권을 침해한다고 주장한다.그러나 청구인이 주장하는 이 같은 행위들은, 청구인의 권리를 제한하거나 의무의 부담을 명함으로써 청구인의 법률상 지위에 직접적인 법률적 변동을 일으킨다고 보기 어려우므로, 헌법소원의 대상이 되는 ‘공권력의 행사’에 해당하지 않는다.이를 대상으로 한 이 사건 심판청구는 모두 부적법하다."
148634,전문,16,3.결론
148634,전문,17,"이 사건 심판청구는 모두 부적법하므로, 헌법재판소법 제72조 제3항 제4호에 따라 이를 각하하기로 하여 관여 재판관 전원의 일치된 의견으로 주문과 같이 결정한다."
