결정례일련번호,구분,문장번호,내용
158493,전문,1,사  건○  2019헌마1145 기소유예처분취소
158493,전문,2,청 구 인  이○○○
158493,전문,3,"대리인 변호사 김○, 양○"
158493,전문,4,피 청 구 인  제36보병사단 보통검찰부 군검사
158493,전문,5,[주  문]
158493,전문,6,이 사건 심판청구를 각하한다.[이  유]
158493,전문,7,1.사건개요
158493,전문,8,가.청구인은 제36보병사단 ○○으로 파견 근무 중에 있는 군인이다.
158493,전문,9,나.청구인은 2019.9.26.
158493,전문,10,피청구인으로부터 “2019.3.21.
158493,전문,11,22:40경에서 2019.3.22.
158493,전문,12,"05:30경 사이에 원주시 (주소 생략)피해자(여, 21세)의 집에 시건되지 않은 거실 외측 창문을 열고 내부로 들어가려다가 자신의 의류와 소지품을 떨어뜨려 주거침입을 하였다.”라는 피의사실로 기소유예처분을 받았다(제36보병사단 보통검찰부 2019년 형제41호, 이하 ‘이 사건 기소유예처분’이라고 한다)."
158493,전문,13,다.이에 청구인은 “청구인이 위 주거에 침입하였다고 볼 만한 아무런 증거가 없음에도 단순히 심증만으로 이 사건 기소유예처분을 한 것이다.”라고 주장하며 2019.10.8.
158493,전문,14,이 사건 기소유예처분에 대해 헌법소원심판을 청구하였다.
158493,전문,15,라.그런데 이 사건 심판이 계속되던 중○ 2019.11.11.
158493,전문,16,"피청구인은 “헌법소원심판청구에 대한 기록 재검토 과정에서 직접 증거에 대한 확인이 필요하다.”라는 사유로 이 사건 기소유예처분 사건을 제36보병사단 보통검찰부 2019년 형제63호로 재기하였고, 이후 2019.12.19."
158493,전문,17,새로이 혐의없음의 불기소처분을 하였다.
158493,전문,18,2.판단
158493,전문,19,검사가 불기소처분한 사건을 재기하여 수사한 다음 다시 불기소처분이나 공소제기처분을 한 경우 원래의 불기소처분은 그 효력을 잃게 되므로 그 원래의 불기소처분에 대한 헌법소원심판청구는 부적법하다 할 것인데(헌재 1999.4.29.
158493,전문,20,98헌마370; 헌재 2006.1.26.
158493,전문,21,"2005헌마939 참조), 앞서 본 바와 같이 이 사건 기소유예처분에 대해 피청구인은 2019.11.11."
158493,전문,22,"제36보병사단 보통검찰부 2019년 형제63호로 재기하였으므로, 이 사건 기소유예처분은 효력을 상실하였다.따라서 효력을 잃은 이 사건 기소유예처분의 취소를 구하는 이 사건 심판청구는 부적법하다.3.결론"
158493,전문,23,그렇다면 이 사건 심판청구를 각하하기로 하여 관여 재판관 전원의 일치된 의견으로 주문과 같이 결정한다.
