결정례일련번호,구분,문장번호,내용
147044,전문,1,사 건 2018헌마420 구 특정범죄 가중처벌 등에 관한 법률 제11조 제2항 제2호 위헌확인
147044,전문,2,청 구 인 이 ○ 재
147044,전문,3,[주 문]
147044,전문,4,이 사건 심판청구를 각하한다.[이 유]
147044,전문,5,1.사건개요
147044,전문,6,청구인은 2017.4.7.
147044,전문,7,"특정범죄가중처벌등에관한법률위반(향정)죄로 대구지방법원에서 징역 3년 6월 및 1,000만 원의 추징을 선고받았다(대구지방법원 2016고합585)."
147044,전문,8,"항소심은, 압수된 필로폰이 몰수되었으므로 그 몰수된 가액 부분은 추징할 수 없다는 이유로 2017.8.31."
147044,전문,9,제1심 판결을 파기하고 청구인에 대하여 징역 3년 6월의 형을 선고하였다(대구고등법원 2017노179).
147044,전문,10,이에 청구인은 상고하였으나 2018.1.25.
147044,전문,11,상고가 기각되어 제2심 판결이 그대로 확정되었다(대법원 2017도14460).
147044,전문,12,"이에 청구인은, 청구인에 대한 유죄판결의 근거 조항인 ‘특정범죄 가중처벌 등에 관한 법률’(이하 ‘특정범죄가중법’이라 한다)제11조 제2항 제2호가 위헌이라고 주장하면서 2018.4.20."
147044,전문,13,이 사건 헌법소원심판을 청구하였다.
147044,전문,14,2.판단
147044,전문,15,"이 사건 심판청구서에 의하면, 청구인은 필로폰 매도 행위가 특정범죄가중법 제11조 제2항 제2호에서 규정한 ‘소지ㆍ소유ㆍ재배ㆍ사용ㆍ수출입ㆍ제조 등’에 포함되어 있지 않고, 이와 달리 매도가 위 조항의 처벌 대상에 포함된다고 해석하는 것은 청구인에게 불리한 유추해석으로서 허용될 수 없다고 주장하면서, 특정범죄가중법 제11조 제2항 제2호의 위헌확인을 구한다.그런데 이는 결국 위 법원의 범죄사실인정과 법령의 해석ㆍ적용을 다투는 것으로서 법원의 재판에 대하여 헌법소원심판을 청구하는 것이라고 봄이 상당하다.청구인에 대한 위 법원의 재판은 예외적으로 헌법소원심판의 대상이 되는 법원의 재판에 해당되지 아니하므로 이에 대한 헌법소원심판청구는 부적법하다."
147044,전문,16,3.결론
147044,전문,17,"그렇다면 이 사건 심판청구는 부적법하므로 이를 각하하기로 하여, 관여 재판관 전원의 일치된 의견으로 주문과 같이 결정한다."
