결정례일련번호,구분,문장번호,내용
149343,전문,1,사 건 2018헌마1074 기본권 침해 위헌확인
149343,전문,2,청 구 인 김 ○ 기
149343,전문,3,[주 문]
149343,전문,4,이 사건 심판청구를 각하한다.[이 유]
149343,전문,5,1.사건개요
149343,전문,6,가.청구인은 2017.4.7.
149343,전문,7,광주지방법원에서 『2017.2.3.
149343,전문,8,"피해자의 집 안에 들어가 훔칠 물건을 찾던 중 피해자에게 발각되자 피해자를 폭행하였다』는 취지의 준강도미수 등의 범죄사실로 징역 3년의 유죄판결을 선고받았다(2017고합36, 이하 ‘이 사건 제1 판결’이라 한다)."
149343,전문,9,이후 청구인은 광주고등법원에 항소하였으나 2017.8.10.
149343,전문,10,"항소기각판결을 선고받았고(2017노204), 다시 대법원에 상고하였으나 2017.10.24."
149343,전문,11,"상고기각결정을 받았다(2017도13444, 이하 ‘이 사건 제2 판결’이라 한다)."
149343,전문,12,나.청구인은 2017.11.10.
149343,전문,13,광주지방법원에 이 사건 제1 판결이 잘못되었다고 주장하면서 재심청구를 하였으나 2017.12.22.
149343,전문,14,"기각결정을 받았다(2017재고합15, 이하 ‘이 사건 제3 판결’이라 한다)."
149343,전문,15,다.청구인은 2018.11.1.
149343,전문,16,"이 사건 제1, 2, 3 판결이 모두 헌법에 위반된다고 주장하면서 이 사건 헌법소원심판을 청구하였다."
149343,전문,17,2.판단
149343,전문,18,"헌법재판소법 제68조 제1항 본문에 의하면, 원칙적으로 법원의 재판을 대상으로 하는 헌법소원심판청구는 허용되지 아니하고, 헌법재판소가 위헌으로 결정한 법령을 적용함으로써 국민의 기본권을 침해한 재판에 대해서만 헌법소원심판을 청구할 수 있다(헌재 2016.4.28."
149343,전문,19,2016헌마33 참조).
149343,전문,20,"청구인이 헌법에 위반된다고 주장하면서 그 위헌확인을 구하는 이 사건 제1, 2, 3 판결은 헌법재판소가 위헌으로 결정한 법령을 적용한 재판이 아니어서 헌법소원심판의 대상이 될 수 있는 예외적인 재판에 해당하지 아니하므로, 그 위헌확인을 구하는 헌법소원심판청구는 허용될 수 없다."
149343,전문,21,3.결론
149343,전문,22,"그렇다면 이 사건 심판청구는 모두 부적법하므로 이를 각하하기로 하여, 관여 재판관 전원의 일치된 의견으로 주문과 같이 결정한다."
