결정례일련번호,구분,문장번호,내용
152286,전문,1,사 건 2019헌아453 기본권 침해 위헌확인(재심)청 구 인 박○○○
152286,전문,2,재심대상결정 헌법재판소 2019.8.13.
152286,전문,3,2019헌마788 결정
152286,전문,4,[주 문]
152286,전문,5,이 사건 심판청구를 각하한다.[이 유]
152286,전문,6,1.사건개요
152286,전문,7,"청구인은 모인 문○○○ 외 25명을 강간 혐의로 고소한 사건에 대하여 재정신청기각결정을 받고(서울고등법원 2019초재2008)이에 대하여 재항고하였다고 주장하면서(대법원 2019모1709), 헌법소원을 청구하였으나 2019.8.13."
152286,전문,8,각하되었다(2019헌마788).
152286,전문,9,이에 청구인은 2019.8.23 위 2019헌마788 결정에 대한 재심을 구하는 이 사건 헌법소원심판을 청구하였다.
152286,전문,10,2.판단
152286,전문,11,헌법재판소의 결정에 대하여 재심을 청구하기 위해서는 헌법재판소법 제40조에 의하여 준용되는 민사소송법 제451조 제1항 각 호의 사유 중 헌법소원심판의 성질상 허용되는 재심사유를 재심청구의 이유로 주장하여야 한다(헌재 2018.4.3.
152286,전문,12,2018헌아139 등 참조).
152286,전문,13,"그런데 청구인은 범죄의 가해자들을 처벌해달라는 등 막연하고 모호한 주장만 하고 있을 뿐, 민사소송법 제451조 제1항 각 호의 사유 중 헌법소원심판에 대한 재심의 성질상 허용되는 사유에 대한 주장을 하고 있지 않다."
152286,전문,14,3.결론
152286,전문,15,그렇다면 이 사건 심판청구는 부적법하므로 이를 각하하기로 하여 관여 재판관 전원의 일치된 의견으로 주문과 같이 결정한다.
