결정례일련번호,구분,문장번호,내용
152707,전문,1,사○ 2019헌마1114 재판취소 등
152707,전문,2,청 구 인 이○○○
152707,전문,3,[주 문]
152707,전문,4,이 사건 심판청구를 각하한다.[이 유]
152707,전문,5,청구인은 대구지방법원 경주지원 2017.12.1.
152707,전문,6,"선고 2017고합5, 2017전고2(병합)판결, 대구고등법원 2018.5.17."
152707,전문,7,"선고 2017노625, 2017전노74(병합)판결, 대법원 2018.8.30."
152707,전문,8,"선고 2018도8701 판결, 대법원 2019.5.14.자 2018재도47 결정의 취소를 구하며, 2019.10.2."
152707,전문,9,"이 사건 헌법소원심판을 청구하였다.헌법재판소법 제68조 제1항 본문에 의하면 공권력의 행사 또는 불행사로 인하여 헌법상 보장된 기본권을 침해받은 자는 법원의 재판을 제외하고는 헌법재판소에 헌법소원심판을 청구할 수 있다고 규정하고 있으므로, 원칙적으로 법원의 재판을 대상으로 하는 헌법소원심판청구는 허용되지 아니하고, 다만 헌법재판소가 위헌으로 결정한 법령을 적용함으로써 국민의 기본권을 침해한 재판에 대하여만 헌법재판소법 제68조 제1항에 의한 헌법소원심판을 청구할 수 있다(헌재 2016.4.28."
152707,전문,10,2016헌마33 참조).
152707,전문,11,"그런데 청구인이 위헌확인을 구하는 법원의 위 판결 및 결정은 헌법소원심판의 대상이 될 수 있는 예외적인 법원의 재판에 해당하지 아니한다.그렇다면 이 사건 심판청구는 부적법하므로 이를 각하하기로 하여, 관여 재판관 전원의 일치된 의견으로 주문과 같이 결정한다."
