결정례일련번호,구분,문장번호,내용
151448,전문,1,사 건 2019헌아292 공람종결 처분 취소(재심)청 구 인 송○○
151448,전문,2,[주 문]
151448,전문,3,이 사건 심판청구를 각하한다.[이 유]
151448,전문,4,1.사건개요
151448,전문,5,청구인은 용인동부경찰서장의 내사종결처리의 취소 등을 구하는 헌법소원심판을 청구하였으나 이는 헌법소원심판의 대상이 되는 공권력 행사에 해당하지 아니한다는 이유 등으로 부적법 각하되었다(헌재 2019.5.7.
151448,전문,6,2019헌마404 결정).
151448,전문,7,이에 청구인은 2019.5.28.
151448,전문,8,위 2019헌마404 결정의 재심을 구하는 취지의 이 사건 헌법소원심판을 청구하였다.
151448,전문,9,2.판단
151448,전문,10,"헌법재판소의 결정에 대하여 재심을 청구하기 위해서는 헌법재판소법 제40조에 의하여 준용되는 민사소송법 제451조 제1항 각 호의 사유 중 헌법소원심판에 대한 재심의 성질상 허용되는 사유를 재심청구의 이유로 주장하여야 하고, 이에 해당하지 아니하는 사유를 들어 재심을 청구하면 그 재심청구는 부적법하다(헌재 2016.3.2."
151448,전문,11,2016헌마108 참조).
151448,전문,12,"그런데 청구인은 용인동부경찰서장 등의 내사종결처리가 부당하다는 취지의 주장을 되풀이할 뿐, 민사소송법 제451조 제1항 각 호의 사유 중 헌법소원심판에 대한 재심의 성질상 허용되는 사유에 대한 주장을 하고 있지 아니하다."
151448,전문,13,3.결론
151448,전문,14,"그렇다면 이 사건 심판청구는 부적법하므로 이를 각하하기로 하여, 관여 재판관 전원의 일치된 의견으로 주문과 같이 결정한다."
