결정례일련번호,구분,문장번호,내용
151898,전문,1,사 건 2019헌마667 교도소 내 구매물품 남녀차별 위헌확인
151898,전문,2,청 구 인 박○○○
151898,전문,3,피 청 구 인 ○○교도소장
151898,전문,4,[주 문]
151898,전문,5,이 사건 심판청구를 각하한다.[이 유]
151898,전문,6,1.사건개요
151898,전문,7,"청구인은 ○○교도소에서 징역형의 집행을 받고 있는 사람이다.청구인은 ○○교도소에서 자비구매물품 목록에 있는 머리띠, 머리끈, 린스(이하 ‘머리띠 등’이라 한다)를 구매하려 하였으나, 피청구인은 머리띠 등이 여성용품으로 분류되어 있어 남성 수용자인 청구인에게는 판매할 수 없다고 통보하였다.이에 청구인은 피청구인이 머리띠 등을 자신에게 판매하지 않은 행위가 남성 수용자인 자신의 평등권을 침해하는 것이라고 주장하면서 2019.6.25."
151898,전문,8,이 사건 헌법소원 심판을 청구하였다.
151898,전문,9,2.판단
151898,전문,10,"청구인은 피청구인이 머리띠 등의 자비 구입을 불허한 행위, 즉 머리띠 등의 판매를 거부한 행위를 다투고 있다.헌법재판소법 제68조 제1항 단서에 의하면, ‘다른 법률에 구제절차가 있는 경우에는 그 절차를 모두 거친 후에’ 헌법소원심판을 청구할 수 있다.항고소송의 대상으로서 행정청의 처분은 ‘행정청이 하는 구체적 사실에 관한 법집행으로서의 공권력의 행사 또는 그 거부와 그 밖에 이에 준하는 행정작용’을 의미하는바, ‘형의 집행 및 수용자의 처우에 관한 법률’ 제24조 제1항은 수용자가 교정시설의 장의 허가를 받아 수용생활에 필요한 물품을 구매할 수 있다고 하므로, 피청구인이 청구인의 머리띠 등 판매 요청을 받아들이지 않은 결정은 항고소송의 대상이 된다고 볼 수 있다.청구인이 위와 같은 권리구제절차를 거쳤음을 인정할 자료가 없고, 이러한 구제절차를 거쳤을 경우 권리구제가 이루어질 가능성이 거의 없다거나 위 절차 이행의 기대가능성이 없다고 볼 수 없으므로 이 사건에서 보충성의 예외를 인정하기 어렵다.결국 이 사건 헌법소원심판청구는 보충성 요건을 갖추지 못하였다(헌재 2018.5.15."
151898,전문,11,2018헌마448; 헌재 2019.4.15.
151898,전문,12,2019헌마311 참조).
151898,전문,13,3.결론
151898,전문,14,그렇다면 이 사건 심판청구는 부적법하므로 헌법재판소법 제72조 제3항 제1호 전단에 따라 이를 각하하기로 하여 관여 재판관 전원의 일치된 의견으로 주문과 같이 결정한다.
