결정례일련번호,구분,문장번호,내용
166631,전문,1,사           건          2018헌마863    기소유예처분취소
166631,전문,2,청    구    인          1.장○○○대리인   변호사 전○
166631,전문,3,2.전○○○(변호사)피   청    구  인          서울북부지방검찰청 검사
166631,전문,4,[주           문]
166631,전문,5,이 사건 심판청구를 모두 기각한다.[이           유]
166631,전문,6,청구인들은 서울북부지방검찰청 2018년 형제28226호 업무방해 등 사건에서 피청구인이 2018.6.26.
166631,전문,7,한 청구인들에 대한 각 기소유예처분과 서울북부지방검찰청 2018년 형제31402호 업무방해 사건에서 피청구인이 2018.7.11.
166631,전문,8,"한 청구인들에 대한 각 기소유예처분은 헌법상 보장된 청구인들의 평등권, 행복추구권을 침해한 것이라고 주장한다.그러나 이 사건 기록을 자세히 살펴보아도, 피청구인이 위 각 사건에 관하여 현저히 정의와 형평에 반하는 수사를 하였다거나, 헌법의 해석, 법률의 적용 또는 증거판단을 하면서 위 각 기소유예처분의 결정에 영향을 미친 중대한 잘못이 있었다고 보이지 아니하고, 달리 위 각 기소유예처분이 헌법재판소가 관여할 정도로 자의적 처분이라고 볼 자료도 없으므로, 이로 말미암아 청구인들이 주장하는 기본권이 침해되었다고 볼 수 없다.따라서 청구인들의 이 사건 심판청구는 모두 이유 없으므로 이를 기각하기로 하여, 관여 재판관 전원의 일치된 의견으로 주문과 같이 결정한다."
