결정례일련번호,구분,문장번호,내용
169671,전문,1,사           건          2021헌마1250    교도소 내 미응급조치 위헌확인
169671,전문,2,청    구    인          남○○○
169671,전문,3,피  청  구  인          ○○교도소장
169671,전문,4,[주           문]
169671,전문,5,이 사건 심판청구를 각하한다.[이           유]
169671,전문,6,1.사건개요
169671,전문,7,청구인은 현재 ○○교도소에 수용 중인 사람이다.청구인은 ○○교도소에 수용 중이던 2021.9.30.
169671,전문,8,야간에 혈압이 높아지고 맥박이 빨라져 응급조치를 요구하였음에도 의료상 적절한 조치를 취하지 않은 행위가 청구인의 기본권을 침해한다고 주장하며 2021.10.7.
169671,전문,9,이 사건 헌법소원심판을 청구하였다.
169671,전문,10,2.판단
169671,전문,11,헌법재판소법 제68조 제1항에 의한 헌법소원은 다른 법률에 구제절차가 있는 경우에는 그 절차를 모두 거친 후가 아니면 청구할 수 없다(헌법재판소법 제68조 제1항 단서).
169671,전문,12,"‘형의 집행 및 수용자의 처우에 관한 법률’에 의하면, 교도소장은 수용자가 건강한 생활을 하는 데에 필요한 위생 및 의료상의 적절한 조치를 하여야 하고(제30조), 수용자가 부상을 당하거나 질병에 걸리면 적절한 치료를 받도록 하여야 하며(제36조 제1항), 적절한 치료를 위하여 필요하다고 인정하는 때에는 수용자를 외부의료시설에서 진료 받게 할 수 있다(제37조 제1항)."
169671,전문,13,"위 법률에 비추어 보면, 청구인에게는 교도소장에게 의료상의 적절한 조치를 요구할 법률상 혹은 조리상의 신청권이 인정된다 할 것이고, 이를 거부 혹은 방치한 교도소장의 거부행위 혹은 부작위는 행정심판 및 행정소송의 대상이 된다(헌재 2005.11.29."
169671,전문,14,2005헌마1128; 헌재 2009.6.9.
169671,전문,15,2009헌마273; 헌재 2014.7.7.
169671,전문,16,2014헌마451 등 참조).
169671,전문,17,"그런데 청구인은 이러한 행정심판 및 행정소송을 제기함이 없이 곧바로 이 사건 헌법소원심판을 청구하였으므로, 이는 보충성 요건을 흠결하여 부적법하다."
169671,전문,18,3.결론
169671,전문,19,"그렇다면 헌법재판소법 제72조 제3항 제1호 전단에 따라 이 사건 심판청구를 각하하기로 하여, 관여 재판관 전원의 일치된 의견으로 주문과 같이 결정한다."
