결정례일련번호,구분,문장번호,내용
147056,전문,1,사 건 2018헌바179 가정폭력범죄의 처벌 등에 관한 특례법 제2조 제3호 등 위헌소원
147056,전문,2,청 구 인 조 ○ 철
147056,전문,3,당 해 사 건 광주가정법원 2017서10 보호처분결정에대한항고
147056,전문,4,[주 문]
147056,전문,5,이 사건 심판청구를 각하한다.[이 유]
147056,전문,6,1.사건개요
147056,전문,7,청구인은 배우자를 폭행하였다는 이유로 2017.5.16.
147056,전문,8,"광주가정법원에서 40시간의 가정폭력방지 관련 강의 수강을 명하는 보호처분결정을 받았다(광주가정법원 2017버27).청구인은 이에 불복하여 항고하였고(광주가정법원 2017서10), 그 소송 계속 중 위헌법률심판제청신청을 하였다가 기각되자(광주가정법원 2017저62), 2018.4.16."
147056,전문,9,"‘가정폭력범죄의 처벌 등에 관한 특례법’(이하 ‘가정폭력처벌법’이라 한다)제2조 제3호, 제6호, 제7호, 제9조 제1항, 제9조의2, 제10조, 제18조, 제21조, 제22조, 제24조, 제25조, 제40조, 제51조, 제53조에 대하여 이 사건 헌법소원심판을 청구하였다."
147056,전문,10,2.판단
147056,전문,11,"청구인이 해당 법률조항의 위헌성에 대하여는 아무런 주장을 하지 않은 경우라면, 결국 법률의 위헌 여부를 다투는 것이 아니므로 헌법재판소법 제68조 제2항의 청구로서 부적법하다(헌재 2002.10.31."
147056,전문,12,"2000헌바76, 판례집 14-2, 461, 466; 헌재 2014.7.23."
147056,전문,13,2014헌바288 참조).
147056,전문,14,"심판청구서에 의하면 청구인은, 이 사건 폭행행위 당시 신고를 받고 경찰관이 청구인의 집에 방문하였기 때문에 2차적인 피해가 훨씬 컸고, 피해자인 배우자가 문서로 고소장을 제출하지 않았기 때문에 취하가 되지 않는다는 것은 부당하다고 주장한다.그런데 청구인이 청구취지에 기재한 가정폭력처벌법 조항들은 가정폭력범죄의 정의, 가정보호사건의 관할 및 법원의 가정보호사건 조사ㆍ심리 방법 등을 규정한 조항들로서, 청구인의 위와 같은 주장은 위 조항들 자체의 위헌성을 직접 다투는 것이라 볼 수 없다.결국 청구인은 법률의 위헌 여부를 다투는 것이 아니므로 헌법재판소법 제68조 제2항의 청구로서 부적법하다(헌재 2001.3.21."
147056,전문,15,99헌바107; 헌재 2010.3.30.
147056,전문,16,2010헌바131 등 참조).
147056,전문,17,3.결론
147056,전문,18,"그렇다면 이 사건 심판청구를 각하하기로 하여, 관여 재판관 전원의 일치된 의견으로 주문과 같이 결정한다."
