결정례일련번호,구분,문장번호,내용
150073,전문,1,사 건 2019헌마30 공권력 행사 위헌확인
150073,전문,2,청 구 인 우 ○ 덕
150073,전문,3,피 청 구 인 울산지방검찰청 검사
150073,전문,4,[주 문]
150073,전문,5,이 사건 심판청구를 각하한다.[이 유]
150073,전문,6,1.사건개요
150073,전문,7,"가.청구인은 울산지방검찰청에 최○ ○ 규○를 사기로 고소하였으나, 1999.10.18."
150073,전문,8,"피의자의 미국도피를 이유로 기소중지되었다가(울산지방검찰청 1999형제39403), 이후 2005.9.5."
150073,전문,9,"재기되었으며, 최 ○ 규○는 2005.9.28."
150073,전문,10,기소되어 항소심에서 징역형이 확정되었다.
150073,전문,11,"나.청구인은 위 기소중지처분(울산지방검찰청 1999형제39403)당시 담당검사가 미국과의 범죄인인도조약으로 최 ○ 규의 신병을 확보할 수 있었음에도 ‘범죄인인도 조약이 체결되지 않아 신병을 확보할 수 없다’라고 거짓 통보를 하는 등 직무를 유기하였다고 진정하였으나, 피청구인은 2018.11.12."
150073,전문,12,"공소시효가 완성되었다는 이유로 공람종결처분하였다(2018 진정436호, 이하 ‘이 사건 처분’이라 한다)."
150073,전문,13,"다.청구인은 이 사건 처분이 위헌이라고 주장하며, 2019.1.8."
150073,전문,14,이 사건 헌법소원심판을 청구하였다.
150073,전문,15,2.판단
150073,전문,16,"진정 그 자체가 법률의 규정에 의하여 법률상의 권리행사로서 인정되는 것이 아니고, 진정을 기초로 하여 수사소추기관의 적의 처리를 요망하는 의사표시에 지나지 아니한 것인 만큼 진정에 의하여 이루어진 사건의 종결처리라는 것은 구속력이 없는 진정사건에 대한 수사기관의 내부적 사건처리방식에 지나지 아니하는 것이고, 따라서 그 처리결과에 대하여 불만이 있으면 진정인은 따로 고소나 고발을 할 수 있는 것으로서, 진정인의 권리행사에 아무런 영향을 미치는 것이 아니므로 이는 헌법소원심판의 대상이 되는 공권력의 행사라고 할 수 없다(헌재 1990.12.26."
150073,전문,17,89헌마277 등 참조).
150073,전문,18,따라서 이 사건 처분은 헌법소원심판의 대상이 되는 공권력의 행사라고 할 수 없다.
150073,전문,19,3.결론
150073,전문,20,"이 사건 심판청구는 부적법하므로 이를 각하하기로 하여, 관여 재판관 전원의 일치된 의견으로 주문과 같이 결정한다."
