결정례일련번호,구분,문장번호,내용
145916,전문,1,사 건 2018헌아102 형사소송법 제383조 제4호 위헌확인 등(재심)청 구 인 황 ○ 국
145916,전문,2,재심대상결정 헌법재판소 2018.1.16.
145916,전문,3,2017헌마1371 결정
145916,전문,4,[주 문]
145916,전문,5,이 사건 심판청구를 각하한다.[이 유]
145916,전문,6,1.사건개요
145916,전문,7,청구인은 형사소송법 제383조 제4호 등의 위헌확인을 구하는 헌법소원심판을 청구하였으나 2018.1.16.
145916,전문,8,모두 각하되었다(2017헌마1371).
145916,전문,9,이에 청구인은 2018.2.13.
145916,전문,10,위 2017헌마1371 결정에 대한 재심을 구하는 이 사건 헌법소원심판을 청구하였다.
145916,전문,11,2.판단
145916,전문,12,"헌법재판소의 결정에 대하여 재심청구를 하기 위해서는 헌법재판소법 제40조에 의하여 준용되는 민사소송법 제451조 제1항 각 호의 사유 중 헌법소원심판에 대한 재심의 성질상 허용되는 사유를 재심청구의 이유로 주장하여야 하고, 이에 해당하지 아니하는 사유를 들어 재심을 청구하면 그 심판청구는 부적법하다(헌재 2007.2.22."
145916,전문,13,2006헌아50 등 참조).
145916,전문,14,"그런데 청구인은 재심대상결정과 관련하여 헌법재판소가 각하 결정을 한 것은 부당하다는 취지의 주장을 할 뿐, 적법한 재심 사유에 관하여 다투지 않고 있으므로, 이 사건 심판청구는 허용될 수 없다."
145916,전문,15,3.결론
145916,전문,16,이 사건 심판청구는 부적법하므로 헌법재판소법 제72조 제3항 제4호에 따라 이를 각하하기로 하여 관여 재판관 전원의 일치된 의견으로 주문과 같이 결정한다.
