결정례일련번호,구분,문장번호,내용
152374,전문,1,사 건 2019헌마957 기본권 침해 위헌확인
152374,전문,2,청 구 인 차○○○
152374,전문,3,[주 문]
152374,전문,4,이 사건 심판청구를 각하한다.[이 유]
152374,전문,5,1.사건개요
152374,전문,6,"청구인은 2006년경 국내에서 마약범죄를 저지르고 필리핀으로 도주하였으나, 2007.8.2."
152374,전문,7,"필리핀에서 별도의 마약범죄 혐의로 체포되어 재판이 진행되는 동안 출국이 정지되었다가 2016.1.경 무죄판결을 받은 후, 2016.6.2."
152374,전문,8,"국제공조수사에 따라 한국으로 강제추방되었다.청구인은 2018년경부터 지속적으로 외교부에 대하여 청구인이 필리핀에서 체포된 후 강제추방 될 때까지 발생한 일들이 국제법 규정 등에 위반된 것은 아닌지 해명을 요청하는 내용의 청원을 하였으나, 외교부가 적절한 해명과 답변을 하지 않아 기본권이 침해되었다고 주장하며 2019.8.27."
152374,전문,9,이 사건 헌법소원심판을 청구하였다.
152374,전문,10,2.판단
152374,전문,11,"헌법소원심판청구가 부적법하다는 이유로 헌법재판소가 각하결정을 한 경우, 그 각하결정에서 판시한 요건의 흠결을 보정할 수 있는 때에 한하여 그 요건의 흠결을 보정하여 다시 심판청구를 하는 것은 별론으로 하고, 그러한 요건의 흠결을 보완하지 않은 채 동일한 내용의 심판청구를 되풀이하는 것은 허용될 수 없다(헌재 2001.6.28."
152374,전문,12,98헌마485 참조).
152374,전문,13,"청구인은 이미 청구인의 청원에 대하여 외교부가 적절한 해명과 답변을 하지 않았다고 주장하며 그 위헌확인을 구하는 헌법소원심판을 청구하였다가, 국가기관이 청원을 수리ㆍ심사하여 그 결과를 통지하였다면 비록 그 결과가 기대에 미치지 못한다 하더라도 헌법소원의 대상이 되는 공권력의 불행사가 있었다고 볼 수 없다는 이유로 각하되었다(헌재 2019.8.27."
152374,전문,14,2019헌마890).
152374,전문,15,"이와 같은 요건의 흠결은 보정할 수 있는 것이 아니므로, 이 사건 심판청구는 이미 심판을 거친 동일한 사건에 대하여 다시 심판청구를 한 것에 해당하여 일사부재리 원칙에 위반된다.3.결론"
152374,전문,16,그렇다면 이 사건 심판청구는 부적법하므로 헌법재판소법 제72조 제3항 제4호에 따라 이를 각하하기로 하여 관여 재판관 전원의 일치된 의견으로 주문과 같이 결정한다.
