결정례일련번호,구분,문장번호,내용
150824,전문,1,사 건 2019헌마329 치료감호 가종료 취소 등 위헌확인
150824,전문,2,청 구 인 박 ○ 현
150824,전문,3,[주 문]
150824,전문,4,이 사건 심판청구를 각하한다.[이 유]
150824,전문,5,1.사건개요
150824,전문,6,가.청구인은 2018.1.12.
150824,전문,7,"대전지방법원 공주지원 2017고단240, 2017고정45(병합), 79(병합), 89(병합), 98(병합)사기, 절도 사건에서 징역 1년에 벌금 500만원을 선고받고 항소하여 징역 1년을 선고받았으며(대전지방법원 2018노235), 이는 대법원에서 그대로 확정되었다(대법원 2018도11627)."
150824,전문,8,나.청구인은 위 재판 사건의 수사 과정 중 자신에 대한 치료감호 가종료가 취소되어 치료감호 중인 상태로 수사 및 재판을 받은 것과 자신에 대한 수사 과정에서 사건을 병합하지 않고 건별로 처리하는 등 경찰의 횡포가 있었다고 주장하면서 2019.3.26.
150824,전문,9,이에 대한 이 사건 헌법소원심판을 청구하였다.
150824,전문,10,2.판단
150824,전문,11,"헌법재판소법 제68조 제1항에 의한 헌법소원은 다른 법률에 구제절차가 있는 경우에는 그 절차를 모두 거친 후가 아니면 청구할 수 없는바(헌법재판소법 제68조 제1항 단서), 청구인이 다투는 치료감호 가종료 취소 결정에 대해서는 행정소송을 통하여 그 적법 여부를 다툴 수 있으므로 이를 거치지 않고 제기된 이 사건 심판청구는 헌법소원의 보충성 요건을 충족하지 못하여 부적법하다(헌재 2016.4.5."
150824,전문,12,2016헌마189; 헌재 2018.7.17.
150824,전문,13,2018헌마689 등 참조).
150824,전문,14,"또한 수사기관의 위법행위가 있었고 이로 인하여 청구인이 피해를 입었다면, 청구인은 해당 공무원을 수사기관에 고소ㆍ고발하여 구제받을 수 있고, 수사기관의 기소여부에 따라 당해 형사재판절차 또는 재정신청절차 등에서도 충분히 사법적 심사를 받을 수 있으므로, 이를 독립하여 헌법소원심판청구의 대상으로 삼을 수 없다(헌재 2017.12.12."
150824,전문,15,2017헌마1305; 헌재 2019.3.19.
150824,전문,16,2019헌마146 등 참조).
150824,전문,17,따라서 이 부분 심판청구도 부적법하다.
150824,전문,18,3.결론
150824,전문,19,"그렇다면 이 사건 심판청구는 부적법하므로 헌법재판소법 제72조 제3항 제4호에 따라 이를 각하하기로 하여, 관여 재판관 전원의 일치된 의견으로 주문과 같이 결정한다."
