결정례일련번호,구분,문장번호,내용
147327,전문,1,사 건 2018헌마519 교도소 내 의료조치 위헌확인
147327,전문,2,청 구 인 최 ○ 민
147327,전문,3,[주 문]
147327,전문,4,이 사건 심판청구를 각하한다.[이 유]
147327,전문,5,1.사건개요
147327,전문,6,청구인은 2018.3.6.
147327,전문,7,"○○교도소에 이송되어 수용 중인 사람이다.청구인은, 청구인의 무릎 관절 질병 및 통증을 이유로 특정 진통제의 처방을 요청하였으나 ○○교도소장은 위 진통제를 처방해 주지 아니하였고, 외부진료를 받을 때 외부의료시설을 ‘○○의료원’으로 제한하였다고 주장하면서, 2018.5.18."
147327,전문,8,○○교도소장의 위와 같은 행위의 위헌확인을 구하는 이 사건 헌법소원심판을 청구하였다.
147327,전문,9,2.판단
147327,전문,10,헌법소원심판은 다른 법률에 구제절차가 있는 경우에는 그 절차를 모두 거친 후에 청구할 수 있다(헌법재판소법 제68조 제1항 단서).
147327,전문,11,"‘형의 집행 및 수용자의 처우에 관한 법률’에 의하면, 교도소장은 수용자가 건강한 생활을 하는 데에 필요한 위생 및 의료상의 적절한 조치를 하여야 하고(제30조), 수용자가 부상을 당하거나 질병에 걸리면 적절한 치료를 받도록 하여야 하며(제36조 제1항), 적절한 치료를 위하여 필요하다고 인정하는 때에는 수용자를 외부의료시설에서 진료 받게 할 수 있다(제37조 제1항)."
147327,전문,12,"위 법률에 비추어 보면, 청구인에게는 무릎 관절 질병 및 통증의 치료와 관련하여 교도소장에게 의료상의 적절한 조치와 외부의료시설의 진료를 요구할 법률상 및 조리상의 신청권이 인정되고, 이를 거부 또는 방치한 교정시설의 장의 행위는 항고소송의 대상이 된다(헌재 2009.6.9."
147327,전문,13,2009헌마273; 헌재 2005.11.29.
147327,전문,14,2005헌마1128 등 참조).
147327,전문,15,"따라서 청구인의 주장과 같은 교도소장의 의료관련 행위가 있었다면 항고소송을 통하여 이를 다툴 수 있다.그런데 기록에 의하면 청구인은 청구인의 주장과 같은 교도소장의 의료관련 행위에 대하여 그와 같은 구제절차를 거쳤음을 인정할 만한 자료가 없으므로, 이 사건 심판청구는 다른 법률이 정한 구제절차를 거치지 않고 제기된 것으로서 보충성 요건을 흠결하여 부적법하다."
147327,전문,16,3.결론
147327,전문,17,"그렇다면 이 사건 심판청구를 각하하기로 하여, 관여 재판관 전원의 일치된 의견으로 주문과 같이 결정한다."
