결정례일련번호,구분,문장번호,내용
145763,전문,1,사 건 2018헌마104 기본권 침해 위헌확인
145763,전문,2,청 구 인 윤 ○ 명
145763,전문,3,[주 문]
145763,전문,4,이 사건 심판청구를 각하한다.[이 유]
145763,전문,5,청구인은 무고 및 명예훼손의 범죄사실로 기소되어 2014.6.11.
145763,전문,6,"광주지방법원으로부터 징역 2년 등을 선고받고(2013고단2557), 항소(광주지방법원 2014노1499)및 상고(대법원 2014도13997)하였으나 모두 기각되었다.이에 청구인은 2018.1.30."
145763,전문,7,"위 1심 판결의 취소를 구하는 취지의 이 사건 헌법소원심판을 청구하였다.헌법재판소법 제68조 제1항에 의하면 원칙적으로 법원의 재판을 대상으로 하는 헌법소원심판 청구는 허용되지 아니하고, 헌법재판소가 위헌으로 결정한 법령을 적용함으로써 국민의 기본권을 침해한 재판에 대하여만 헌법재판소법 제68조 제1항에 의한 헌법소원심판을 청구할 수 있다(헌재 1997.12.24."
145763,전문,8,96헌마172등 참조).
145763,전문,9,"청구인이 취소를 구하는 광주지방법원 2013고단2557 판결은 헌법재판소가 위헌으로 결정한 법령을 적용한 재판이 아니어서 헌법소원의 대상이 될 수 있는 예외적인 법원의 재판에 해당하지 아니하므로, 그 취소를 구하는 헌법소원심판청구도 허용될 수 없다.그렇다면 이 사건 심판청구는 부적법하므로 헌법재판소법 제72조 제3항 제1호 후단에 따라 이를 각하하기로 하여 관여 재판관 전원의 일치된 의견으로 주문과 같이 결정한다."
