결정례일련번호,구분,문장번호,내용
154301,전문,1,사  건○  2019헌마1310 수용자 가석방 등 차별 위헌확인
154301,전문,2,청 구 인  맹○○○
154301,전문,3,[주  문]
154301,전문,4,이 사건 심판청구를 모두 각하한다.[이  유]
154301,전문,5,1.사건개요
154301,전문,6,"청구인은 현재 형의 집행 중인 수형자인데, 2019.11.22."
154301,전문,7,"“강간죄로 처벌받은 수형자들의 경우 명시적인 법적 근거도 없이 개별처우등급, 생활태도 등을 불문하고 일률적으로 가석방 심사대상 및 ○○개방교도소 수용대상에서 제외하고 있는바, 이러한 차별행위는 청구인의 평등권을 침해하여 위헌이다.”라고 주장하며 이 사건 심판청구를 하였다."
154301,전문,8,2.적법요건 판단
154301,전문,9,"헌법재판소법 제68조 제1항은 공권력의 행사 또는 불행사로 인하여 기본권을 침해받은 자가 헌법소원을 제기할 수 있다고 규정하고 있는바, 여기에서 ‘공권력’이란 입법권·행정권·사법권을 행사하는 모든 국가기관·공공단체 등의 고권적 작용을 말하고, 그 행사 또는 불행사로 국민의 권리와 의무에 대하여 직접적인 법률효과를 발생시켜 청구인의 법률관계 내지 법적 지위를 불리하게 변화시키는 것이어야 한다(헌재 2012.3.29."
154301,전문,10,2010헌마599).
154301,전문,11,"가석방 및 개방교도소 수용은 수형자의 신청에 따라 행하여지는 것이 아니라 교정기관의 교정정책 혹은 형사정책적 판단에 따라 이루어지는 재량적 조치이므로, 수형자는 교정당국의 구체적인 가석방 처분 또는 개방교도소로의 이송 등이 있을 때 비로소 그에 해당하는 사실상의 이익을 얻게 될 뿐이고, 수형자에게 가석방이나 개방교도소로의 이송을 신청할 주관적 권리가 있는 것은 아니다.따라서 청구인이 주장하는 바와 같이 강간범죄자들이 가석방 대상 및 개방교도소 수용대상에서 제외된다 하더라도, 그로 인하여 청구인의 현재의 법률관계가 불리하게 변경되거나 청구인의 구체적이고 직접적인 법적 지위가 불리하게 변경되는 것이라고 할 수는 없으므로, 헌법소원심판의 대상이 되는 공권력의 행사에 해당한다고 볼 수 없다."
154301,전문,12,3.결론
154301,전문,13,"그렇다면 이 사건 심판청구는 모두 부적법하므로 헌법재판소법 제72조 제3항 제4호에 따라 이를 각하하기로 하여, 관여 재판관 전원의 일치된 의견으로 주문과 같이 결정한다."
