결정례일련번호,구분,문장번호,내용
129326,전문,1,사      건       2008헌마158  기소유예처분취소
129326,전문,2,청  구  인       유?우
129326,전문,3,대리인 법무법인 다원
129326,전문,4,담당변호사 박○
129326,전문,5,피청구인      의정부지방검찰청 고양지청 검사
129326,전문,6,주           문
129326,전문,7,청구인의 심판청구를 기각한다.
129326,전문,8,이           유
129326,전문,9,"청구인은 의정부지방검찰청 고양지청 2007형제41285호 사건에 대하여 피청구인이 2007.12.28.에 한 기소유예처분이 헌법상 보장된 청구인의 평등권 등을 침해하였다고 주장하며 위 기소유예처분의 취소를 구하는 이 사건 심판을 청구하였다.그러나 기록을 자세히 살펴보아도, 피청구인이 현저히 정의와 형평에 반하는 수사를 하였거나, 헌법의 해석, 법률의 적용 또는 증거판단에 있어서 위 기소유예처분의 결정에 영향을 미친 중대한 잘못이 있었거나, 달리 헌법재판소가 관여할 정도의 자의적인 처분을 함으로써 이로 말미암아 청구인이 주장하는 기본권을 침해하였다고 볼 자료가 없다.그렇다면 이 사건 심판청구는 이유 없으므로 이를 기각하기로 하여 관여 재판관 전원의 일치된 의견으로 주문과 같이 결정한다."
129326,전문,10,2008.12.26.
129326,전문,11,재판장    재판관  이○        이○
129326,전문,12,───────────────
129326,전문,13,재판관  이○        이○
129326,전문,14,ㅈ
129326,전문,15,───────────────
129326,전문,16,재판관  조○        조○
129326,전문,17,───────────────
129326,전문,18,재판관  김○        김○
129326,전문,19,───────────────
129326,전문,20,재판관  김○        김○
129326,전문,21,───────────────
129326,전문,22,재판관  민○      민○
129326,전문,23,────────────────
129326,전문,24,재판관  이○      이○
129326,전문,25,────────────────
129326,전문,26,재판관  목○        해외출장으로 서명날인 불능
129326,전문,27,───────────────
129326,전문,28,재판장      이○
129326,전문,29,재판관
129326,전문,30,───────────────
129326,전문,31,재판관  송○        송○
129326,전문,32,───────────────
