결정례일련번호,구분,문장번호,내용
153645,전문,1,사 건 2019헌아592 공권○력 행사 위헌확인(재심)청 구 인 권○○○
153645,전문,2,재심대상결정 헌법재판소 2019.11.5.
153645,전문,3,2019헌마1178 결정
153645,전문,4,[주 문]
153645,전문,5,이 사건 심판청구를 각하한다.[이 유]
153645,전문,6,1.사건개요
153645,전문,7,가.청구인은 2010.8.19.
153645,전문,8,"서울동부지방법원에서 특정범죄가중처벌등에관한법률위반(절도)죄 등으로 징역 3년을 선고받아 위 판결이 확정되었는데(2010노290), 청구인은 위 판결에 대하여 재심을 청구하여 2015.6.16."
153645,전문,9,"같은 법원에서 재심개시 결정을 받았고(2015재노8), 서울동부지방검찰청 검사는 2015.6.19."
153645,전문,10,위 재심개시 결정에 대하여 즉시항고를 제기하였다.
153645,전문,11,"나.청구인은 위 즉시항고 행위의 위헌확인을 구하는 헌법소원심판을 청구하였으나, 2019.11.5."
153645,전문,12,"각하되자(2019헌마1178), 2019.11.13."
153645,전문,13,위 2019헌마1178 결정에 대한 재심을 구하는 이 사건 헌법소원심판을 청구하였다.
153645,전문,14,2.판단
153645,전문,15,"청구인은 재심대상결정에 잘못이 있다는 주장만 하고 있을 뿐, 헌법재판소법 제40조에 의하여 준용되는 민사소송법 제451조 제1항 각 호의 사유 중 헌법소원심판에 대한 재심의 성질상 허용되는 사유에 대한 주장을 하고 있지 않다."
153645,전문,16,3.결론
153645,전문,17,그렇다면 이 사건 심판청구는 부적법하므로 이를 각하하기로 하여 관여 재판관 전원의 일치된 의견으로 주문과 같이 결정한다.
