결정례일련번호,구분,문장번호,내용
149465,전문,1,사○ 2018헌마1077 재판취소
149465,전문,2,청 구 인 박 ○ 정
149465,전문,3,[주 문]
149465,전문,4,이 사건 심판청구를 모두 각하한다.[이 유]
149465,전문,5,1.사건개요
149465,전문,6,가.청구인은 광주고등법원 2018.8.17.자 2018초재409 결정에 대하여 재항고를 하였다가 2018.10.19.
149465,전문,7,"재항고가 기각되었고(대법원 2018모2519), 광주고등법원 2018.8.8.자 2018로11 결정에 대하여 재항고를 하였다가 2018.10.23."
149465,전문,8,"재항고가 기각되었으며(대법원 2018모2445), 광주고등법원 2018.7.9.자 2018초재251 결정에 대하여 재항고를 하였다가 2018.10.23."
149465,전문,9,"재항고가 기각되었고(대법원 2018모2069), 광주고등법원 2018.8.28.자 2018초재413 결정에 대하여 재항고를 하였다가 2018.10.23."
149465,전문,10,재항고가 기각되었다(대법원 2018모2624).
149465,전문,11,"나.청구인은 대법원의 위 결정들(대법원 2018모2519, 대법원 2018모2445, 대법원 2018모2069, 대법원 2018모2624, 이하 ‘이 사건 결정들’이라 한다)이 판결 이유를 기재하지 아니하거나 사유가 명백함에도 재항고를 기각하였으므로 헌법에 위반된다고 주장하면서, 2018.11.2."
149465,전문,12,그 취소를 구하는 이 사건 헌법소원심판을 청구하였다.
149465,전문,13,2.판단
149465,전문,14,"헌법재판소법 제68조 제1항 본문은 ‘공권력의 행사 또는 불행사로 인하여 헌법상 보장된 기본권을 침해받은 자는 법원의 재판을 제외하고는 헌법재판소에 헌법소원심판을 청구할 수 있다.’고 규정하고 있으므로 원칙적으로 법원의 재판을 대상으로 하는 헌법소원심판청구는 허용되지 아니하고, 다만 헌법재판소가 위헌으로 결정한 법령을 적용함으로써 국민의 기본권을 침해한 재판에 대하여만 헌법재판소법 제68조 제1항에 의한 헌법소원심판을 청구할 수 있다.그런데 청구인이 다투는 이 사건 결정들은 헌법소원심판의 대상이 될 수 있는 예외적인 법원의 재판에 해당하지 아니하므로 그 취소를 구하는 이 사건 심판청구는 부적법하다."
149465,전문,15,3.결론
149465,전문,16,"그렇다면 헌법재판소법 제72조 제3항 제1호 후단에 따라 이 사건 심판청구를 각하하기로 하여, 관여 재판관 전원의 일치된 의견으로 주문과 같이 결정한다."
