결정례일련번호,구분,문장번호,내용
130101,전문,1,사      건     2009헌마8  계구사용행위 위헌확인
130101,전문,2,청  구  인     이 ○ 국
130101,전문,3,주           문
130101,전문,4,이 사건 심판청구를 각하한다.
130101,전문,5,이           유
130101,전문,6,1.사건의 개요
130101,전문,7,"청구인은, 피청구인이 2006.7.31.부터 같은 해 8.10.까지 약 10일간 청구인에 대한 징벌의 수단으로 청구인에게 계속적으로 계구(수갑 및 사슬)를 착용하도록 하여 청구인의 헌법상 보장된 기본권을 침해하였다고 주장하면서, 2009.1.7."
130101,전문,8,피청구인의 위 계속적 계구사용의 위헌확인을 구하는 취지의 이 사건 헌법소원심판을 청구하였다.2.판 단
130101,전문,9,"헌법재판소법 제68조 제1항에 의한 헌법소원심판은 그 사유가 있음을 안 날부터 90일, 그 사유가 있은 날부터 1년 이내에 청구하여야 한다(헌법재판소법 제69조 제1항 본문)."
130101,전문,10,"그런데 청구인의 이 사건 헌법소원심판청구는 기본권침해의 사유가 있은 계구사용 최종일인 2006.8.10.부터 1년이 훨씬 지난 2009.1.7.에 제기된 것이 명백하므로, 청구기간이 경과된 후에 청구된 것이어서 부적법하다.3.결 론"
130101,전문,11,그렇다면 이 사건 헌법소원심판청구는 부적법하므로 헌법재판소법 제72조 제3항 제2호에 따라 이를 각하하기로 하여 관여 재판관 전원의 일치된 의견으로 주문과 같이 결정한다.
130101,전문,12,2009.1.20.
130101,전문,13,재판장    재판관  이○      이○
130101,전문,14,재판관  민○        민○
130101,전문,15,재판관  이○        이○
