결정례일련번호,구분,문장번호,내용
11052,전문,1,사      건      2006헌마631    기소유예처분취소
11052,전문,2,청  구  인      김 ○ 남
11052,전문,3,대리인  법무법인 대륙
11052,전문,4,담당변호사 전○
11052,전문,5,피청구인  서울중앙지방검찰청 검사
11052,전문,6,주           문
11052,전문,7,청구인의 심판 청구를 기각한다.
11052,전문,8,이           유
11052,전문,9,청구인은 피청구인이 서울중앙지방검찰청 2006형제6158호 청구인에 대한 상해 사건에 관하여 2006.3.28.
11052,전문,10,결정한 기소유예처분이 청구인의 기본권을 침해한 것이라고 주장한다.그러나 이 사건 기록을 살펴보면 위 기소유예처분이 청구인의 기본권을 침해한다거나 헌법에 위반된다고 볼 수 없다.그렇다면 청구인의 이 사건 심판청구는 이유 없으므로 이를 기각하기로 하여 관여 재판관 전원의 일치된 의견으로 주문과 같이 결정한다.
11052,전문,11,2006.10.26.
11052,전문,12,재 판 장       재 판 관       주   선   회 ____________________________
11052,전문,13,재 판 관       이   공   현 ____________________________
11052,전문,14,재 판 관       조   대   현 ____________________________
11052,전문,15,재 판 관       김   희   옥 ____________________________
11052,전문,16,재 판 관       김   종   대 ____________________________
11052,전문,17,주 심 재 판 관       민   형   기 ____________________________
11052,전문,18,재 판 관       이   동   흡 ____________________________
11052,전문,19,재 판 관       목   영   준 ____________________________
