결정례일련번호,구분,문장번호,내용
181685,전문,1,【당 사 자】
181685,전문,2,사		건	2020헌마128    기소유예처분취소
181685,전문,3,청	구	인	이○○○
181685,전문,4,대리인   변호사 양○
181685,전문,5,피   청	   구	인	국방부 보통검찰부 군검사
181685,전문,6,선	고	일	2023.3.23.
181685,전문,7,【주 문】
181685,전문,8,이 사건 심판청구를 기각한다.【이 유】
181685,전문,9,"청구인은, 국방부 보통검찰부 2019년 형제170호 허위공문서작성방조 등 사건에서 피청구인이 2019.11.8."
181685,전문,10,"청구인에 대하여 한 기소유예처분은 헌법상 보장된 청구인의 평등권과 행복추구권을 침해한 것이라고 주장한다.그러나 이 사건 기록을 자세히 살펴보아도, 피청구인이 위 사건에 관하여 현저히 정의와 형평에 반하는 수사를 하였다거나, 헌법의 해석, 법률의 적용 또는 증거판단을 하면서 기소유예처분의 결정에 영향을 미친 중대한 잘못이 있었다고 보이지 아니하고, 달리 위 기소유예처분이 헌법재판소가 관여할 정도로 자의적 처분이라고 볼 자료도 없으므로, 이로 말미암아 청구인이 주장하는 기본권이 침해되었다고 볼 수 없다.그렇다면 이 사건 심판청구는 이유 없으므로 이를 기각하기로 하여, 관여 재판관 전원의 일치된 의견으로 주문과 같이 결정한다.[/]"
181685,전문,11,[/]
181685,전문,12,[/]
181685,전문,13,[/]
181685,전문,14,"재판장,유○,이○,이○,이○,이○,이○,김○,문○,이○"
