결정례일련번호,구분,문장번호,내용
14433,전문,1,사      건      2009헌마526  기소유예처분취소
14433,전문,2,청  구  인      1.김 ○ 한
14433,전문,3,2.박 ○ 부
14433,전문,4,3.김 ○ 관
14433,전문,5,4.김 ○ 택
14433,전문,6,5.최 ○ 영
14433,전문,7,6.오 ○ 우
14433,전문,8,7.김 ○ 원
14433,전문,9,청구인들 대리인 강남종합법무법인
14433,전문,10,담당변호사 김○
14433,전문,11,피청구인      부산지방검찰청 검사
14433,전문,12,주           문
14433,전문,13,청구인들의 심판청구를 기각한다.
14433,전문,14,이           유
14433,전문,15,"청구인들은 피청구인의 2009.6.30.자 청구인들에 대한 특수절도 혐의에 관한 기소유예처분(부산지방검찰청 2009년 형제51650호)이 자신들의 헌법상 보장된 평등권과 행복추구권 등을 침해한 것이라고 주장한다.그러나 이 사건 기록을 살펴보아도 피청구인이 위 사건에 관하여 현저히 정의와 형평에 반하는 수사를 하였거나, 헌법의 해석, 법률의 적용 또는 증거판단에 있어서 기소유예처분의 결정에 영향을 미친 중대한 잘못이 있었다고 보이지 아니하고, 달리 피청구인의 위 기소유예처분이 헌법재판소가 관여할 정도의 자의적인 처분이라고 볼 자료도 없으므로 이로 말미암아 청구인들 주장의 기본권이 침해되었다고 볼 수 없다.그렇다면 청구인들의 이 사건 심판청구는 이유 없으므로 이를 기각하기로 하여 관여 재판관 전원의 일치된 의견으로 주문과 같이 결정한다."
14433,전문,16,2010.9.30.
