결정례일련번호,구분,문장번호,내용
157699,전문,1,사  건○  2019헌마1267 기소유예처분취소
157699,전문,2,청 구 인  이○○○
157699,전문,3,국선대리인 변호사 박○
157699,전문,4,피 청 구 인  1.울산지방검찰청 검사
157699,전문,5,2.서울중앙지방검찰청 검사
157699,전문,6,[주  문]
157699,전문,7,이 사건 심판청구를 기각한다.[이  유]
157699,전문,8,"청구인은 울산지방검찰청 2019년 형제25710호 금융실명거래 및 비밀보장에 관한 법률위반방조 사건에서 피청구인 울산지방검찰청 검사가 2019.7.29.에 한 교육조건부 기소유예처분 및 서울중앙지방검찰청 2019년 형제74659호 사기방조 사건에서 피청구인 서울중앙지방검찰청 검사가 2019.9.25.에 한 기소유예처분은 헌법상 보장된 청구인의 평등권, 행복추구권을 침해한 것이라고 주장한다.그러나 이 사건 기록을 자세히 살펴보아도, 피청구인들이 위 사건에 관하여 현저히 정의와 형평에 반하는 수사를 하였다거나, 헌법의 해석, 법률의 적용 또는 증거판단을 하면서 위 기소유예처분의 결정에 영향을 미친 중대한 잘못이 있었다고 보이지 아니하고, 달리 위 기소유예처분이 헌법재판소가 관여할 정도로 자의적 처분이라고 볼 자료도 없으므로, 이로 말미암아 청구인이 주장하는 기본권이 침해되었다고 볼 수 없다.따라서 청구인의 이 사건 심판청구는 이유 없으므로 이를 기각하기로 하여, 관여 재판관 전원의 일치된 의견으로 주문과 같이 결정한다."
