결정례일련번호,구분,문장번호,내용
151778,전문,1,사 건 2019헌마762 기본권 침해 위헌확인
151778,전문,2,청 구 인 박○○○
151778,전문,3,[주 문]
151778,전문,4,이 사건 심판청구를 모두 각하한다.[이 유]
151778,전문,5,1.사건개요
151778,전문,6,"청구인은 2010.11.19.부터 2019.6.28.까지 검찰이 조직적으로 청구인을 불법 체포하고, 피의자 신문조서를 위ㆍ변조 하는 등 위법적인 공권력 행사를 하여 피해를 입었다고 주장하면서 형사보상을 구하는 한편 대한민국 정부에게 청구인의 기본권을 준수하라고 요구하면서, 2019.7.16."
151778,전문,7,이 사건 헌법소원심판을 청구하였다.
151778,전문,8,2.판단
151778,전문,9,"헌법재판소법 제68조 제1항에 의한 헌법소원심판의 청구인은 자신의 기본권에 대한 공권력 주체의 침해 행위가 위헌적인 것임을 구체적이고 명확하게 주장하여야 하고, 그와 같이 기본권 침해의 가능성을 확인할 수 있을 정도로 구체적인 주장을 하지 아니하고 막연하고 모호한 주장만을 하는 경우 그 심판청구는 부적법하다(헌재 2005.2.3."
151778,전문,10,2003헌마544등 참조).
151778,전문,11,그런데 이 사건에서 청구인은 누구의 어떤 행위로 자신의 어떠한 기본권이 구체적으로 어떻게 침해받았는지에 대하여 명확한 주장을 하지 않고 있다.
151778,전문,12,3.결론
151778,전문,13,그렇다면 이 사건 심판청구는 부적법하므로 이를 각하하기로 하여 관여 재판관 전원의 일치된 의견으로 주문과 같이 결정한다.
