결정례일련번호,구분,문장번호,내용
133560,전문,1,사      건       2006헌마956    기소유예처분취소
133560,전문,2,청  구  인       조 ○ 신
133560,전문,3,국선대리인   변호사  김   윤○   홍○
133560,전문,4,피청구인       서울중앙지방검찰청 검사
133560,전문,5,주           문
133560,전문,6,청구인의 심판청구를 기각한다.이           유
133560,전문,7,"청구인은 서울중앙지방검찰청 2006형제46915호 사건(피의자 청구인, 죄명 상해)에 대하여 피청구인이 2006.5.26.에 한 기소유예처분은 청구인의 헌법상 보장된 평등권 등을 침해한 것이라고 주장한다.그러나 기록을 자세히 살펴보아도, 피청구인이 위 사건에 관하여 현저히 정의와 형평에 반하는 수사를 하였거나, 헌법의 해석, 법률의 적용 또는 증거판단에 있어서 기소유예처분의 결정에 영향을 미친 중대한 잘못이 있었거나, 달리 헌법재판소가 관여할 정도의 자의적인 처분을 함으로써 이로 말미암아 청구인 주장의 기본권을 침해하였다고 볼 자료가 없다.그렇다면 청구인의 심판청구는 이유 없으므로 이를 기각하기로 하여 관여 재판관 전원의 일치된 의견으로 주문과 같이 결정한다."
133560,전문,8,2007.3.29.
133560,전문,9,재 판 장    재 판 관       이   강   국
133560,전문,10,재 판 관       이   공   현
133560,전문,11,재 판 관       조   대   현
133560,전문,12,재 판 관       김   희   옥
133560,전문,13,주 심 재 판 관       김   종   대
133560,전문,14,재 판 관       민   형   기
133560,전문,15,재 판 관       이   동   흡
133560,전문,16,재 판 관       목   영   준
