결정례일련번호,구분,문장번호,내용
151094,전문,1,사 건 2019헌바134 검찰사건사무규칙 제69조 제3항 제5호 위헌소원
151094,전문,2,청 구 인 정○○○
151094,전문,3,당 해 사 건 대법원 2019모164 재정신청 기각결정에 대한 재항고
151094,전문,4,[주 문]
151094,전문,5,이 사건 심판청구를 각하한다.[이 유]
151094,전문,6,1.사건개요
151094,전문,7,청구인은 청구외 이○○○을 무고죄의 혐의로 고소하였으나 서울남부지방검찰청 검사는 2018.5.30.
151094,전문,8,혐의없음의 불기소처분을 하였다(서울남부지방검찰청 2018년 형제22817호 불기소처분).
151094,전문,9,이에 청구인은 항고를 거쳐 재정신청을 하였으나 기각되었고(서울고등법원 2018초재3939)위 재정신청 기각결정에 대하여 대법원에 재항고하였다(대법원 2019모164).
151094,전문,10,"청구인은 위 대법원 재판 계속 중 검찰사건사무규칙 제69조 제3항 제5호 중 ‘고소ㆍ고발 사건에 대하여 사안의 경중 및 경위, 고소ㆍ고발인과 피고소ㆍ피고발인의 관계 등에 비추어 피고소ㆍ피고발인의 책임이 경미하고 수사와 소추할 공공의 이익이 없거나 극히 적어 수사의 필요성이 인정되지 아니하는 경우’ 부분에 대한 위헌법률심판제청신청(대법원 2019초기162)을 하였으나 2019.3.25."
151094,전문,11,"기각되자, 2019.4.22."
151094,전문,12,이에 대한 이 사건 헌법소원심판청구를 하였다.
151094,전문,13,2.판단
151094,전문,14,"헌법재판소법 제68조 제2항에 의한 헌법소원심판청구는 법률이 헌법에 위반되는 여부가 재판의 전제가 되는 때에 당사자가 위헌제청신청을 하였음에도 불구하고 법원이 이를 배척하였을 경우에 법원의 제청에 갈음하여 당사자가 직접 헌법재판소에 헌법소원의 형태로써 심판청구를 하는 것이므로, 그 심판의 대상은 재판의 전제가 되는 법률인 것이지 명령이나 규칙은 될 수 없다(헌재 1992.10.31."
151094,전문,15,92헌바42; 헌재 1998.6.25.
151094,전문,16,95헌바24 등 참조).
151094,전문,17,그런데 이 사건 심판청구는 법무부령인 검찰사건사무규칙 조항을 대상으로 하고 있으므로 심판의 대상적격을 갖추지 못하여 부적법하다.
151094,전문,18,3.결론
151094,전문,19,"그렇다면 이 사건 심판청구는 부적법하므로 헌법재판소법 제72조 제3항 제4호에 따라 이를 각하하기로 하여, 관여 재판관 전원의 일치된 의견으로 주문과 같이 결정한다."
