결정례일련번호,구분,문장번호,내용
139346,전문,1,사 건 2009헌아145 재판취소(재심)
139346,전문,2,청 구 인 최 ○ 한
139346,전문,3,재심대상결정 헌법재판소 2009.9.22.
139346,전문,4,2009헌아120 결정
139346,전문,5,주 문
139346,전문,6,이 사건 심판청구를 각하한다.
139346,전문,7,이 유
139346,전문,8,1.사건의 개요
139346,전문,9,"청구인은 청주지방법원 충주지원 2006가합128 판결의 취소를 구하는 헌법소원심판을 청구하였다가 각하결정(2009헌마419)을 받고, 위 결정에 대한 재심을 청구하였으나 2009.9.22."
139346,전문,10,단순한 불복소원에 불과하다는 이유로 각하되었다(2009헌아120).
139346,전문,11,이에 청구인은 2009.9.30.
139346,전문,12,위 헌법재판소 2009헌아120 결정의 취소를 구하는 취지의 이 사건 헌법소원심판을 청구하였다.
139346,전문,13,2.판단
139346,전문,14,"청구인은 재심대상결정의 취소를 구하고 있으나, 그 청구이유를 살펴보면 어떠한 재심사유도 적시하지 아니하고 위 청주지방법원 충주지원 2006가합128 판결이 부당함을 주장하고 있을 뿐이어서 재심대상결정에 대한 단순한 불복소원에 불과하다고 볼 것이다."
139346,전문,15,"따라서, 이 사건 심판청구는 헌법재판소법 제39조의 일사부재리 원칙에 위배되어 부적법하므로, 헌법재판소법 제72조 제3항 제4호에 따라 이를 각하하기로 하여 관여 재판관 전원의 일치된 의견으로 주문과 같이 결정한다."
139346,전문,16,2009.10.13.
139346,전문,17,재판장 재판관 이○ 이○
139346,전문,18,재판관 김○ 김○
139346,전문,19,재판관 송○ 송○
