결정례일련번호,구분,문장번호,내용
129328,전문,1,사      건      2008헌마283  기소유예처분취소
129328,전문,2,청  구  인      유0희
129328,전문,3,국선대리인 변호사 유○
129328,전문,4,피청구인      서울중앙지방검찰청 검사
129328,전문,5,주           문
129328,전문,6,청구인의 심판청구를 기각한다.
129328,전문,7,이           유
129328,전문,8,"청구인은 피청구인의 2008.1.21.자 청구인에 대한 재물손괴 혐의에 관한 기소유예처분(서울중앙지방검찰청 2007형제134350호)이 자신의 헌법상 보장된 평등권과 행복추구권 등을 침해한 것이라고 주장한다.그러나 이 사건 기록을 살펴보아도 피청구인이 위 사건에 관하여 현저히 정의와 형평에 반하는 수사를 하였거나, 헌법의 해석, 법률의 적용 또는 증거판단에 있어서 기소유예처분의 결정에 영향을 미친 중대한 잘못이 있었다고 보이지 아니하고, 달리 피청구인의 위 불기소처분이 헌법재판소가 관여할 정도의 자의적인 처분이라고 볼 자료도 없으므로 이로 말미암아 청구인 주장의 기본권이 침해되었다고 볼 수 없다.그렇다면 청구인의 이 사건 심판청구는 이유 없으므로 이를 기각하기로 하여 관여 재판관 전원의 일치된 의견으로 주문과 같이 결정한다."
129328,전문,9,2008.12.26.
129328,전문,10,재판장    재판관  이○        이○
129328,전문,11,───────────────
129328,전문,12,재판관  이○        이○
129328,전문,13,ㅈ
129328,전문,14,───────────────
129328,전문,15,재판관  조○        조○
129328,전문,16,───────────────
129328,전문,17,재판관  김○        김○
129328,전문,18,───────────────
129328,전문,19,재판관  김○        김○
129328,전문,20,───────────────
129328,전문,21,재판관  민○      민○
129328,전문,22,────────────────
129328,전문,23,재판관  이○      이○
129328,전문,24,────────────────
129328,전문,25,재판관  목○        해외출장으로 서명날인 불능
129328,전문,26,───────────────
129328,전문,27,재판장      이○
129328,전문,28,재판관
129328,전문,29,───────────────
129328,전문,30,재판관  송○        송○
129328,전문,31,───────────────
