결정례일련번호,구분,문장번호,내용
143119,전문,1,사 건 2017헌아611 재판취소 등(재심)청 구 인 곽 ○ 목
143119,전문,2,재심대상결정 헌법재판소 2017.11.27.
143119,전문,3,2017헌마1253 결정
143119,전문,4,[주 문]
143119,전문,5,이 사건 심판청구를 각하한다.[이 유]
143119,전문,6,1.사건개요
143119,전문,7,가.청구인은 최○ ○ 규 외 4인을 상대로 건물인도 등을 구하는 소송을 제기하였으나 2017.5.12.
143119,전문,8,"소장각하명령을 받았고(부산지방법원 2017가합1052), 이에 대한 항고(부산고등법원 2017라5087)및 재항고(대법원 2017마5868)가 모두 기각되자, 위 대법원 결정의 취소를 구함과 아울러 대법원에 계속 중인 2017마6097, 2017마6100, 2017마6101 사건에서 대법관들이 법을 위반하였다는 취지로 주장하며 2017.11.15."
143119,전문,9,"헌법소원심판을 청구하였으나, 2017.11.27."
143119,전문,10,위 심판청구는 법원의 재판을 대상으로 한 것으로서 위 재판들은 헌법소원의 대상이 될 수 있는 예외적인 법원의 재판에 해당하지 않는다는 이유로 각하되었다(2017헌마1253).
143119,전문,11,나.이에 청구인은 2017.12.4.
143119,전문,12,위 2017헌마1253 결정의 재심을 구하는 이 사건 헌법소원심판을 청구하였다.
143119,전문,13,2.판단
143119,전문,14,"헌법재판소의 결정에 대하여 재심을 청구하기 위해서는 헌법재판소법 제40조에 의하여 준용되는 민사소송법 제451조 제1항 각 호의 사유 중 헌법소원심판에 대한 재심의 성질상 허용되는 사유를 재심청구의 이유로 주장하여야 하고, 이에 해당하지 아니하는 사유를 들어 재심을 청구하면 그 심판청구는 부적법하다(헌재 2007.2.22."
143119,전문,15,2006헌아50 참조).
143119,전문,16,"그런데 청구인은 재심대상결정과 그 심판대상인 위 대법원 2017마5868 결정 등이 부당하다는 취지로만 주장할 뿐, 민사소송법 제451조 제1항 각 호의 사유 중 헌법소원심판에 대한 재심의 성질상 허용되는 적법한 재심사유에 대한 주장을 하고 있지 않으므로, 이 사건 심판청구는 부적법하다."
143119,전문,17,3.결론
143119,전문,18,"그렇다면 헌법재판소법 제72조 제3항 제4호에 따라 이 사건 심판청구를 각하하기로 하여, 관여 재판관 전원의 일치된 의견으로 주문과 같이 결정한다."
