결정례일련번호,구분,문장번호,내용
151326,전문,1,사 건 2019헌마489 불법압수수색 위헌확인
151326,전문,2,청 구 인 서○○○
151326,전문,3,[주 문]
151326,전문,4,이 사건 심판청구를 각하한다.[이 유]
151326,전문,5,1.사건 개요
151326,전문,6,2018.11.26.
151326,전문,7,"경찰이 청구인의 주거지에서 청구 외 전○○○○를 체포영장에 의해 검거 후 증거물 확보를 위해 주거지 내부를 수색하던 중, 대마초를 발견하고 청구인이 구입한 것임을 확인하여 청구인을 마약류관리에관한법률위반(대마)혐의로 체포하였다.이에 청구인은 경찰이 당초 전○○○○에 대한 체포영장의 범위를 넘어 주거를 수색하고 자신을 체포한 것이 헌법에 위반된다고 주장하며 2019.5.13."
151326,전문,8,이 사건 헌법소원심판을 청구하였다.
151326,전문,9,2.적법요건에 관한 판단
151326,전문,10,"헌법재판소법 제68조 제1항에 의한 헌법소원심판은 그 사유가 있음을 안 날부터 90일 이내에, 그 사유가 있은 날부터 1년 이내에 청구하여야 한다(헌법재판소법 제69조 제1항 본문)."
151326,전문,11,"그런데 청구인이 위헌확인을 구하는 위 수색 및 체포행위는 2018.11.26.에 있었고, 청구인은 위 일자에 기본권 침해사실을 알았다 할 것이므로, 기본권 침해사실을 안 날로부터 90일을 도과한 2019.5.13.에 제기된 이 사건 심판청구는 청구기간을 도과하여 부적법하다."
151326,전문,12,3.결론
151326,전문,13,그렇다면 헌법재판소법 제72조 제3항 제2호에 따라 이 사건 심판청구를 각하하기로 하여 관여 재판관 전원의 일치된 의견으로 주문과 같이 결정한다.
