결정례일련번호,구분,문장번호,내용
149159,전문,1,사 건 2018헌마971 재판기록 열람ㆍ복사거부 위헌확인
149159,전문,2,청 구 인 박 ○ 정
149159,전문,3,[주 문]
149159,전문,4,이 사건 심판청구를 모두 각하한다.[이 유]
149159,전문,5,1.사건개요
149159,전문,6,"청구인은 ○○교도소에 수용 중인 사람이다.청구인은 ○○지방법원 2018재노5 사건에서 재심대상판결 본안소송 자료에 대하여 ○○지방검찰청, ○○지방법원 및 ○○고등법원 등에 열람ㆍ복사를 신청하였으나 소속 공무원들로부터 “사건기록이 당해 법원ㆍ검찰청에 존재하지 않는다.”는 이유로 거부를 받았다고 주장하면서 2018.9.21."
149159,전문,7,이 사건 헌법소원심판을 청구하였다.
149159,전문,8,2.판단
149159,전문,9,"헌법재판소법 제68조 제1항은 ‘공권력의 행사 또는 불행사로 인하여 기본권을 침해받은 자’가 헌법소원을 제기할 수 있다고 규정하고 있는바, 여기에서 ‘공권력’이란 입법권ㆍ행정권ㆍ사법권을 행사하는 모든 국가기관ㆍ공공단체 등의 고권적 작용을 말하고(헌재 2001.3.21."
149159,전문,10,"99헌마139등), 그 행사 또는 불행사로 국민의 권리와 의무에 대하여 직접적인 법률효과를 발생시켜 청구인의 법률관계 내지 법적 지위를 불리하게 변화시키는 것이어야 한다(헌재 2008.1.17."
149159,전문,11,2007헌마700; 헌재 2012.2.23.
149159,전문,12,2008헌마500 등 참조).
149159,전문,13,"청구인은 위 재심사건에서 재심대상판결의 본안소송 자료에 대하여 ○○지방검찰청, ○○지방법원, ○○고등법원, 대법원 법원행정처 등에 열람ㆍ복사를 신청하였으나 위 소속 공무원들로부터 “해당 검찰청 및 법원에서 현재 소송기록을 보관하고 있지 않다.”는 답변을 받았다고 주장한다.그러나 청구인의 주장대로 위 공무원들이 위와 같은 답변을 하였다고 하더라도, 이는 당해 검찰청 또는 법원에서 현재 해당 소송기록을 보관하지 않고 있어 이에 대하여 열람ㆍ복사를 신청하더라도 할 수 없다는 취지의 안내에 불과하므로, 이를 헌법재판소법 제68조 제1항 헌법소원의 대상이 되는 ‘공권력의 행사 또는 불행사’로 볼 수 없다."
149159,전문,14,3.결론
149159,전문,15,"이 사건 심판청구는 모두 부적법하므로 이를 각하하기로 하여, 관여 재판관 전원의 일치된 의견으로 주문과 같이 결정한다."
