법령일련번호,MST,구분,문장번호,내용
001215,258675,조문,1,제1장 총칙 <개정 2009.11.2>
001215,258675,조문,2,"제1조(목적) 이 법은 소송의 지연(遲延)을 방지하고, 국민의 권리ㆍ의무의 신속한 실현과 분쟁처리의 촉진을 도모함을 목적으로 한다."
001215,258675,조문,3,제2조(특례의 범위) 이 법은 제1조의 목적을 달성하기 위하여 법정이율(法定利率)과 독촉절차 및 형사소송에 관한 특례를 규정한다. <개정 2014.10.15>
001215,258675,조문,4,제2장 법정이율에 관한 특례 <개정 2009.11.2>
001215,258675,조문,5,제3조(법정이율)
001215,258675,항,6,"① 금전채무의 전부 또는 일부의 이행을 명하는 판결(심판을 포함한다. 이하 같다)을 선고할 경우, 금전채무 불이행으로 인한 손해배상액 산정의 기준이 되는 법정이율은 그 금전채무의 이행을 구하는 소장(訴狀) 또는 이에 준하는 서면(書面)이 채무자에게 송달된 날의 다음 날부터는 연 100분의 40 이내의 범위에서 「은행법」에 따른 은행이 적용하는 연체금리 등 경제 여건을 고려하여 대통령령으로 정하는 이율에 따른다. 다만, 「민사소송법」 제251조에 규정된 소(訴)에 해당하는 경우에는 그러하지 아니하다. <개정 2010.5.17>"
001215,258675,항,7,② 채무자에게 그 이행의무가 있음을 선언하는 사실심(事實審) 판결이 선고되기 전까지 채무자가 그 이행의무의 존재 여부나 범위에 관하여 항쟁(抗爭)하는 것이 타당하다고 인정되는 경우에는 그 타당한 범위에서 제1항을 적용하지 아니한다.
001215,258675,조문,8,제3장 삭제 <1990.1.13>
001215,258675,조문,9,제4조 삭제 <1990.1.13>
001215,258675,조문,10,제5조 삭제 <1990.1.13>
001215,258675,조문,11,제6조 삭제 <1990.1.13>
001215,258675,조문,12,제7조 삭제 <1990.1.13>
001215,258675,조문,13,제8조 삭제 <1990.1.13>
001215,258675,조문,14,제9조 삭제 <1990.1.13>
001215,258675,조문,15,제10조 삭제 <1990.1.13>
001215,258675,조문,16,제11조 삭제 <1990.1.13>
001215,258675,조문,17,제12조 삭제 <1990.1.13>
001215,258675,조문,18,제13조 삭제 <1990.1.13>
001215,258675,조문,19,제14조 삭제 <1990.1.13>
001215,258675,조문,20,제15조 삭제 <1990.1.13>
001215,258675,조문,21,제16조 삭제 <1990.1.13>
001215,258675,조문,22,제4장 삭제 <1990.1.13>
001215,258675,조문,23,제17조 삭제 <1990.1.13>
001215,258675,조문,24,제18조 삭제 <1990.1.13>
001215,258675,조문,25,제19조 삭제 <1990.1.13>
001215,258675,조문,26,제20조 삭제 <1990.1.13>
001215,258675,조문,27,제5장 독촉절차에 관한 특례 <신설 2014.10.15>
001215,258675,조문,28,제20조의2(공시송달에 의한 지급명령)
001215,258675,항,29,"① 다음 각 호의 어느 하나에 해당하는 자가 그 업무 또는 사업으로 취득하여 행사하는 대여금, 구상금, 보증금 및 그 양수금 채권에 대하여 지급명령을 신청하는 경우에는 「민사소송법」 제462조 단서 및 같은 법 제466조제2항 중 공시송달에 관한 규정을 적용하지 아니한다. <개정 2015.12.22, 2016.3.29, 2016.5.29, 2017.10.31, 2019.11.26, 2021.7.20, 2023.3.28, 2023.6.13, 2024.1.16>"
001215,258675,호,30,1. 「은행법」에 따른 은행
001215,258675,호,31,2. 「중소기업은행법」에 따른 중소기업은행
001215,258675,호,32,3. 「한국산업은행법」에 따른 한국산업은행
001215,258675,호,33,4. 「농업협동조합법」에 따른 조합과 그 중앙회 및 농협은행
001215,258675,호,34,5. 「농업협동조합의 구조개선에 관한 법률」에 따른 농업협동조합자산관리회사
001215,258675,호,35,6. 「수산업협동조합법」에 따른 조합과 그 중앙회 및 수협은행
001215,258675,호,36,6의2. 「상호저축은행법」에 따른 상호저축은행
001215,258675,호,37,7. 「신용협동조합법」에 따른 신용협동조합 및 신용협동조합중앙회
001215,258675,호,38,8. 「새마을금고법」에 따른 금고 및 중앙회
001215,258675,호,39,9. 「보험업법」에 따른 보험회사
001215,258675,호,40,10. 「여신전문금융업법」에 따른 여신전문금융회사
001215,258675,호,41,11. 「기술보증기금법」에 따른 기술보증기금
001215,258675,호,42,12. 「신용보증기금법」에 따른 신용보증기금
001215,258675,호,43,13. 「산림조합법」에 따른 지역조합ㆍ전문조합과 그 중앙회
001215,258675,호,44,14. 「지역신용보증재단법」에 따른 신용보증재단 및 신용보증재단중앙회
001215,258675,호,45,15. 「한국주택금융공사법」에 따른 한국주택금융공사
001215,258675,호,46,16. 「한국자산관리공사 설립 등에 관한 법률」에 따른 한국자산관리공사
001215,258675,호,47,17. 「예금자보호법」에 따른 예금보험공사 및 정리금융회사
001215,258675,호,48,"18. 「자산유동화에 관한 법률」에 따라 제1호부터 제6호까지, 제6호의2, 제7호부터 제17호까지의 어느 하나에 해당하는 자가 청구 채권의 자산보유자인 유동화전문회사"
001215,258675,호,49,19. 「주택도시기금법」에 따른 주택도시보증공사
001215,258675,호,50,20. 「중소기업진흥에 관한 법률」에 따른 중소벤처기업진흥공단
001215,258675,호,51,21. 「소상공인 보호 및 지원에 관한 법률」에 따른 소상공인시장진흥공단
001215,258675,호,52,"22. 그 밖에 제1호부터 제6호까지, 제6호의2, 제7호부터 제21호까지에 준하는 자로서 대법원규칙으로 정하는 자"
001215,258675,항,53,② 제1항의 채권자는 지급명령을 공시송달에 의하지 아니하고는 송달할 수 없는 경우 청구원인을 소명하여야 한다.
001215,258675,항,54,③ 제2항에 따른 청구원인의 소명이 없는 때에는 결정으로 그 신청을 각하하여야 한다. 청구의 일부에 대하여 지급명령을 할 수 없는 때에 그 일부에 대하여도 또한 같다.
001215,258675,항,55,④ 제3항의 결정에 대하여는 불복할 수 없다.
001215,258675,항,56,⑤ 제1항에 따라 지급명령이 공시송달의 방법으로 송달되어 채무자가 이의신청의 기간을 지킬 수 없었던 경우 「민사소송법」 제173조제1항에서 정한 소송행위의 추후보완 사유가 있는 것으로 본다.
001215,258675,조문,57,제6장 형사소송에 관한 특례 <개정 2014.10.15>
001215,258675,조문,58,"제21조(판결 선고기간) 판결의 선고는 제1심에서는 공소가 제기된 날부터 6개월 이내에, 항소심(抗訴審) 및 상고심(上告審)에서는 기록을 송부받은 날부터 4개월 이내에 하여야 한다."
001215,258675,조문,59,제22조(약식명령기간) 약식명령(略式命令)은 「형사소송법」 제450조의 경우를 제외하고는 그 청구가 있은 날부터 14일 이내에 하여야 한다.
001215,258675,조문,60,"제23조(제1심 공판의 특례) 제1심 공판절차에서 피고인에 대한 송달불능보고서(送達不能報告書)가 접수된 때부터 6개월이 지나도록 피고인의 소재(所在)를 확인할 수 없는 경우에는 대법원규칙으로 정하는 바에 따라 피고인의 진술 없이 재판할 수 있다. 다만, 사형, 무기 또는 장기(長期) 10년이 넘는 징역이나 금고에 해당하는 사건의 경우에는 그러하지 아니하다. <개정 2009.12.29>"
001215,258675,조문,61,제23조의2(재심)
001215,258675,항,62,① 제23조 본문에 따라 유죄판결을 받고 그 판결이 확정된 자가 책임을 질 수 없는 사유로 공판절차에 출석할 수 없었던 경우 「형사소송법」 제424조에 규정된 자는 그 판결이 있었던 사실을 안 날부터 14일 이내[재심청구인(再審請求人)이 책임을 질 수 없는 사유로 위 기간에 재심청구를 하지 못한 경우에는 그 사유가 없어진 날부터 14일 이내]에 제1심 법원에 재심을 청구할 수 있다.
001215,258675,항,63,② 제1항에 따른 청구가 있을 때에는 법원은 재판의 집행을 정지하는 결정을 하여야 한다.
001215,258675,항,64,"③ 제2항에 따른 집행정지 결정을 한 경우에 피고인을 구금할 필요가 있을 때에는 구속영장을 발부하여야 한다. 다만, 「형사소송법」 제70조의 요건을 갖춘 경우로 한정한다."
001215,258675,항,65,"④ 재심청구인은 재심청구서에 송달 장소를 적고, 이를 변경하는 경우에는 지체 없이 그 취지를 법원에 신고하여야 한다."
001215,258675,항,66,⑤ 재심청구인이 제4항에 따른 기재 또는 신고를 하지 아니하여 송달을 할 수 없는 경우에는 「형사소송법」 제64조에 따른 공시송달(公示送達)을 할 수 있다.
001215,258675,항,67,⑥ 재심 개시 결정이 확정된 후 공판기일에 재심청구인이 출석하지 아니한 경우에는 「형사소송법」 제365조를 준용한다.
001215,258675,항,68,"⑦ 이 법에 따른 재심에 관하여는 「형사소송법」 제426조, 제427조, 제429조부터 제434조까지, 제435조제1항, 제437조부터 제440조까지의 규정을 준용한다."
001215,258675,조문,69,제24조 삭제 <2012.1.17>
001215,258675,조문,70,제25조(배상명령)
001215,258675,항,71,"① 제1심 또는 제2심의 형사공판 절차에서 다음 각 호의 죄 중 어느 하나에 관하여 유죄판결을 선고할 경우, 법원은 직권에 의하여 또는 피해자나 그 상속인(이하 ""피해자""라 한다)의 신청에 의하여 피고사건의 범죄행위로 인하여 발생한 직접적인 물적(物的) 피해, 치료비 손해 및 위자료의 배상을 명할 수 있다. <개정 2012.1.17, 2012.12.18, 2016.1.6>"
001215,258675,호,72,"1. 「형법」 제257조제1항, 제258조제1항 및 제2항, 제258조의2제1항(제257조제1항의 죄로 한정한다)ㆍ제2항(제258조제1항ㆍ제2항의 죄로 한정한다), 제259조제1항, 제262조(존속폭행치사상의 죄는 제외한다), 같은 법 제26장, 제32장(제304조의 죄는 제외한다), 제38장부터 제40장까지 및 제42장에 규정된 죄"
001215,258675,호,73,"2. 「성폭력범죄의 처벌 등에 관한 특례법」 제10조부터 제14조까지, 제15조(제3조부터 제9조까지의 미수범은 제외한다), 「아동ㆍ청소년의 성보호에 관한 법률」 제12조 및 제14조에 규정된 죄"
001215,258675,호,74,3. 제1호의 죄를 가중처벌하는 죄 및 그 죄의 미수범을 처벌하는 경우 미수의 죄
001215,258675,항,75,② 법원은 제1항에 규정된 죄 및 그 외의 죄에 대한 피고사건에서 피고인과 피해자 사이에 합의된 손해배상액에 관하여도 제1항에 따라 배상을 명할 수 있다.
001215,258675,항,76,③ 법원은 다음 각 호의 어느 하나에 해당하는 경우에는 배상명령을 하여서는 아니 된다.
001215,258675,호,77,1. 피해자의 성명ㆍ주소가 분명하지 아니한 경우
001215,258675,호,78,2. 피해 금액이 특정되지 아니한 경우
001215,258675,호,79,3. 피고인의 배상책임의 유무 또는 그 범위가 명백하지 아니한 경우
001215,258675,호,80,4. 배상명령으로 인하여 공판절차가 현저히 지연될 우려가 있거나 형사소송 절차에서 배상명령을 하는 것이 타당하지 아니하다고 인정되는 경우
001215,258675,조문,81,제25조의2(배상신청의 통지) 검사는 제25조제1항에 규정된 죄로 공소를 제기한 경우에는 지체 없이 피해자 또는 그 법정대리인(피해자가 사망한 경우에는 그 배우자ㆍ직계친족ㆍ형제자매를 포함한다)에게 제26조제1항에 따라 배상신청을 할 수 있음을 통지하여야 한다.
001215,258675,조문,82,제26조(배상신청)
001215,258675,항,83,① 피해자는 제1심 또는 제2심 공판의 변론이 종결될 때까지 사건이 계속(係屬)된 법원에 제25조에 따른 피해배상을 신청할 수 있다. 이 경우 신청서에 인지(印紙)를 붙이지 아니한다.
001215,258675,항,84,② 피해자는 배상신청을 할 때에는 신청서와 상대방 피고인 수만큼의 신청서 부본(副本)을 제출하여야 한다.
001215,258675,항,85,③ 신청서에는 다음 각 호의 사항을 적고 신청인 또는 대리인이 서명ㆍ날인하여야 한다.
001215,258675,호,86,"1. 피고사건의 번호, 사건명 및 사건이 계속된 법원"
001215,258675,호,87,2. 신청인의 성명과 주소
001215,258675,호,88,3. 대리인이 신청할 때에는 그 대리인의 성명과 주소
001215,258675,호,89,4. 상대방 피고인의 성명과 주소
001215,258675,호,90,5. 배상의 대상과 그 내용
001215,258675,호,91,6. 배상 청구 금액
001215,258675,항,92,④ 신청서에는 필요한 증거서류를 첨부할 수 있다.
001215,258675,항,93,⑤ 피해자가 증인으로 법정에 출석한 경우에는 말로써 배상을 신청할 수 있다. 이 때에는 공판조서(公判調書)에 신청의 취지를 적어야 한다.
001215,258675,항,94,⑥ 신청인은 배상명령이 확정되기 전까지는 언제든지 배상신청을 취하(取下)할 수 있다.
001215,258675,항,95,⑦ 피해자는 피고사건의 범죄행위로 인하여 발생한 피해에 관하여 다른 절차에 따른 손해배상청구가 법원에 계속 중일 때에는 배상신청을 할 수 없다.
001215,258675,항,96,⑧ 배상신청은 민사소송에서의 소의 제기와 동일한 효력이 있다.
001215,258675,조문,97,제27조(대리인)
001215,258675,항,98,"① 피해자는 법원의 허가를 받아 그의 배우자, 직계혈족(直系血族) 또는 형제자매에게 배상신청에 관하여 소송행위를 대리하게 할 수 있다."
001215,258675,항,99,② 피고인의 변호인은 배상신청에 관하여 피고인의 대리인으로서 소송행위를 할 수 있다.
001215,258675,조문,100,제28조(피고인에 대한 신청서 부본의 송달) 법원은 서면에 의한 배상신청이 있을 때에는 지체 없이 그 신청서 부본을 피고인에게 송달하여야 한다. 이 경우 법원은 직권 또는 신청인의 요청에 따라 신청서 부본 상의 신청인 성명과 주소 등 신청인의 신원을 알 수 있는 사항의 전부 또는 일부를 가리고 송달할 수 있다. <개정 2016.1.19>
001215,258675,조문,101,제29조(공판기일 통지)
001215,258675,항,102,① 법원은 배상신청이 있을 때에는 신청인에게 공판기일을 알려야 한다.
001215,258675,항,103,② 신청인이 공판기일을 통지받고도 출석하지 아니하였을 때에는 신청인의 진술 없이 재판할 수 있다.
001215,258675,조문,104,제30조(기록의 열람과 증거조사)
001215,258675,항,105,"① 신청인 및 그 대리인은 공판절차를 현저히 지연시키지 아니하는 범위에서 재판장의 허가를 받아 소송기록을 열람할 수 있고, 공판기일에 피고인이나 증인을 신문(訊問)할 수 있으며, 그 밖에 필요한 증거를 제출할 수 있다."
001215,258675,항,106,② 제1항의 허가를 하지 아니한 재판에 대하여는 불복(不服)을 신청하지 못한다.
001215,258675,조문,107,제31조(배상명령의 선고 등)
001215,258675,항,108,① 배상명령은 유죄판결의 선고와 동시에 하여야 한다.
001215,258675,항,109,② 배상명령은 일정액의 금전 지급을 명함으로써 하고 배상의 대상과 금액을 유죄판결의 주문(主文)에 표시하여야 한다. 배상명령의 이유는 특히 필요하다고 인정되는 경우가 아니면 적지 아니한다.
001215,258675,항,110,③ 배상명령은 가집행(假執行)할 수 있음을 선고할 수 있다.
001215,258675,항,111,"④ 제3항에 따른 가집행선고에 관하여는 「민사소송법」 제213조제3항, 제215조, 제500조 및 제501조를 준용한다."
001215,258675,항,112,⑤ 배상명령을 하였을 때에는 유죄판결서의 정본(正本)을 피고인과 피해자에게 지체 없이 송달하여야 한다.
001215,258675,조문,113,제32조(배상신청의 각하)
001215,258675,항,114,① 법원은 다음 각 호의 어느 하나에 해당하는 경우에는 결정(決定)으로 배상신청을 각하(却下)하여야 한다.
001215,258675,호,115,1. 배상신청이 적법하지 아니한 경우
001215,258675,호,116,2. 배상신청이 이유 없다고 인정되는 경우
001215,258675,호,117,3. 배상명령을 하는 것이 타당하지 아니하다고 인정되는 경우
001215,258675,항,118,② 유죄판결의 선고와 동시에 제1항의 재판을 할 때에는 이를 유죄판결의 주문에 표시할 수 있다.
001215,258675,항,119,③ 법원은 제1항의 재판서에 신청인 성명과 주소 등 신청인의 신원을 알 수 있는 사항의 기재를 생략할 수 있다. <신설 2016.1.19>
001215,258675,항,120,"④ 배상신청을 각하하거나 그 일부를 인용(認容)한 재판에 대하여 신청인은 불복을 신청하지 못하며, 다시 동일한 배상신청을 할 수 없다. <개정 2016.1.19>"
001215,258675,조문,121,제33조(불복)
001215,258675,항,122,① 유죄판결에 대한 상소가 제기된 경우에는 배상명령은 피고사건과 함께 상소심(上訴審)으로 이심(移審)된다.
001215,258675,항,123,"② 상소심에서 원심(原審)의 유죄판결을 파기하고 피고사건에 대하여 무죄, 면소(免訴) 또는 공소기각(公訴棄却)의 재판을 할 때에는 원심의 배상명령을 취소하여야 한다. 이 경우 상소심에서 원심의 배상명령을 취소하지 아니한 경우에는 그 배상명령을 취소한 것으로 본다."
001215,258675,항,124,③ 원심에서 제25조제2항에 따라 배상명령을 하였을 때에는 제2항을 적용하지 아니한다.
001215,258675,항,125,④ 상소심에서 원심판결을 유지하는 경우에도 원심의 배상명령을 취소하거나 변경할 수 있다.
001215,258675,항,126,"⑤ 피고인은 유죄판결에 대하여 상소를 제기하지 아니하고 배상명령에 대하여만 상소 제기기간에 「형사소송법」에 따른 즉시항고(卽時抗告)를 할 수 있다. 다만, 즉시항고 제기 후 상소권자의 적법한 상소가 있는 경우에는 즉시항고는 취하된 것으로 본다."
001215,258675,조문,127,제34조(배상명령의 효력과 강제집행)
001215,258675,항,128,① 확정된 배상명령 또는 가집행선고가 있는 배상명령이 기재된 유죄판결서의 정본은 「민사집행법」에 따른 강제집행에 관하여는 집행력 있는 민사판결 정본과 동일한 효력이 있다.
001215,258675,항,129,② 이 법에 따른 배상명령이 확정된 경우 피해자는 그 인용된 금액의 범위에서 다른 절차에 따른 손해배상을 청구할 수 없다.
001215,258675,항,130,③ 지방법원이 민사지방법원과 형사지방법원으로 분리 설치된 경우에 배상명령에 따른 청구에 관한 이의의 소는 형사지방법원의 소재지를 관할하는 민사지방법원을 제1심 판결법원으로 한다.
001215,258675,항,131,④ 청구에 대한 이의의 주장에 관하여는 「민사집행법」 제44조제2항에 규정된 제한에 따르지 아니한다.
001215,258675,조문,132,제35조(소송비용) 배상명령의 절차비용은 특별히 그 비용을 부담할 자를 정한 경우를 제외하고는 국고의 부담으로 한다.
001215,258675,조문,133,제36조(민사상 다툼에 관한 형사소송 절차에서의 화해)
001215,258675,항,134,"① 형사피고사건의 피고인과 피해자 사이에 민사상 다툼(해당 피고사건과 관련된 피해에 관한 다툼을 포함하는 경우로 한정한다)에 관하여 합의한 경우, 피고인과 피해자는 그 피고사건이 계속 중인 제1심 또는 제2심 법원에 합의 사실을 공판조서에 기재하여 줄 것을 공동으로 신청할 수 있다."
001215,258675,항,135,② 제1항의 합의가 피고인의 피해자에 대한 금전 지급을 내용으로 하는 경우에 피고인 외의 자가 피해자에 대하여 그 지급을 보증하거나 연대하여 의무를 부담하기로 합의하였을 때에는 제1항의 신청과 동시에 그 피고인 외의 자는 피고인 및 피해자와 공동으로 그 취지를 공판조서에 기재하여 줄 것을 신청할 수 있다. <개정 2022.1.4>
001215,258675,항,136,③ 제1항 및 제2항에 따른 신청은 변론이 종결되기 전까지 공판기일에 출석하여 서면으로 하여야 한다.
001215,258675,항,137,④ 제3항에 따른 서면에는 해당 신청과 관련된 합의 및 그 합의가 이루어진 민사상 다툼의 목적인 권리를 특정할 수 있는 충분한 사실을 적어야 한다.
001215,258675,항,138,⑤ 합의가 기재된 공판조서의 효력 및 화해비용에 관하여는 「민사소송법」 제220조 및 제389조를 준용한다.
001215,258675,조문,139,제37조(화해기록)
001215,258675,항,140,"① 제36조제1항 또는 제2항에 따른 신청에 따라 공판조서에 기재된 합의를 한 자나 이해관계를 소명(疎明)한 제3자는 「형사소송법」 제55조에도 불구하고 대법원규칙으로 정하는 바에 따라 법원서기관, 법원사무관, 법원주사 또는 법원주사보(이하 ""법원사무관등""이라 한다)에게 다음 각 호의 사항을 신청할 수 있다."
001215,258675,호,141,"1. 다음 각 목에 해당하는 서류(이하 ""화해기록""이라 한다)의 열람 또는 복사"
001215,258675,목,142,가. 해당 공판조서(해당 합의 및 그 합의가 이루어진 민사상 다툼의 목적인 권리를 특정할 수 있는 충분한 사실이 기재된 부분으로 한정한다)
001215,258675,목,143,나. 해당 신청과 관련된 제36조제3항에 따른 서면
001215,258675,목,144,다. 그 밖에 해당 합의에 관한 기록
001215,258675,호,145,2. 조서의 정본ㆍ등본 또는 초본의 발급
001215,258675,호,146,3. 화해에 관한 사항의 증명서의 발급
001215,258675,항,147,② 제1항에 따라 신청하는 자는 대법원규칙으로 정하는 바에 따라 수수료를 내야 한다.
001215,258675,항,148,"③ 제1항 각 호의 신청에 관한 법원사무관등의 처분에 대한 이의신청은 「민사소송법」 제223조의 예에 따르고, 화해기록에 관한 비밀보호를 위한 열람 등의 제한 절차는 같은 법 제163조의 예에 따른다."
001215,258675,항,149,④ 화해기록은 형사피고사건이 종결된 후에는 그 피고사건의 제1심 법원에서 보관한다.
001215,258675,조문,150,제38조(화해 절차 당사자 등에 관한 「민사소송법」의 준용) 제36조 및 제37조에 따른 민사상 다툼에 관한 형사소송 절차에서의 화해 절차의 당사자 및 대리인에 관하여는 그 성질에 반하지 아니하면 「민사소송법」 제1편제2장제1절(선정당사자 및 특별대리인에 관한 규정은 제외한다) 및 제4절을 준용한다.
001215,258675,조문,151,"제39조(집행문 부여의 소 등에 대한 관할 특칙) 제36조에 따른 민사상 다툼에 관한 형사소송 절차에서의 화해에 관련된 집행문 부여의 소, 청구에 관한 이의의 소 또는 집행문 부여에 대한 이의의 소에 대하여는 「민사집행법」 제33조, 제44조제1항 및 제45조에도 불구하고 해당 피고사건의 제1심 법원의 관할에 전속한다."
001215,258675,조문,152,"제40조(위임규정) 배상명령의 절차에 관하여 이 법에 특별한 규정이 없는 사항은 대법원규칙으로 정하는 바에 따르고, 제36조부터 제39조까지의 규정에서 정하는 것 외에 민사상 다툼에 관한 형사소송 절차에서의 화해에 관하여 필요한 사항은 대법원규칙으로 정한다."
