법령일련번호,MST,구분,문장번호,내용
001118,257507,조문,1,제1장 총칙
001118,257507,조문,2,제1조(목적) 이 법은 형사소송 절차에서 무죄재판 등을 받은 자에 대한 형사보상 및 명예회복을 위한 방법과 절차 등을 규정함으로써 무죄재판 등을 받은 자에 대한 정당한 보상과 실질적 명예회복에 이바지함을 목적으로 한다.
001118,257507,조문,3,제2장 형사보상
001118,257507,조문,4,제2조(보상 요건)
001118,257507,항,5,① 「형사소송법」에 따른 일반 절차 또는 재심(再審)이나 비상상고(非常上告) 절차에서 무죄재판을 받아 확정된 사건의 피고인이 미결구금(未決拘禁)을 당하였을 때에는 이 법에 따라 국가에 대하여 그 구금에 대한 보상을 청구할 수 있다.
001118,257507,항,6,"② 상소권회복에 의한 상소, 재심 또는 비상상고의 절차에서 무죄재판을 받아 확정된 사건의 피고인이 원판결(原判決)에 의하여 구금되거나 형 집행을 받았을 때에는 구금 또는 형의 집행에 대한 보상을 청구할 수 있다."
001118,257507,항,7,③ 「형사소송법」 제470조제3항에 따른 구치(拘置)와 같은 법 제473조부터 제475조까지의 규정에 따른 구속은 제2항을 적용할 때에는 구금 또는 형의 집행으로 본다.
001118,257507,조문,8,제3조(상속인에 의한 보상청구)
001118,257507,항,9,① 제2조에 따라 보상을 청구할 수 있는 자가 그 청구를 하지 아니하고 사망하였을 때에는 그 상속인이 이를 청구할 수 있다.
001118,257507,항,10,② 사망한 자에 대하여 재심 또는 비상상고의 절차에서 무죄재판이 있었을 때에는 보상의 청구에 관하여는 사망한 때에 무죄재판이 있었던 것으로 본다.
001118,257507,조문,11,제4조(보상하지 아니할 수 있는 경우) 다음 각 호의 어느 하나에 해당하는 경우에는 법원은 재량(裁量)으로 보상청구의 전부 또는 일부를 기각(棄却)할 수 있다.
001118,257507,항,12,
001118,257507,호,13,1. 「형법」 제9조 및 제10조제1항의 사유로 무죄재판을 받은 경우
001118,257507,호,14,"2. 본인이 수사 또는 심판을 그르칠 목적으로 거짓 자백을 하거나 다른 유죄의 증거를 만듦으로써 기소(起訴), 미결구금 또는 유죄재판을 받게 된 것으로 인정된 경우"
001118,257507,호,15,3. 1개의 재판으로 경합범(競合犯)의 일부에 대하여 무죄재판을 받고 다른 부분에 대하여 유죄재판을 받았을 경우
001118,257507,조문,16,제5조(보상의 내용)
001118,257507,항,17,① 구금에 대한 보상을 할 때에는 그 구금일수(拘禁日數)에 따라 1일당 보상청구의 원인이 발생한 연도의 「최저임금법」에 따른 일급(日給) 최저임금액 이상 대통령령으로 정하는 금액 이하의 비율에 의한 보상금을 지급한다.
001118,257507,항,18,② 법원은 제1항의 보상금액을 산정할 때 다음 각 호의 사항을 고려하여야 한다. <개정 2018.3.20>
001118,257507,호,19,1. 구금의 종류 및 기간의 장단(長短)
001118,257507,호,20,2. 구금기간 중에 입은 재산상의 손실과 얻을 수 있었던 이익의 상실 또는 정신적인 고통과 신체 손상
001118,257507,호,21,3. 경찰ㆍ검찰ㆍ법원의 각 기관의 고의 또는 과실 유무
001118,257507,호,22,4. 무죄재판의 실질적 이유가 된 사정
001118,257507,호,23,5. 그 밖에 보상금액 산정과 관련되는 모든 사정
001118,257507,항,24,③ 사형 집행에 대한 보상을 할 때에는 집행 전 구금에 대한 보상금 외에 3천만원 이내에서 모든 사정을 고려하여 법원이 타당하다고 인정하는 금액을 더하여 보상한다. 이 경우 본인의 사망으로 인하여 발생한 재산상의 손실액이 증명되었을 때에는 그 손실액도 보상한다.
001118,257507,항,25,④ 벌금 또는 과료(科料)의 집행에 대한 보상을 할 때에는 이미 징수한 벌금 또는 과료의 금액에 징수일의 다음 날부터 보상 결정일까지의 일수에 대하여 「민법」 제379조의 법정이율을 적용하여 계산한 금액을 더한 금액을 보상한다.
001118,257507,항,26,⑤ 노역장유치(勞役場留置)의 집행을 한 경우 그에 대한 보상에 관하여는 제1항을 준용한다.
001118,257507,항,27,"⑥ 몰수(沒收) 집행에 대한 보상을 할 때에는 그 몰수물을 반환하고, 그것이 이미 처분되었을 때에는 보상결정 시의 시가(時價)를 보상한다."
001118,257507,항,28,⑦ 추징금(追徵金)에 대한 보상을 할 때에는 그 액수에 징수일의 다음 날부터 보상 결정일까지의 일수에 대하여 「민법」 제379조의 법정이율을 적용하여 계산한 금액을 더한 금액을 보상한다.
001118,257507,조문,29,제6조(손해배상과의 관계)
001118,257507,항,30,① 이 법은 보상을 받을 자가 다른 법률에 따라 손해배상을 청구하는 것을 금지하지 아니한다.
001118,257507,항,31,② 이 법에 따른 보상을 받을 자가 같은 원인에 대하여 다른 법률에 따라 손해배상을 받은 경우에 그 손해배상의 액수가 이 법에 따라 받을 보상금의 액수와 같거나 그보다 많을 때에는 보상하지 아니한다. 그 손해배상의 액수가 이 법에 따라 받을 보상금의 액수보다 적을 때에는 그 손해배상 금액을 빼고 보상금의 액수를 정하여야 한다.
001118,257507,항,32,③ 다른 법률에 따라 손해배상을 받을 자가 같은 원인에 대하여 이 법에 따른 보상을 받았을 때에는 그 보상금의 액수를 빼고 손해배상의 액수를 정하여야 한다.
001118,257507,조문,33,제7조(관할법원) 보상청구는 무죄재판을 한 법원에 대하여 하여야 한다.
001118,257507,조문,34,"제8조(보상청구의 기간) 보상청구는 무죄재판이 확정된 사실을 안 날부터 3년, 무죄재판이 확정된 때부터 5년 이내에 하여야 한다."
001118,257507,조문,35,제9조(보상청구의 방식)
001118,257507,항,36,① 보상청구를 할 때에는 보상청구서에 재판서의 등본과 그 재판의 확정증명서를 첨부하여 법원에 제출하여야 한다.
001118,257507,항,37,② 보상청구서에는 다음 각 호의 사항을 적어야 한다.
001118,257507,호,38,"1. 청구자의 등록기준지, 주소, 성명, 생년월일"
001118,257507,호,39,2. 청구의 원인이 된 사실과 청구액
001118,257507,조문,40,제10조(상속인의 소명) 상속인이 보상을 청구할 때에는 본인과의 관계와 같은 순위의 상속인 유무를 소명(疏明)할 수 있는 자료를 제출하여야 한다.
001118,257507,조문,41,제11조(상속인의 보상청구의 효과)
001118,257507,항,42,① 보상청구를 할 수 있는 같은 순위의 상속인이 여러 명인 경우에 그 중 1명이 보상청구를 하였을 때에는 보상을 청구할 수 있는 모두를 위하여 그 전부에 대하여 보상청구를 한 것으로 본다.
001118,257507,항,43,② 제1항의 경우에 청구를 한 상속인 외의 상속인은 공동청구인으로서 절차에 참가할 수 있다.
001118,257507,항,44,③ 법원은 제1항의 경우에 보상을 청구할 수 있는 같은 순위의 다른 상속인이 있다는 사실을 알았을 때에는 지체 없이 그 상속인에게 보상청구가 있었음을 통지하여야 한다.
001118,257507,조문,45,제12조(보상청구의 취소)
001118,257507,항,46,① 같은 순위의 상속인이 여러 명인 경우에 보상을 청구한 자는 나머지 모두의 동의 없이 청구를 취소할 수 없다.
001118,257507,항,47,② 보상청구를 취소한 경우에 보상청구권자는 다시 보상을 청구할 수 없다.
001118,257507,조문,48,제13조(대리인에 의한 보상청구) 보상청구는 대리인을 통하여서도 할 수 있다.
001118,257507,조문,49,제14조(보상청구에 대한 재판)
001118,257507,항,50,① 보상청구는 법원 합의부에서 재판한다.
001118,257507,항,51,② 보상청구에 대하여는 법원은 검사와 청구인의 의견을 들은 후 결정을 하여야 한다.
001118,257507,항,52,③ 보상청구를 받은 법원은 6개월 이내에 보상결정을 하여야 한다. <신설 2018.3.20>
001118,257507,항,53,④ 제2항에 따른 결정의 정본(正本)은 검사와 청구인에게 송달하여야 한다. <개정 2018.3.20>
001118,257507,조문,54,제15조(직권조사사항) 법원은 보상청구의 원인이 된 사실인 구금일수 또는 형 집행의 내용에 관하여 직권으로 조사를 하여야 한다.
001118,257507,조문,55,제16조(보상청구 각하의 결정) 법원은 다음 각 호의 어느 하나에 해당하는 경우에는 보상청구를 각하(却下)하는 결정을 하여야 한다.
001118,257507,항,56,
001118,257507,호,57,1. 보상청구의 절차가 법령으로 정한 방식을 위반하여 보정(補正)할 수 없을 경우
001118,257507,호,58,2. 청구인이 법원의 보정명령에 따르지 아니할 경우
001118,257507,호,59,3. 제8조에 따른 보상청구의 기간이 지난 후에 보상을 청구하였을 경우
001118,257507,조문,60,제17조(보상 또는 청구기각의 결정)
001118,257507,항,61,① 보상의 청구가 이유 있을 때에는 보상결정을 하여야 한다.
001118,257507,항,62,② 보상의 청구가 이유 없을 때에는 청구기각의 결정을 하여야 한다.
001118,257507,조문,63,제18조(결정의 효과) 보상청구를 할 수 있는 같은 순위의 상속인이 여러 명인 경우에 그 중 1명에 대한 제17조의 보상결정이나 청구기각의 결정은 같은 순위자 모두에 대하여 한 것으로 본다.
001118,257507,조문,64,제19조(보상청구의 중단과 승계)
001118,257507,항,65,① 보상을 청구한 자가 청구절차 중 사망하거나 상속인 자격을 상실한 경우에 다른 청구인이 없을 때에는 청구의 절차는 중단된다.
001118,257507,항,66,② 제1항의 경우에 보상을 청구한 자의 상속인 또는 보상을 청구한 상속인과 같은 순위의 상속인은 2개월 이내에 청구의 절차를 승계할 수 있다.
001118,257507,항,67,③ 법원은 제2항에 따라 절차를 승계할 수 있는 자로서 법원에 알려진 자에게는 지체 없이 제2항의 기간 내에 청구의 절차를 승계할 것을 통지하여야 한다.
001118,257507,항,68,④ 제2항의 기간 내에 절차를 승계하는 신청이 없을 때에는 법원은 청구를 각하하는 결정을 하여야 한다.
001118,257507,조문,69,제20조(불복신청)
001118,257507,항,70,① 제17조제1항에 따른 보상결정에 대하여는 1주일 이내에 즉시항고(卽時抗告)를 할 수 있다.
001118,257507,항,71,② 제17조제2항에 따른 청구기각 결정에 대하여는 즉시항고를 할 수 있다.
001118,257507,조문,72,제21조(보상금 지급청구)
001118,257507,항,73,① 보상금 지급을 청구하려는 자는 보상을 결정한 법원에 대응하는 검찰청에 보상금 지급청구서를 제출하여야 한다.
001118,257507,항,74,② 제1항의 청구서에는 법원의 보상결정서를 첨부하여야 한다.
001118,257507,항,75,③ 보상결정이 송달된 후 2년 이내에 보상금 지급청구를 하지 아니할 때에는 권리를 상실한다.
001118,257507,항,76,④ 보상금을 받을 수 있는 자가 여러 명인 경우에는 그 중 1명이 한 보상금 지급청구는 보상결정을 받은 모두를 위하여 그 전부에 대하여 보상금 지급청구를 한 것으로 본다.
001118,257507,조문,77,제21조의2(보상금 지급기한 등)
001118,257507,항,78,① 보상금 지급청구서를 제출받은 검찰청은 3개월 이내에 보상금을 지급하여야 한다.
001118,257507,항,79,② 제1항에 따른 기한까지 보상금을 지급하지 아니한 경우에는 그 다음 날부터 지급하는 날까지의 지연 일수에 대하여 「민법」 제379조의 법정이율에 따른 지연이자를 지급하여야 한다.
001118,257507,조문,80,제22조(보상금 지급의 효과) 보상금을 받을 수 있는 자가 여러 명인 경우에는 그 중 1명에 대한 보상금 지급은 그 모두에 대하여 효력이 발생한다.
001118,257507,조문,81,제23조(보상청구권의 양도 및 압류의 금지) 보상청구권은 양도하거나 압류할 수 없다. 보상금 지급청구권도 또한 같다.
001118,257507,조문,82,제24조(준용규정) 이 법에 따른 결정과 즉시항고에 관하여는 이 법에 특별한 규정이 있는 것을 제외하고는 「형사소송법」의 규정을 준용한다. 기간에 관하여도 또한 같다.
001118,257507,조문,83,제25조(보상결정의 공시)
001118,257507,항,84,① 법원은 보상결정이 확정되었을 때에는 2주일 내에 보상결정의 요지를 관보에 게재하여 공시하여야 한다. 이 경우 보상결정을 받은 자의 신청이 있을 때에는 그 결정의 요지를 신청인이 선택하는 두 종류 이상의 일간신문에 각각 한 번씩 공시하여야 하며 그 공시는 신청일부터 30일 이내에 하여야 한다.
001118,257507,항,85,② 제6조제2항 전단에 규정된 이유로 보상청구를 기각하는 결정이 확정되었을 때에는 제1항을 준용한다.
001118,257507,조문,86,제26조(면소 등의 경우)
001118,257507,항,87,"① 다음 각 호의 어느 하나에 해당하는 경우에도 국가에 대하여 구금에 대한 보상을 청구할 수 있다. 다만, 제3호의 경우 재심 절차에서 선고된 형을 초과하여 집행된 구금일수를 제5조제1항에 따른 구금일수로 본다. <개정 2023.12.29>"
001118,257507,호,88,1. 「형사소송법」에 따라 면소(免訴) 또는 공소기각(公訴棄却)의 재판을 받아 확정된 피고인이 면소 또는 공소기각의 재판을 할 만한 사유가 없었더라면 무죄재판을 받을 만한 현저한 사유가 있었을 경우
001118,257507,호,89,2. 「치료감호법」 제7조에 따라 치료감호의 독립 청구를 받은 피치료감호청구인의 치료감호사건이 범죄로 되지 아니하거나 범죄사실의 증명이 없는 때에 해당되어 청구기각의 판결을 받아 확정된 경우
001118,257507,호,90,3. 「헌법재판소법」에 따른 재심 절차에서 원판결보다 가벼운 형으로 확정됨에 따라 원판결에 의한 형 집행이 재심 절차에서 선고된 형을 초과한 경우
001118,257507,항,91,② 제1항에 따른 보상에 대하여는 무죄재판을 받아 확정된 사건의 피고인에 대한 보상에 관한 규정을 준용한다. 보상결정의 공시에 대하여도 또한 같다.
001118,257507,항,92,③ 제1항제3호에 따른 보상청구의 경우에 법원은 재량으로 보상청구의 전부 또는 일부를 기각할 수 있다. <신설 2023.12.29>
001118,257507,조문,93,제27조(피의자에 대한 보상)
001118,257507,항,94,"① 피의자로서 구금되었던 자 중 검사로부터 불기소처분을 받거나 사법경찰관으로부터 불송치결정을 받은 자는 국가에 대하여 그 구금에 대한 보상(이하 ""피의자보상""이라 한다)을 청구할 수 있다. 다만, 구금된 이후 불기소처분 또는 불송치결정의 사유가 있는 경우와 해당 불기소처분 또는 불송치결정이 종국적(終局的)인 것이 아니거나 「형사소송법」 제247조에 따른 것일 경우에는 그러하지 아니하다. <개정 2021.3.16>"
001118,257507,항,95,② 다음 각 호의 어느 하나에 해당하는 경우에는 피의자보상의 전부 또는 일부를 지급하지 아니할 수 있다.
001118,257507,호,96,1. 본인이 수사 또는 재판을 그르칠 목적으로 거짓 자백을 하거나 다른 유죄의 증거를 만듦으로써 구금된 것으로 인정되는 경우
001118,257507,호,97,2. 구금기간 중에 다른 사실에 대하여 수사가 이루어지고 그 사실에 관하여 범죄가 성립한 경우
001118,257507,호,98,3. 보상을 하는 것이 선량한 풍속이나 그 밖에 사회질서에 위배된다고 인정할 특별한 사정이 있는 경우
001118,257507,항,99,"③ 피의자보상에 관한 사항을 심의ㆍ결정하기 위하여 지방검찰청에 피의자보상심의회(이하 ""심의회""라 한다)를 둔다."
001118,257507,항,100,④ 심의회는 법무부장관의 지휘ㆍ감독을 받는다.
001118,257507,항,101,"⑤ 심의회의 관할ㆍ구성ㆍ운영, 그 밖에 필요한 사항은 대통령령으로 정한다."
001118,257507,조문,102,제28조(피의자보상의 청구 등)
001118,257507,항,103,① 피의자보상을 청구하려는 자는 불기소처분을 한 검사가 소속된 지방검찰청(지방검찰청 지청의 검사가 불기소처분을 한 경우에는 그 지청이 소속하는 지방검찰청을 말한다) 또는 불송치결정을 한 사법경찰관이 소속된 경찰관서에 대응하는 지방검찰청의 심의회에 보상을 청구하여야 한다. <개정 2021.3.16>
001118,257507,항,104,② 제1항에 따라 피의자보상을 청구하는 자는 보상청구서에 불기소처분 또는 불송치결정을 받은 사실을 증명하는 서류를 첨부하여 제출하여야 한다. <개정 2021.3.16>
001118,257507,항,105,③ 피의자보상의 청구는 불기소처분 또는 불송치결정의 고지(告知) 또는 통지를 받은 날부터 3년 이내에 하여야 한다. <개정 2021.3.16>
001118,257507,항,106,④ 피의자보상의 청구에 대한 심의회의 결정에 대하여는 「행정심판법」에 따른 행정심판을 청구하거나 「행정소송법」에 따른 행정소송을 제기할 수 있다.
001118,257507,항,107,⑤ 심의회의 보상결정이 송달(제4항의 심판을 청구하거나 소송을 제기한 경우에는 그 재결 또는 판결에 따른 심의회의 보상결정이 송달된 때를 말한다)된 후 2년 이내에 보상금 지급청구를 하지 아니할 때에는 그 권리를 상실한다.
001118,257507,조문,108,제29조(준용규정)
001118,257507,항,109,① 피의자보상에 대하여 이 장에 특별한 규정이 있는 경우를 제외하고는 그 성질에 반하지 아니하는 범위에서 무죄재판을 받아 확정된 사건의 피고인에 대한 보상에 관한 이 장의 규정을 준용한다.
001118,257507,항,110,"② 다음 각 호의 어느 하나에 해당하는 자에 대한 형사보상에 대하여는 이 장의 규정을 준용한다. 이 경우 ""법원""은 ""군사법원""으로, ""검찰청""은 ""군검찰부""로, ""심의회""는 ""「국가배상법」 제10조제2항에 따른 특별심의회 소속 지구심의회(地區審議會)""로, ""법무부장관""은 ""국방부장관""으로 본다. <개정 2016.1.6>"
001118,257507,호,111,1. 군사법원에서 무죄재판을 받아 확정된 자
001118,257507,호,112,2. 군사법원에서 제26조제1항 각 호에 해당하는 재판을 받은 자
001118,257507,호,113,3. 군검찰부 군검사로부터 공소를 제기하지 아니하는 처분을 받은 자
001118,257507,조문,114,제3장 명예회복
001118,257507,조문,115,"제30조(무죄재판서 게재 청구) 무죄재판을 받아 확정된 사건(이하 ""무죄재판사건""이라 한다)의 피고인은 무죄재판이 확정된 때부터 3년 이내에 확정된 무죄재판사건의 재판서(이하 ""무죄재판서""라 한다)를 법무부 인터넷 홈페이지에 게재하도록 해당 사건을 기소한 검사가 소속된 지방검찰청(지방검찰청 지청을 포함한다)에 청구할 수 있다."
001118,257507,조문,116,제31조(청구방법)
001118,257507,항,117,① 제30조에 따른 청구를 할 때에는 무죄재판서 게재 청구서에 재판서의 등본과 그 재판의 확정증명서를 첨부하여 제출하여야 한다.
001118,257507,항,118,"② 상속인에 의한 청구 및 그 소명에 대하여는 제3조 및 제10조를 준용한다. 이 경우 ""보상""은 ""게재""로 보며, 같은 순위의 상속인이 여러 명일 때에는 상속인 모두가 무죄재판서 게재 청구에 동의하였음을 소명할 자료를 제출하여야 한다."
001118,257507,항,119,"③ 대리인에 의한 청구에 대하여는 제13조를 준용한다. 이 경우 ""보상""은 ""게재""로 본다."
001118,257507,항,120,"④ 청구의 취소에 대하여는 제12조를 준용한다. 이 경우 ""보상""은 ""게재""로 본다."
001118,257507,조문,121,제32조(청구에 대한 조치)
001118,257507,항,122,"① 제30조에 따른 청구가 있을 때에는 그 청구를 받은 날부터 1개월 이내에 무죄재판서를 법무부 인터넷 홈페이지에 게재하여야 한다. 다만, 청구를 받은 때에 무죄재판사건의 확정재판기록이 해당 지방검찰청에 송부되지 아니한 경우에는 무죄재판사건의 확정재판기록이 해당 지방검찰청에 송부된 날부터 1개월 이내에 게재하여야 한다."
001118,257507,항,123,② 다음 각 호의 어느 하나에 해당할 때에는 무죄재판서의 일부를 삭제하여 게재할 수 있다.
001118,257507,호,124,1. 청구인이 무죄재판서 중 일부 내용의 삭제를 원하는 의사를 명시적으로 밝힌 경우
001118,257507,호,125,2. 무죄재판서의 공개로 인하여 사건 관계인의 명예나 사생활의 비밀 또는 생명ㆍ신체의 안전이나 생활의 평온을 현저히 해칠 우려가 있는 경우
001118,257507,항,126,"③ 제2항제1호의 경우에는 청구인의 의사를 서면으로 확인하여야 한다. 다만, 소재불명 등으로 청구인의 의사를 확인할 수 없을 때에는 「민법」 제779조에 따른 가족 중 1명의 의사를 서면으로 확인하는 것으로 대신할 수 있다."
001118,257507,항,127,④ 제1항에 따른 무죄재판서의 게재기간은 1년으로 한다.
001118,257507,조문,128,제33조(청구에 대한 조치의 통지 등)
001118,257507,항,129,① 제32조제1항에 따라 무죄재판서를 법무부 인터넷 홈페이지에 게재한 경우에는 지체 없이 그 사실을 청구인에게 서면으로 통지하여야 한다.
001118,257507,항,130,② 제30조의 청구에 따른 집행절차 등에 관한 세부사항은 대통령령으로 정한다.
001118,257507,조문,131,제34조(면소 등의 경우)
001118,257507,항,132,① 제26조제1항 각 호의 경우에 해당하는 자는 확정된 사건의 재판서를 게재하도록 청구할 수 있다.
001118,257507,항,133,② 제1항에 따른 청구에 대하여는 무죄재판사건 피고인의 무죄재판서 게재 청구에 관한 규정을 준용한다.
001118,257507,조문,134,"제35조(준용규정) 다음 각 호의 어느 하나에 해당하는 자에 대한 명예회복에 대하여는 이 장의 규정을 준용한다. 이 경우 ""법원""은 ""군사법원""으로, ""검찰청""은 ""군검찰부""로, ""법무부장관""은 ""국방부장관""으로 본다."
001118,257507,항,135,
001118,257507,호,136,1. 군사법원에서 무죄재판을 받아 확정된 자
001118,257507,호,137,2. 군사법원에서 제26조제1항 각 호에 해당하는 재판을 받은 자
