법령일련번호,MST,구분,문장번호,내용
011155,206325,조문,1,제1조(목적) 이 법은 곤충산업을 육성ㆍ지원하고 그 발전 기반을 마련하며 곤충생태에 대한 이해증진을 지원함으로써 농가의 소득증대와 국민경제의 건전한 발전과 아울러 국민의 정서 함양에 이바지함을 목적으로 한다.
011155,206325,조문,2,"제2조(정의) 이 법에서 사용하는 용어의 뜻은 다음과 같다. <개정 2013.3.23, 2018.12.31>"
011155,206325,항,3,
011155,206325,호,4,"1. ""곤충""이란 사슴벌레, 장수풍뎅이, 반딧불이, 동애등에, 꽃무지, 뒤영벌, 그 밖에 농림축산식품부령으로 정하는 동물을 말한다."
011155,206325,호,5,"2. ""곤충산업""이란 곤충과 관련된 재화 또는 용역을 제공하는 업(業)으로서 다음 각 목에 해당하는 것을 말한다."
011155,206325,목,6,가. 곤충생산업: 판매를 목적으로 곤충을 사육하거나 곤충의 산물 또는 부산물을 생산하는 영업
011155,206325,목,7,"나. 곤충가공업: 곤충, 곤충의 산물 또는 부산물을 직접 원료 또는 재료로 하여 가공하는 영업"
011155,206325,목,8,"다. 곤충유통업: 곤충, 곤충의 산물 또는 부산물의 도매ㆍ소매 및 이를 경영하기 위한 보관ㆍ배송ㆍ포장과 이와 관련된 정보ㆍ용역의 제공 등을 목적으로 하는 영업"
011155,206325,목,9,라. 그 밖에 곤충과 관련하여 대통령령으로 정하는 영업
011155,206325,호,10,"3. ""곤충농가""란 곤충산업을 하는 농가를 말한다."
011155,206325,조문,11,제3조(국가와 지방자치단체의 책무) 국가와 지방자치단체는 곤충산업의 육성 및 지원을 위한 기반조성 및 경쟁력 강화에 필요한 시책을 수립ㆍ시행하여야 한다.
011155,206325,조문,12,제4조(다른 법률과의 관계) 곤충산업의 육성 및 지원에 관하여 다른 법률에서 따로 정하는 경우를 제외하고는 이 법에 따른다.
011155,206325,조문,13,제5조(종합계획의 수립 등)
011155,206325,항,14,"① 농림축산식품부장관은 곤충산업의 육성 및 지원을 위하여 5년마다 관계 중앙행정기관의 장과 협의를 거쳐 곤충산업의 육성 및 지원에 관한 종합계획(이하 ""종합계획""이라 한다)을 수립하여야 한다. <개정 2013.3.23>"
011155,206325,항,15,② 종합계획에는 다음 각 호의 사항을 포함한다.
011155,206325,호,16,1. 곤충산업의 현황과 전망
011155,206325,호,17,2. 곤충산업의 지원방향 및 목표
011155,206325,호,18,3. 곤충산업의 육성 및 지원을 위한 중ㆍ장기 투자계획
011155,206325,호,19,4. 곤충산업 관련 기술의 교육 및 전문인력의 육성방안
011155,206325,호,20,5. 곤충농가의 안정적인 소득증대를 위한 연구개발 사업
011155,206325,호,21,6. 곤충생태에 대한 교육 및 이해증진 방안
011155,206325,호,22,7. 지방자치단체의 곤충 관련 사업 지원방안
011155,206325,호,23,8. 그 밖에 곤충산업의 발전을 위하여 대통령령으로 정하는 사항
011155,206325,항,24,"③ 농림축산식품부장관은 종합계획의 추진을 위하여 대통령령으로 정하는 바에 따라 관계 중앙행정기관의 장의 의견을 들어 매년 시행계획(이하 ""시행계획""이라 한다)을 수립ㆍ시행하여야 한다. <개정 2013.3.23>"
011155,206325,항,25,"④ 농촌진흥청장과 산림청장은 시행계획의 연도별 세부 추진계획을 수립ㆍ시행하여야 한다. <개정 2013.8.13, 2017.12.19>"
011155,206325,항,26,⑤ 농림축산식품부장관은 매년 시행계획에 따른 추진실적을 평가하여야 한다. <신설 2017.12.19>
011155,206325,항,27,⑥ 농촌진흥청장과 산림청장은 매년 시행계획의 연도별 세부추진계획에 따른 추진실적을 평가하여 그 결과를 농림축산식품부장관에게 제출하여야 한다. <신설 2017.12.19>
011155,206325,항,28,"⑦ 농림축산식품부장관은 종합계획 및 시행계획의 수립, 시행계획의 추진실적 평가 등을 위하여 필요하다고 인정하는 경우 관계 기관의 장에게 자료의 제출을 요구할 수 있다. 이 경우 자료의 제출을 요구받은 자는 특별한 사유가 없으면 이에 따라야 한다. <신설 2017.12.19>"
011155,206325,항,29,⑧ 그 밖에 종합계획 및 시행계획의 수립ㆍ시행 및 추진실적의 평가에 필요한 사항은 대통령령으로 정한다. <개정 2017.12.19>
011155,206325,조문,30,제6조(실태조사 등)
011155,206325,항,31,① 농림축산식품부장관은 종합계획과 시행계획을 효율적으로 수립ㆍ추진하기 위하여 곤충산업의 현황 등에 대한 실태조사를 실시하여야 한다. <개정 2013.3.23>
011155,206325,항,32,② 농림축산식품부장관은 제1항에 따른 실태조사를 위하여 필요한 경우에 관련 연구기관 및 단체 등에 대하여 자료의 제출이나 의견의 진술을 요청할 수 있다. <개정 2013.3.23>
011155,206325,항,33,③ 제2항에 따른 자료의 제출이나 의견의 진술을 요청받은 연구기관 및 단체 등은 특별한 사유가 없는 한 이에 협조하여야 한다.
011155,206325,항,34,"④ 제1항에 따른 실태조사의 범위와 방법, 그 밖에 필요한 사항은 대통령령으로 정한다."
011155,206325,조문,35,제7조(전문인력의 양성)
011155,206325,항,36,① 국가와 지방자치단체는 곤충산업의 육성 및 지원에 필요한 전문인력을 양성하여야 한다.
011155,206325,항,37,"② 국가와 지방자치단체는 제1항에 따른 전문인력의 양성을 위하여 「고등교육법」 제2조에 따른 대학, 곤충에 관한 연구활동 등을 목적으로 설립된 연구소ㆍ기관 또는 단체를 전문인력 양성기관으로 지정하여 필요한 교육훈련을 실시하게 할 수 있다."
011155,206325,항,38,③ 국가와 지방자치단체는 제2항에 따라 지정된 전문인력 양성기관에 대하여 대통령령으로 정하는 바에 따라 교육훈련에 필요한 비용의 전부 또는 일부를 지원할 수 있다.
011155,206325,항,39,④ 국가와 지방자치단체는 전문인력 양성기관이 지정요건에 미달하게 되는 경우에는 지정을 해제할 수 있다. <신설 2011.7.25>
011155,206325,항,40,⑤ 전문인력 양성기관의 지정 및 지정해제의 기준에 필요한 사항은 대통령령으로 정한다. <개정 2011.7.25>
011155,206325,조문,41,제8조(곤충산업 관련 기술개발의 촉진)
011155,206325,항,42,① 국가와 지방자치단체는 곤충산업 관련 기술의 개발을 촉진하기 위하여 다음 각 호의 사항을 추진하여야 한다.
011155,206325,호,43,1. 곤충산업 관련 기술의 동향 및 수요조사
011155,206325,호,44,2. 곤충산업 관련 기술의 연구개발
011155,206325,호,45,3. 개발된 기술의 권리확보 및 실용화
011155,206325,호,46,4. 곤충산업 관련 기술의 협력 및 정보교류
011155,206325,호,47,5. 그 밖에 곤충산업 관련 기술의 연구개발에 필요한 사항
011155,206325,항,48,② 농림축산식품부장관은 제1항에 따른 곤충산업 관련 기술개발을 촉진하기 위하여 곤충산업 관련 기술을 연구개발하거나 이를 산업화하는 자에게 필요한 경비를 지원할 수 있다. <개정 2013.3.23>
011155,206325,조문,49,제9조(국제협력 및 대외시장진출의 촉진)
011155,206325,항,50,① 국가와 지방자치단체는 곤충산업의 국제적인 동향을 파악하고 국제협력을 촉진하여야 한다.
011155,206325,항,51,② 국가와 지방자치단체는 곤충산업의 국제협력 및 대외시장의 진출을 촉진하기 위하여 곤충산업 관련 기술과 인력의 국제교류 및 국제공동연구 등의 사업을 실시할 수 있다.
011155,206325,조문,52,제10조(곤충의 위해성 평가 등)
011155,206325,항,53,① 농림축산식품부장관은 곤충의 대량사육 및 유통과정에서 발생할 수 있는 사람의 생명ㆍ신체와 생태환경에 대한 피해 등을 예방하기 위하여 대상 곤충의  위해성을 평가하여야 한다. <개정 2013.3.23>
011155,206325,항,54,② 농림축산식품부장관은 제1항의 위해성 평가결과 곤충의 사육 및 유통과정에서 사람의 생명ㆍ신체와 생태환경에 대한 피해 등을 방지하기 위하여 신속한 조치가 필요하다고 인정되는 경우 곤충의 사육 및 유통을 제한하거나 폐기를 명령할 수 있다. <개정 2013.3.23>
011155,206325,항,55,"③ 농림축산식품부장관은 제2항에 따른 명령으로 인하여 손실을 받은 자에게 손실곤충의 실거래가 및 폐기된 수량 등을 고려하여 대통령령으로 정하는 바에 따라 손실을 보상할 수 있다. <개정 2013.3.23, 2015.8.11>"
011155,206325,항,56,④ 제1항에 따른 위해성 평가의 대상ㆍ기준ㆍ방법 및 시기 등에 필요한 사항은 농림축산식품부령으로 정한다. <개정 2013.3.23>
011155,206325,조문,57,제11조(곤충의 사육기준 및 규격 등)
011155,206325,항,58,① 삭제 <2015.8.11>
011155,206325,항,59,"② 농림축산식품부장관은 천적곤충, 화분매개곤충, 환경정화곤충, 식ㆍ약용곤충 및 학습ㆍ애완곤충 등으로 유통 또는 판매 가능한 곤충의 종류 및 사육기준과 규격 등을 대통령령으로 정하는 바에 따라 마련하고 이를 준수하게 할 수 있다. <개정 2015.8.11>"
011155,206325,항,60,③ 삭제 <2015.8.11>
011155,206325,조문,61,제12조(곤충산업에 종사하는 자의 신고 등)
011155,206325,항,62,"① 곤충생산업ㆍ곤충가공업 또는 곤충유통업을 하려는 자는 해당 사업장의 소재지를 관할하는 특별자치시장ㆍ특별자치도지사ㆍ시장ㆍ군수ㆍ구청장(자치구의 구청장을 말한다. 이하 같다)에게 신고하여야 한다. 다만, 「식품위생법」에 따른 식품제조ㆍ가공업의 등록을 하는 경우 이 법에 따른 곤충가공업의 신고를 한 것으로 간주한다. <개정 2015.8.11, 2018.12.31>"
011155,206325,항,63,"② 제1항에 따라 신고한 내용을 변경하려면 해당 사업장의 소재지를 관할하는 특별자치시장ㆍ특별자치도지사ㆍ시장ㆍ군수ㆍ구청장에게 변경신고를 하여야 한다. 다만, 농림축산식품부령으로 정하는 경미한 사항을 변경할 때에는 예외로 한다. <신설 2011.7.25, 2013.3.23, 2015.8.11>"
011155,206325,항,64,③ 특별자치시장ㆍ특별자치도지사ㆍ시장ㆍ군수ㆍ구청장은 제1항 또는 제2항 본문에 따른 신고를 받은 날부터 5일 이내에 신고수리 여부를 신고인에게 통지하여야 한다. <신설 2018.12.31>
011155,206325,항,65,④ 특별자치시장ㆍ특별자치도지사ㆍ시장ㆍ군수ㆍ구청장이 제3항에서 정한 기간 내에 신고수리 여부 또는 민원 처리 관련 법령에 따른 처리기간의 연장을 신고인에게 통지하지 아니하면 그 기간(민원 처리 관련 법령에 따라 처리기간이 연장 또는 재연장된 경우에는 해당 처리기간을 말한다)이 끝난 날의 다음 날에 신고를 수리한 것으로 본다. <신설 2018.12.31>
011155,206325,항,66,"⑤ 특별자치시장ㆍ특별자치도지사ㆍ시장ㆍ군수ㆍ구청장은 제1항에 따른 신고를 한 자에게 곤충의 무단방출 및 탈출로 인하여 사람의 생명ㆍ신체와 생태환경에 대한 피해 등이 발생하지 아니하도록 적절한 예방조치를 요구할 수 있다. <개정 2011.7.25, 2015.8.11, 2018.12.31>"
011155,206325,항,67,"⑥ 제1항 및 제2항에 따른 신고 및 변경신고와 제5항에 따른 예방조치 등에 필요한 사항은 농림축산식품부령으로 정한다. <개정 2011.7.25, 2013.3.23, 2018.12.31>"
011155,206325,조문,68,제12조의2(영업의 승계)
011155,206325,항,69,"① 다음 각 호의 어느 하나에 해당하는 자는 제12조제1항에 따른 신고를 한 자(이하 이 조에서 ""영업자""라 한다)의 지위를 승계한다."
011155,206325,호,70,1. 영업자가 사망한 경우 그 상속인
011155,206325,호,71,2. 영업자가 영업을 양도한 경우 그 양수인
011155,206325,호,72,3. 법인인 영업자가 합병한 경우 합병 후 존속하는 법인이나 합병으로 설립되는 법인
011155,206325,항,73,② 제1항에 따라 영업자의 지위를 승계한 자는 농림축산식품부령으로 정하는 바에 따라 특별자치시장ㆍ특별자치도지사ㆍ시장ㆍ군수ㆍ구청장에게 그 사실을 신고하여야 한다.
011155,206325,조문,74,제13조(지방자치단체의 곤충산업 사업수행)
011155,206325,항,75,"① 농림축산식품부장관은 곤충산업을 육성ㆍ지원하고 그 발전기반을 마련하기 위하여 지방자치단체의 장에게 다음 각 호의 사업을 수행하게 할 수 있다. <개정 2013.3.23, 2015.8.11>"
011155,206325,호,76,1. 곤충산업 관련 기술의 보급 및 정보수집
011155,206325,호,77,2. 곤충과 관련된 교육ㆍ체험사업의 실시
011155,206325,호,78,3. 곤충산업 관련 연구 및 교육 지원시설의 설치ㆍ운영
011155,206325,호,79,4. 곤충산업 관련 교육ㆍ컨설팅 등 경영개선지원 사업의 실시
011155,206325,호,80,5. 그 밖에 농림축산식품부장관이 필요하다고 인정하는 사업
011155,206325,항,81,② 농림축산식품부장관은 제1항의 사업을 효율적으로 수행하기 위하여 예산의 범위에서 필요한 비용을 지원할 수 있다. <개정 2013.3.23>
011155,206325,항,82,③ 지방자치단체는 곤충산업의 육성 및 지원에 필요한 사항을 조례로 정할 수 있다. <신설 2015.8.11>
011155,206325,조문,83,제13조의2(지역곤충자원산업화지원센터의 설치ㆍ운영)
011155,206325,항,84,"① 지방자치단체의 장은 제13조제1항 각 호의 사업을 효율적으로 수행하기 위하여 지역별 특성에 따른 지역곤충자원산업화지원센터(이하 이 조에서 ""센터""라 한다)를 설치ㆍ운영할 수 있다."
011155,206325,항,85,② 센터는 다음 각 호의 업무를 수행한다.
011155,206325,호,86,1. 곤충산업 발전을 위한 지원시설의 설치ㆍ운영
011155,206325,호,87,2. 곤충 사육에 관한 정보 수집 및 제공
011155,206325,호,88,3. 곤충산업 종사자에 대한 컨설팅
011155,206325,호,89,4. 곤충의 유통ㆍ판매 촉진을 위한 마케팅ㆍ수출 지원
011155,206325,호,90,5. 그 밖에 곤충산업 발전을 위하여 필요한 사항
011155,206325,항,91,③ 그 밖에 센터의 설치ㆍ운영에 필요한 사항은 해당 지방자치단체의 조례로 정한다.
011155,206325,조문,92,제14조(재정 및 기술지원 등)
011155,206325,항,93,① 농림축산식품부장관은 곤충산업의 기반조성과 기술혁신을 위하여 다음 각 호에 대하여 재정 및 금융 지원을 할 수 있다. <개정 2013.3.23>
011155,206325,호,94,"1. 곤충농가와 곤충산업을 하는 업체의 곤충 사육, 생산, 가공, 유통에 필요한 기자재와 시설의 설치"
011155,206325,호,95,2. 곤충 관련 공익적 사업수행
011155,206325,항,96,② 제1항에 따른 지원을 받고자 하는 곤충농가는 「농업ㆍ농촌 및 식품산업 기본법」 제40조에 따른 농업경영 관련 정보를 등록하여야 한다. <개정 2015.6.22>
011155,206325,조문,97,제14조의2(곤충종자보급센터)
011155,206325,항,98,① 지방자치단체의 장은 우수한 곤충종자의 개발ㆍ보급을 통한 곤충산업의 경쟁력을 강화하기 위하여 곤충종자보급센터를 설치ㆍ운영할 수 있다.
011155,206325,항,99,② 제1항에 따른 곤충종자보급센터는 다음 각 호의 업무를 수행한다.
011155,206325,호,100,1. 우수 곤충자원 선발 및 계통화
011155,206325,호,101,2. 우수 곤충종자의 개발 및 보급
011155,206325,호,102,3. 곤충종자 및 먹이원의 생산ㆍ이력 관리
011155,206325,호,103,4. 곤충종자 질병발생 관리체계의 구축
011155,206325,호,104,5. 곤충사육환경 기술 개발 및 컨설팅
011155,206325,호,105,6. 그 밖에 곤충종자의 개발ㆍ보급을 위하여 필요한 업무
011155,206325,항,106,③ 농림축산식품부장관은 제1항에 따른 곤충종자보급센터를 설치ㆍ운영하는 데 필요한 경비의 일부를 예산의 범위에서 지원할 수 있다.
011155,206325,항,107,④ 그 밖에 곤충종자보급센터의 설치 및 운영에 필요한 사항은 해당 지방자치단체의 조례로 정한다.
011155,206325,조문,108,제15조(권한의 위임ㆍ위탁)
011155,206325,항,109,"① 이 법에 따른 농림축산식품부장관의 권한은 그 일부를 대통령령으로 정하는 바에 따라 농촌진흥청장, 산림청장 또는 특별시장ㆍ광역시장ㆍ특별자치시장ㆍ도지사ㆍ특별자치도지사 또는 시장ㆍ군수ㆍ구청장에게 위임할 수 있다. <개정 2013.3.23, 2015.8.11>"
011155,206325,항,110,② 이 법에 따른 농림축산식품부장관의 권한은 그 일부를 대통령령으로 정하는 바에 따라 곤충산업 관련 단체에 위탁할 수 있다. <개정 2013.3.23>
011155,206325,조문,111,제15조의2(벌칙 적용에서 공무원 의제) 농림축산식품부장관이 제15조제2항에 따라 위탁한 업무에 종사하는 단체의 임직원은 「형법」 제129조부터 제132조까지의 규정을 적용할 때에는 공무원으로 본다.
011155,206325,조문,112,제16조(벌칙)
011155,206325,항,113,① 다음 각 호의 어느 하나에 해당하는 자는 500만원 이하의 벌금에 처한다.
011155,206325,호,114,1. 제10조제2항에 따른 제한이나 폐기 명령을 따르지 아니한 자
011155,206325,호,115,2. 제11조제2항을 위반하여 야생곤충을 유통 또는 판매한 자
011155,206325,항,116,"② 제12조제5항에 따른 예방조치요구에 따르지 아니한 자는 100만원 이하의 벌금에 처한다. <개정 2011.7.25, 2018.12.31>"
011155,206325,조문,117,제17조(과태료)
011155,206325,항,118,"① 다음 각 호의 어느 하나에 해당하는 자에게는 30만원 이하의 과태료를 부과한다. <개정 2011.7.25, 2015.8.11>"
011155,206325,호,119,"1. 제12조제1항을 위반하여 신고를 하지 아니하고 곤충 또는 곤충의 산물ㆍ부산물을 생산, 가공 또는 유통한 자"
011155,206325,호,120,2. 제12조제2항에 따른 변경신고를 하지 아니한 자
011155,206325,항,121,② 제1항에 따른 과태료는 대통령령으로 정하는 바에 따라 특별자치시장ㆍ특별자치도지사ㆍ시장ㆍ군수ㆍ구청장이 부과ㆍ징수한다. <개정 2015.8.11>
