법령일련번호,MST,구분,문장번호,내용
010356,232201,조문,1,제1장 총칙
010356,232201,조문,2,제1조(목적) 이 법은 기간제근로자 및 단시간근로자에 대한 불합리한 차별을 시정하고 기간제근로자 및 단시간근로자의 근로조건 보호를 강화함으로써 노동시장의 건전한 발전에 이바지함을 목적으로 한다.
010356,232201,조문,3,"제2조(정의) 이 법에서 사용하는 용어의 정의는 다음과 같다. <개정 2007.4.11, 2013.3.22, 2020.5.26>"
010356,232201,항,4,
010356,232201,호,5,"1. ""기간제근로자""라 함은 기간의 정함이 있는 근로계약(이하 ""기간제 근로계약""이라 한다)을 체결한 근로자를 말한다."
010356,232201,호,6,"2. ""단시간근로자""라 함은 「근로기준법」 제2조의 단시간근로자를 말한다."
010356,232201,호,7,"3. ""차별적 처우""라 함은 다음 각 목의 사항에서 합리적인 이유 없이 불리하게 처우하는 것을 말한다."
010356,232201,목,8,가. 「근로기준법」 제2조제1항제5호에 따른 임금
010356,232201,목,9,"나. 정기상여금, 명절상여금 등 정기적으로 지급되는 상여금"
010356,232201,목,10,다. 경영성과에 따른 성과금
010356,232201,목,11,라. 그 밖에 근로조건 및 복리후생 등에 관한 사항
010356,232201,조문,12,제3조(적용범위)
010356,232201,항,13,"①이 법은 상시 5인 이상의 근로자를 사용하는 모든 사업 또는 사업장에 적용한다. 다만, 동거의 친족만을 사용하는 사업 또는 사업장과 가사사용인에 대하여는 적용하지 아니한다."
010356,232201,항,14,②상시 4인 이하의 근로자를 사용하는 사업 또는 사업장에 대하여는 대통령령으로 정하는 바에 따라 이 법의 일부 규정을 적용할 수 있다. <개정 2020.5.26>
010356,232201,항,15,③국가 및 지방자치단체의 기관에 대하여는 상시 사용하는 근로자의 수와 관계없이 이 법을 적용한다. <개정 2020.5.26>
010356,232201,조문,16,제2장 기간제근로자
010356,232201,조문,17,제4조(기간제근로자의 사용)
010356,232201,항,18,"①사용자는 2년을 초과하지 아니하는 범위 안에서(기간제 근로계약의 반복갱신 등의 경우에는 그 계속근로한 총기간이 2년을 초과하지 아니하는 범위 안에서) 기간제근로자를 사용할 수 있다. 다만, 다음 각 호의 어느 하나에 해당하는 경우에는 2년을 초과하여 기간제근로자로 사용할 수 있다. <개정 2020.5.26>"
010356,232201,호,19,1. 사업의 완료 또는 특정한 업무의 완성에 필요한 기간을 정한 경우
010356,232201,호,20,2. 휴직ㆍ파견 등으로 결원이 발생하여 해당 근로자가 복귀할 때까지 그 업무를 대신할 필요가 있는 경우
010356,232201,호,21,"3. 근로자가 학업, 직업훈련 등을 이수함에 따라 그 이수에 필요한 기간을 정한 경우"
010356,232201,호,22,4. 「고령자고용촉진법」 제2조제1호의 고령자와 근로계약을 체결하는 경우
010356,232201,호,23,5. 전문적 지식ㆍ기술의 활용이 필요한 경우와 정부의 복지정책ㆍ실업대책 등에 따라 일자리를 제공하는 경우로서 대통령령으로 정하는 경우
010356,232201,호,24,6. 그 밖에 제1호부터 제5호까지에 준하는 합리적인 사유가 있는 경우로서 대통령령으로 정하는 경우
010356,232201,항,25,②사용자가 제1항 단서의 사유가 없거나 소멸되었음에도 불구하고 2년을 초과하여 기간제근로자로 사용하는 경우에는 그 기간제근로자는 기간의 정함이 없는 근로계약을 체결한 근로자로 본다.
010356,232201,조문,26,제5조(기간의 정함이 없는 근로자로의 전환) 사용자는 기간의 정함이 없는 근로계약을 체결하고자 하는 경우에는 해당 사업 또는 사업장의 동종 또는 유사한 업무에 종사하는 기간제근로자를 우선적으로 고용하도록 노력하여야 한다. <개정 2020.5.26>
010356,232201,조문,27,제3장 단시간근로자
010356,232201,조문,28,제6조(단시간근로자의 초과근로 제한)
010356,232201,항,29,"①사용자는 단시간근로자에 대하여 「근로기준법」 제2조의 소정근로시간을 초과하여 근로하게 하는 경우에는 해당 근로자의 동의를 얻어야 한다. 이 경우 1주간에 12시간을 초과하여 근로하게 할 수 없다. <개정 2007.4.11, 2020.5.26>"
010356,232201,항,30,②단시간근로자는 사용자가 제1항의 규정에 따른 동의를 얻지 아니하고 초과근로를 하게 하는 경우에는 이를 거부할 수 있다.
010356,232201,항,31,③ 사용자는 제1항에 따른 초과근로에 대하여 통상임금의 100분의 50 이상을 가산하여 지급하여야 한다. <신설 2014.3.18>
010356,232201,조문,32,제7조(통상근로자로의 전환 등)
010356,232201,항,33,①사용자는 통상근로자를 채용하고자 하는 경우에는 해당 사업 또는 사업장의 동종 또는 유사한 업무에 종사하는 단시간근로자를 우선적으로 고용하도록 노력하여야 한다. <개정 2020.5.26>
010356,232201,항,34,"②사용자는 가사, 학업 그 밖의 이유로 근로자가 단시간근로를 신청하는 때에는 해당 근로자를 단시간근로자로 전환하도록 노력하여야 한다. <개정 2020.5.26>"
010356,232201,조문,35,제4장 차별적 처우의 금지 및 시정
010356,232201,조문,36,제8조(차별적 처우의 금지)
010356,232201,항,37,①사용자는 기간제근로자임을 이유로 해당 사업 또는 사업장에서 동종 또는 유사한 업무에 종사하는 기간의 정함이 없는 근로계약을 체결한 근로자에 비하여 차별적 처우를 하여서는 아니 된다. <개정 2020.5.26>
010356,232201,항,38,②사용자는 단시간근로자임을 이유로 해당 사업 또는 사업장의 동종 또는 유사한 업무에 종사하는 통상근로자에 비하여 차별적 처우를 하여서는 아니 된다. <개정 2020.5.26>
010356,232201,조문,39,제9조(차별적 처우의 시정신청)
010356,232201,항,40,"①기간제근로자 또는 단시간근로자는 차별적 처우를 받은 경우 「노동위원회법」 제1조의 규정에 따른 노동위원회(이하 ""노동위원회""라 한다)에 그 시정을 신청할 수 있다. 다만, 차별적 처우가 있은 날(계속되는 차별적 처우는 그 종료일)부터 6개월이 지난 때에는 그러하지 아니하다. <개정 2012.2.1, 2020.5.26>"
010356,232201,항,41,②기간제근로자 또는 단시간근로자가 제1항의 규정에 따른 시정신청을 하는 때에는 차별적 처우의 내용을 구체적으로 명시하여야 한다.
010356,232201,항,42,"③제1항 및 제2항의 규정에 따른 시정신청의 절차ㆍ방법 등에 관하여 필요한 사항은 「노동위원회법」 제2조제1항의 규정에 따른 중앙노동위원회(이하 ""중앙노동위원회""라 한다)가 따로 정한다."
010356,232201,항,43,④제8조 및 제1항부터 제3항까지의 규정과 관련한 분쟁에서 입증책임은 사용자가 부담한다. <개정 2020.5.26>
010356,232201,조문,44,제10조(조사ㆍ심문 등)
010356,232201,항,45,①노동위원회는 제9조의 규정에 따른 시정신청을 받은 때에는 지체 없이 필요한 조사와 관계당사자에 대한 심문을 하여야 한다.
010356,232201,항,46,②노동위원회는 제1항의 규정에 따른 심문을 하는 때에는 관계당사자의 신청 또는 직권으로 증인을 출석하게 하여 필요한 사항을 질문할 수 있다.
010356,232201,항,47,③노동위원회는 제1항 및 제2항의 규정에 따른 심문을 할 때에는 관계당사자에게 증거의 제출과 증인에 대한 반대심문을 할 수 있는 충분한 기회를 주어야 한다. <개정 2020.5.26>
010356,232201,항,48,④제1항부터 제3항까지의 규정에 따른 조사ㆍ심문의 방법 및 절차 등에 관하여 필요한 사항은 중앙노동위원회가 따로 정한다. <개정 2020.5.26>
010356,232201,항,49,⑤노동위원회는 차별시정사무에 관한 전문적인 조사ㆍ연구업무를 수행하기 위하여 전문위원을 둘 수 있다. 이 경우 전문위원의 수ㆍ자격 및 보수 등에 관하여 필요한 사항은 대통령령으로 정한다.
010356,232201,조문,50,제11조(조정ㆍ중재)
010356,232201,항,51,"①노동위원회는 제10조의 규정에 따른 심문의 과정에서 관계당사자 쌍방 또는 일방의 신청 또는 직권에 의하여 조정(調停)절차를 개시할 수 있고, 관계당사자가 미리 노동위원회의 중재(仲裁)결정에 따르기로 합의하여 중재를 신청한 경우에는 중재를 할 수 있다."
010356,232201,항,52,"②제1항의 규정에 따라 조정 또는 중재를 신청하는 경우에는 제9조의 규정에 따른 차별적 처우의 시정신청을 한 날부터 14일 이내에 하여야 한다. 다만, 노동위원회의 승낙이 있는 경우에는 14일 후에도 신청할 수 있다."
010356,232201,항,53,③노동위원회는 조정 또는 중재를 하는 경우 관계당사자의 의견을 충분히 들어야 한다. <개정 2020.5.26>
010356,232201,항,54,④노동위원회는 특별한 사유가 없으면 조정절차를 개시하거나 중재신청을 받은 때부터 60일 이내에 조정안을 제시하거나 중재결정을 하여야 한다. <개정 2020.5.26>
010356,232201,항,55,⑤노동위원회는 관계당사자 쌍방이 조정안을 수락한 경우에는 조정조서를 작성하고 중재결정을 한 경우에는 중재결정서를 작성하여야 한다.
010356,232201,항,56,"⑥조정조서에는 관계당사자와 조정에 관여한 위원전원이 서명ㆍ날인하여야 하고, 중재결정서에는 관여한 위원전원이 서명ㆍ날인하여야 한다."
010356,232201,항,57,⑦제5항 및 제6항의 규정에 따른 조정 또는 중재결정은 「민사소송법」의 규정에 따른 재판상 화해와 동일한 효력을 갖는다.
010356,232201,항,58,"⑧제1항부터 제7항까지의 규정에 따른 조정ㆍ중재의 방법, 조정조서ㆍ중재결정서의 작성 등에 관한 사항은 중앙노동위원회가 따로 정한다. <개정 2020.5.26>"
010356,232201,조문,59,제12조(시정명령 등)
010356,232201,항,60,"①노동위원회는 제10조의 규정에 따른 조사ㆍ심문을 종료하고 차별적 처우에 해당된다고 판정한 때에는 사용자에게 시정명령을 내려야 하고, 차별적 처우에 해당하지 아니한다고 판정한 때에는 그 시정신청을 기각하는 결정을 하여야 한다. <개정 2020.5.26>"
010356,232201,항,61,②제1항의 규정에 따른 판정ㆍ시정명령 또는 기각결정은 서면으로 하되 그 이유를 구체적으로 명시하여 관계당사자에게 각각 교부하여야 한다. 이 경우 시정명령을 내리는 때에는 시정명령의 내용 및 이행기한 등을 구체적으로 기재하여야 한다. <개정 2020.5.26>
010356,232201,조문,62,제13조(조정ㆍ중재 또는 시정명령의 내용)
010356,232201,항,63,"①제11조의 규정에 따른 조정ㆍ중재 또는 제12조의 규정에 따른 시정명령의 내용에는 차별적 행위의 중지, 임금 등 근로조건의 개선(취업규칙, 단체협약 등의 제도개선 명령을 포함한다) 또는 적절한 배상 등이 포함될 수 있다. <개정 2014.3.18>"
010356,232201,항,64,"② 제1항에 따른 배상액은 차별적 처우로 인하여 기간제근로자 또는 단시간근로자에게 발생한 손해액을 기준으로 정한다. 다만, 노동위원회는 사용자의 차별적 처우에 명백한 고의가 인정되거나 차별적 처우가 반복되는 경우에는 손해액을 기준으로 3배를 넘지 아니하는 범위에서 배상을 명령할 수 있다. <신설 2014.3.18>"
010356,232201,조문,65,제14조(시정명령 등의 확정)
010356,232201,항,66,①지방노동위원회의 시정명령 또는 기각결정에 대하여 불복하는 관계당사자는 시정명령서 또는 기각결정서의 송달을 받은 날부터 10일 이내에 중앙노동위원회에 재심을 신청할 수 있다. <개정 2020.5.26>
010356,232201,항,67,②제1항의 규정에 따른 중앙노동위원회의 재심결정에 대하여 불복하는 관계당사자는 재심결정서의 송달을 받은 날부터 15일 이내에 행정소송을 제기할 수 있다. <개정 2020.5.26>
010356,232201,항,68,③제1항에 규정된 기간 이내에 재심을 신청하지 아니하거나 제2항에 규정된 기간 이내에 행정소송을 제기하지 아니한 때에는 그 시정명령ㆍ기각결정 또는 재심결정은 확정된다.
010356,232201,조문,69,제15조(시정명령 이행상황의 제출요구 등)
010356,232201,항,70,①고용노동부장관은 확정된 시정명령에 대하여 사용자에게 이행상황을 제출할 것을 요구할 수 있다. <개정 2010.6.4>
010356,232201,항,71,②시정신청을 한 근로자는 사용자가 확정된 시정명령을 이행하지 아니하는 경우 이를 고용노동부장관에게 신고할 수 있다. <개정 2010.6.4>
010356,232201,조문,72,제15조의2(고용노동부장관의 차별적 처우 시정요구 등)
010356,232201,항,73,① 고용노동부장관은 사용자가 제8조를 위반하여 차별적 처우를 한 경우에는 그 시정을 요구할 수 있다.
010356,232201,항,74,② 고용노동부장관은 사용자가 제1항에 따른 시정요구에 따르지 아니할 경우에는 차별적 처우의 내용을 구체적으로 명시하여 노동위원회에 통보하여야 한다. 이 경우 고용노동부장관은 해당 사용자 및 근로자에게 그 사실을 통지하여야 한다. <개정 2020.5.26>
010356,232201,항,75,③ 노동위원회는 제2항에 따라 고용노동부장관의 통보를 받은 경우에는 지체 없이 차별적 처우가 있는지 여부를 심리하여야 한다. 이 경우 노동위원회는 해당 사용자 및 근로자에게 의견을 진술할 수 있는 기회를 부여하여야 한다.
010356,232201,항,76,"④ 제3항에 따른 노동위원회의 심리 및 그 밖의 시정절차 등에 관하여는 제9조제4항 및 제11조부터 제15조까지의 규정을 준용한다. 이 경우 ""시정신청을 한 날""은 ""통지를 받은 날""로, ""기각결정""은 ""차별적 처우가 없다는 결정""으로, ""관계 당사자""는 ""해당 사용자 또는 근로자""로, ""시정신청을 한 근로자""는 ""해당 근로자""로 본다."
010356,232201,항,77,⑤ 제3항 및 제4항에 따른 노동위원회의 심리 등에 관한 사항은 중앙노동위원회가 정한다.
010356,232201,조문,78,제15조의3(확정된 시정명령의 효력 확대)
010356,232201,항,79,① 고용노동부장관은 제14조(제15조의2제4항에 따라 준용되는 경우를 포함한다)에 따라 확정된 시정명령을 이행할 의무가 있는 사용자의 사업 또는 사업장에서 해당 시정명령의 효력이 미치는 근로자 이외의 기간제근로자 또는 단시간근로자에 대하여 차별적 처우가 있는지를 조사하여 차별적 처우가 있는 경우에는 그 시정을 요구할 수 있다.
010356,232201,항,80,② 사용자가 제1항에 따른 시정요구에 따르지 아니하는 경우에는 제15조의2제2항부터 제5항까지의 규정을 준용한다. <개정 2020.5.26>
010356,232201,조문,81,제5장 보칙
010356,232201,조문,82,제16조(불리한 처우의 금지) 사용자는 기간제근로자 또는 단시간근로자가 다음 각 호의 어느 하나에 해당하는 행위를 한 것을 이유로 해고 그 밖의 불리한 처우를 하지 못한다. <개정 2020.5.26>
010356,232201,항,83,
010356,232201,호,84,1. 제6조제2항의 규정에 따른 사용자의 부당한 초과근로 요구의 거부
010356,232201,호,85,"2. 제9조의 규정에 따른 차별적 처우의 시정신청, 제10조의 규정에 따른 노동위원회에의 참석 및 진술, 제14조의 규정에 따른 재심신청 또는 행정소송의 제기"
010356,232201,호,86,3. 제15조제2항의 규정에 따른 시정명령 불이행의 신고
010356,232201,호,87,4. 제18조의 규정에 따른 통지
010356,232201,조문,88,"제17조(근로조건의 서면명시) 사용자는 기간제근로자 또는 단시간근로자와 근로계약을 체결하는 때에는 다음 각 호의 모든 사항을 서면으로 명시하여야 한다. 다만, 제6호는 단시간근로자에 한정한다. <개정 2020.5.26>"
010356,232201,항,89,
010356,232201,호,90,1. 근로계약기간에 관한 사항
010356,232201,호,91,2. 근로시간ㆍ휴게에 관한 사항
010356,232201,호,92,3. 임금의 구성항목ㆍ계산방법 및 지불방법에 관한 사항
010356,232201,호,93,4. 휴일ㆍ휴가에 관한 사항
010356,232201,호,94,5. 취업의 장소와 종사하여야 할 업무에 관한 사항
010356,232201,호,95,6. 근로일 및 근로일별 근로시간
010356,232201,조문,96,"제18조(감독기관에 대한 통지) 사업 또는 사업장에서 이 법 또는 이 법에 의한 명령을 위반한 사실이 있는 경우에는 근로자는 그 사실을 고용노동부장관 또는 근로감독관에게 통지할 수 있다. <개정 2010.6.4, 2020.5.26>"
010356,232201,조문,97,"제19조(권한의 위임) 이 법의 규정에 따른 고용노동부장관의 권한은 그 일부를 대통령령으로 정하는 바에 따라 지방고용노동관서의 장에게 위임할 수 있다. <개정 2010.6.4, 2020.5.26>"
010356,232201,조문,98,"제20조(취업촉진을 위한 국가 등의 노력) 국가 및 지방자치단체는 고용정보의 제공, 직업지도, 취업알선, 직업능력개발 등 기간제근로자 및 단시간근로자의 취업촉진을 위하여 필요한 조치를 우선적으로 취하도록 노력하여야 한다."
010356,232201,조문,99,제6장 벌칙
010356,232201,조문,100,제21조(벌칙) 제16조의 규정을 위반하여 근로자에게 불리한 처우를 한 자는 2년 이하의 징역 또는 1천만원 이하의 벌금에 처한다.
010356,232201,조문,101,제22조(벌칙) 제6조제1항의 규정을 위반하여 단시간근로자에게 초과근로를 하게한 자는 1천만원 이하의 벌금에 처한다.
010356,232201,조문,102,"제23조(양벌규정) 사업주의 대리인ㆍ사용인 그 밖의 종업원이 사업주의 업무에 관하여 제21조 및 제22조의 규정에 해당하는 위반행위를 한 때에는 행위자를 벌하는 외에 그 사업주에 대하여도 해당조의 벌금형을 과한다. 다만, 사업주가 그 위반행위를 방지하기 위하여 해당 업무에 관하여 상당한 주의와 감독을 게을리하지 아니한 경우에는 그러하지 아니하다. <개정 2021.5.18>"
010356,232201,조문,103,제24조(과태료)
010356,232201,항,104,"①제14조(제15조의2제4항 및 제15조의3제2항에 따라 준용되는 경우를 포함한다)에 따라 확정된 시정명령을 정당한 이유 없이 이행하지 아니한 자에게는 1억원 이하의 과태료를 부과한다. <개정 2012.2.1, 2014.3.18, 2020.5.26>"
010356,232201,항,105,"②다음 각 호의 어느 하나에 해당하는 자에게는 500만원 이하의 과태료를 부과한다. <개정 2010.6.4, 2012.2.1, 2014.3.18, 2020.5.26>"
010356,232201,호,106,1. 제15조제1항(제15조의2제4항 및 제15조의3제2항에 따라 준용되는 경우를 포함한다)을 위반하여 정당한 이유 없이 고용노동부장관의 이행상황 제출요구에 따르지 아니한 자
010356,232201,호,107,2. 제17조의 규정을 위반하여 근로조건을 서면으로 명시하지 아니한 자
010356,232201,항,108,"③제1항 및 제2항의 규정에 따른 과태료는 대통령령으로 정하는 바에 따라 고용노동부장관이 부과ㆍ징수한다. <개정 2010.6.4, 2020.5.26>"
010356,232201,항,109,④ 삭제 <2018.10.16>
010356,232201,항,110,⑤ 삭제 <2018.10.16>
010356,232201,항,111,⑥ 삭제 <2018.10.16>
