법령일련번호,MST,구분,문장번호,내용
010011,255891,조문,1,제1조(목적) 이 법은 장애인의 창업과 기업활동을 적극적으로 촉진하여 장애인의 경제적ㆍ사회적 지위를 높이고 경제력 향상을 도모함으로써 국민경제 발전에 이바지함을 목적으로 한다.
010011,255891,조문,2,"제2조(정의) 이 법에서 사용하는 용어의 뜻은 다음과 같다. <개정 2017.3.21, 2022.10.18>"
010011,255891,항,3,
010011,255891,호,4,"1. ""장애인""이란 다음 각 목의 어느 하나에 해당하는 사람을 말한다."
010011,255891,목,5,가. 「장애인복지법」 제32조에 따른 장애인등록증을 발급받은 사람
010011,255891,목,6,나. 「국가유공자 등 예우 및 지원에 관한 법률」 제6조의4에 따른 상이등급 중 어느 하나에 해당한다는 판정을 받은 사람
010011,255891,호,7,"2. ""장애인기업""이란 「중소기업기본법」 제2조에 따른 중소기업 중 다음 각 목의 요건을 모두 갖춘 기업을 말한다."
010011,255891,목,8,가. 장애인이 소유하거나 경영하는 기업으로서 대통령령으로 정하는 기준에 해당하는 기업
010011,255891,목,9,"나. 해당 기업에 고용된 상시근로자 총수 중 장애인의 비율(이하 이 조에서 ""장애인고용비율""이라 한다)이 100분의 30 이상으로서 대통령령으로 정하는 비율 이상인 기업. 다만, 「중소기업기본법」 제2조제2항에 따른 소기업에 대하여는 장애인고용비율을 적용하지 아니한다."
010011,255891,호,10,"3. ""장애경제인""이란 장애인기업의 대표자와 임원으로서 그 기업의 최고의사 결정에 참여하는 장애인을 말한다."
010011,255891,호,11,"4. ""공공기관""이란 「중소기업제품 구매촉진 및 판로지원에 관한 법률」 제2조제2호에 따른 공공기관을 말한다."
010011,255891,조문,12,제3조(국가 및 지방자치단체의 책임)
010011,255891,항,13,① 국가 및 지방자치단체는 장애인의 창업과 기업활동에 필요한 환경을 조성하고 기반을 구축하여 장애인이 경제ㆍ사회적으로 자립할 수 있도록 노력하여야 한다.
010011,255891,항,14,② 국가 및 지방자치단체는 장애경제인과 장애인기업이 필요로 하는 맞춤형 시책을 마련하여 장애인이 원활하게 기업활동을 영위할 수 있도록 노력하여야 한다.
010011,255891,항,15,③ 국가 및 지방자치단체는 장애인기업이 필요로 하는 자금ㆍ정보ㆍ기술ㆍ인력ㆍ판로 등의 분야에서 종합적인 지원 및 사업활동 기회가 우선하여 보장될 수 있도록 노력하여야 한다.
010011,255891,조문,16,제4조(차별적 관행의 시정)
010011,255891,항,17,"① 중소벤처기업부장관은 공공기관, 대통령령으로 정하는 중소기업 관련 기관 또는 단체(이하 ""공공기관등""이라 한다)가 장애인기업에 불합리한 차별적 관행이나 제도를 시행할 경우 그 시정을 요청할 수 있다. <개정 2017.7.26, 2022.10.18>"
010011,255891,항,18,② 제1항에 따른 시정을 요청받은 공공기관등은 특별한 사유가 없으면 이를 시정하여야 한다. <개정 2022.10.18>
010011,255891,조문,19,제5조(장애인기업활동촉진에 관한 기본계획 등)
010011,255891,항,20,"① 중소벤처기업부장관은 장애인기업의 활동을 촉진하기 위한 기본계획(이하 ""기본계획""이라 한다)을 5년마다 수립ㆍ시행하여야 한다. <개정 2017.7.26, 2022.10.18, 2023.10.31>"
010011,255891,항,21,② 기본계획에는 다음 각 호의 사항이 포함되어야 한다. <개정 2022.10.18>
010011,255891,호,22,1. 장애인기업활동 촉진을 위한 기본목표 및 추진방향
010011,255891,호,23,2. 장애인기업의 현황 및 실태에 관한 사항
010011,255891,호,24,3. 장애인의 창업 및 장애인기업활동 기반 조성에 관한 사항
010011,255891,호,25,4. 장애인의 창업 및 장애인기업의 운영을 지원하기 위한 사항
010011,255891,호,26,5. 장애인기업에 대한 자금ㆍ정보ㆍ기술ㆍ인력 및 판로 등의 지원에 관한 사항
010011,255891,호,27,6. 제1호부터 제5호까지에서 규정한 사항 외에 장애인기업 및 장애경제인의 활동을 촉진하기 위하여 필요한 사항
010011,255891,항,28,"③ 중소벤처기업부장관은 기본계획에 따라 매년 장애인기업의 활동을 촉진하기 위한 시행계획(이하 ""시행계획""이라 한다)을 수립ㆍ시행하여야 한다. <신설 2022.10.18, 2023.10.31>"
010011,255891,항,29,"④ 중소벤처기업부장관은 기본계획 및 시행계획을 수립하기 위하여 필요하다고 인정하는 경우에는 관계 행정기관과 장애인기업 지원에 관련된 기관 또는 단체에 대하여 필요한 자료나 의견 등의 제출을 요청할 수 있다. 이 경우 요청을 받은 관계 행정기관 및 장애인기업 지원과 관련된 기관 또는 단체는 특별한 사정이 없으면 요청에 따라야 한다. <개정 2017.7.26, 2022.10.18>"
010011,255891,항,30,⑤ 그 밖에 기본계획과 시행계획의 수립ㆍ시행에 필요한 사항은 대통령령으로 정한다. <신설 2022.10.18>
010011,255891,조문,31,제6조 삭제 <2023.10.31>
010011,255891,조문,32,제7조(실태조사 및 통계작성)
010011,255891,항,33,"① 중소벤처기업부장관은 기본계획 및 시행계획을 효율적으로 수립ㆍ시행하기 위하여 매년 장애인의 창업 및 장애인기업의 활동 현황에 관한 실태조사를 하고 그 결과를 공표하여야 한다. <개정 2017.7.26, 2022.10.18>"
010011,255891,항,34,② 중소벤처기업부장관은 제1항에 따른 실태 조사를 제11조에 따른 한국장애경제인협회나 장애인기업에 관련된 기관 또는 단체에 위탁할 수 있다. <개정 2017.7.26>
010011,255891,항,35,③ 중소벤처기업부장관은 제1항에 따른 실태조사 등을 참고하여 장애인의 창업 및 기업활동에 관한 통계를 작성ㆍ관리 및 공표하여야 한다. 이 경우 통계의 작성ㆍ관리에 관하여는 이 법에서 규정한 것 외에는 「통계법」을 준용한다. <신설 2022.10.18>
010011,255891,항,36,"④ 제1항에 따른 실태조사 및 제3항에 따른 통계의 작성을 하기 위하여 필요한 경우에는 관계 중앙행정기관의 장, 지방자치단체의 장, 「공공기관의 운영에 관한 법률」에 따른 공공기관의 장, 장애인기업 또는 장애인기업 관련 단체에 자료 또는 의견 제출을 요청할 수 있다. 이 경우 자료 또는 의견 제출을 요청받은 관계 중앙행정기관의 장 등은 특별한 사유가 없으면 그 요청에 따라야 한다. <개정 2017.3.21, 2022.10.18>"
010011,255891,항,37,⑤ 그 밖에 제1항에 따른 실태조사의 대상ㆍ방법 및 절차와 제3항에 따른 통계의 작성ㆍ관리 및 공표 등에 필요한 사항은 대통령령으로 정한다. <신설 2022.10.18>
010011,255891,조문,38,제8조(장애인의 창업지원 특례)
010011,255891,항,39,"① 중소벤처기업부장관은 「중소기업창업 지원법」 제7조제1항에 따른 창업지원종합계획에 제5조에 따라 수립된 기본계획 중 장애인의 창업 기반 조성 및 지원과 관련된 사항을 반영하여야 한다. <개정 2017.7.26, 2021.12.28, 2022.10.18>"
010011,255891,항,40,② 정부는 「중소기업창업 지원법」 제35조제1항에 따라 필요한 자금을 투자 또는 융자하거나 그 밖의 지원을 할 때 장애인창업자 및 장애인 창업지원에 관한 사업을 하는 자를 우대할 수 있다. <개정 2021.12.28>
010011,255891,항,41,"③ 중소벤처기업부장관은 장애인의 창업을 촉진하기 위하여 「중소기업창업 지원법」 제53조제1항에 따른 창업보육센터사업자를 지정할 때에는 장애인창업자에게 창업에 필요한 시설ㆍ장소 등의 지원을 주된 목적으로 하는 창업보육센터사업자를 우선 지정할 수 있다. <개정 2017.7.26, 2021.12.28>"
010011,255891,조문,42,제8조의2(장애인 창업지원을 위한 사업의 추진 등)
010011,255891,항,43,① 정부는 장애인의 창업 및 경영을 지원하기 위하여 다음 각 호의 사업을 실시할 수 있다.
010011,255891,호,44,1. 장애 유형별로 최적화된 상담ㆍ자문 지원
010011,255891,호,45,2. 창업 아이디어 및 창업 의지가 있는 장애인의 발굴 및 지원
010011,255891,호,46,3. 정보 접근성이 낮은 장애인에 대한 창업 및 경영 관련 정보의 제공 및 교육
010011,255891,호,47,4. 장애경제인의 기업 경영을 위한 활동 보조인력의 지원
010011,255891,호,48,5. 장애경제인에 대한 보조공학기기 등의 지원
010011,255891,호,49,6. 그 밖에 장애인 창업 및 경영 활동을 지원하기 위하여 필요한 사업
010011,255891,항,50,② 중소벤처기업부장관 및 지방자치단체의 장은 「발달장애인 권리보장 및 지원에 관한 법률」 제2조제1호에 따른 발달장애인과 그 가족의 자립 및 일자리 창출을 위하여 장애인특화사업장을 직접 설치ㆍ운영하거나 이를 설치ㆍ운영하는 자에게 소요 경비의 전부 또는 일부를 보조할 수 있다.
010011,255891,항,51,③ 제2항에 따른 장애인특화사업장의 설치ㆍ운영에 필요한 사항은 대통령령으로 정한다.
010011,255891,조문,52,제9조(자금지원 우대)
010011,255891,항,53,① 국가 및 지방자치단체는 중소기업에 대하여 자금을 지원하는 경우 장애인기업을 우대하여야 한다.
010011,255891,항,54,"② 정부는 장애인의 창업 및 기업활동에 필요한 자금을 원활하게 조달하기 위하여 「신용보증기금법」에 따른 신용보증기금, 「기술보증기금법」에 따른 기술보증기금 및 「지역신용보증재단법」 제9조에 따라 설립한 신용보증재단으로 하여금 장애인기업을 대상으로 하는 보증제도를 수립ㆍ운용하도록 할 수 있다. <개정 2016.3.29>"
010011,255891,항,55,③ 정부는 제2항의 보증제도를 수립하기 위하여 필요한 예산을 지원할 수 있다.
010011,255891,조문,56,제9조의2(공공기관의 우선 구매)
010011,255891,항,57,"① 공공기관의 장은 장애인기업이 직접 생산ㆍ제공 및 수행하는 물품ㆍ용역 및 공사(이하 이 조에서 ""장애인기업제품""이라 한다)의 구매를 촉진하여야 한다. <개정 2018.3.13, 2022.10.18>"
010011,255891,항,58,② 공공기관의 장이 「중소기업제품 구매촉진 및 판로지원에 관한 법률」 제5조제1항에 따라 작성하는 구매계획에는 장애인기업제품의 구매계획을 구분하여 포함시켜야 한다.
010011,255891,항,59,"③ 제2항에 따른 장애인기업제품 구매계획에는 대통령령으로 정하는 비율 이상의 구매목표를 포함시켜야 하며, 공공기관의 장은 해당 구매계획을 이행하여야 한다. <개정 2018.12.31>"
010011,255891,항,60,④ 중소벤처기업부장관은 제3항에 따른 구매계획을 확인한 결과 개선이 필요하다고 인정되는 사항에 대하여는 해당 공공기관의 장에게 그 개선을 권고할 수 있다. 이 경우 해당 공공기관의 장은 특별한 사정이 없으면 구매계획에 이를 반영하여야 한다. <개정 2017.7.26>
010011,255891,항,61,⑤ 중소벤처기업부장관은 제2항에 따른 장애인기업제품 구매계획의 이행점검 등을 위하여 공공기관의 장에게 장애인기업제품의 구매실적을 제출하도록 요구할 수 있다. 이 경우 공공기관의 장은 특별한 사유가 없으면 이에 따라야 한다. <개정 2022.10.18>
010011,255891,항,62,⑥ 중소벤처기업부장관은 제5항에 따라 제출받은 구매실적을 확인한 결과 구매실적이 제3항에 따른 구매목표에 현저히 미달한다고 판단하는 경우 해당 공공기관의 장에게 개선조치를 요구할 수 있다. 이 경우 공공기관의 장은 특별한 사유가 없으면 이에 따라야 한다. <신설 2022.10.18>
010011,255891,조문,63,"제10조(경영능력 향상 지원) 중소벤처기업부장관은 장애경제인 및 장애인기업의 근로자에 대하여 경영능력과 기술수준을 향상시키기 위하여 다음 각 호의 사항에 관한 연수ㆍ지도사업 및 경영컨설팅 지원사업 등을 실시할 수 있다. <개정 2017.7.26, 2022.10.18>"
010011,255891,항,64,
010011,255891,호,65,1. 장애경제인의 기업가정신 교육
010011,255891,호,66,2. 장애경제인 간의 협력 및 조직화
010011,255891,호,67,3. 장애인기업의 기업환경 개선 및 경쟁력 강화
010011,255891,호,68,4. 장애경제인의 스마트공장 구축 및 고도화 촉진
010011,255891,호,69,5. 장애경제인의 비대면 방식을 통한 제품의 생산ㆍ유통ㆍ판매 또는 서비스 제공 역량 강화
010011,255891,호,70,6. 장애경제인 및 장애인기업 근로자의 디지털 역량강화 교육
010011,255891,호,71,7. 그 밖에 장애경제인 및 장애인기업 근로자의 경영능력과 기술수준 향상을 위하여 필요한 사항
010011,255891,조문,72,제10조의2(디자인 개발 지원) 「산업디자인진흥법」 제11조에 따른 한국디자인진흥원은 장애인기업의 디자인 개발을 촉진하기 위하여 노력하여야 한다.
010011,255891,조문,73,제10조의3(업무지원인 서비스의 제공)
010011,255891,항,74,"① 중소벤처기업부장관은 「장애인고용촉진 및 직업재활법」 제2조제2호에 따른 중증장애인으로서 근로자를 사용하지 아니하는 장애경제인의 직업생활을 지원하는 사람(이하 이 조에서 ""업무지원인""이라 한다)을 보내 장애경제인이 안정적ㆍ지속적으로 경영활동을 할 수 있도록 하는 등 필요한 서비스를 제공할 수 있다."
010011,255891,항,75,"② 제1항에 따른 업무지원인 서비스의 제공대상자의 선정ㆍ취소, 서비스의 제공방법 및 업무지원 범위 등에 필요한 사항은 대통령령으로 정한다."
010011,255891,조문,76,제11조(한국장애경제인협회의 설립 등)
010011,255891,항,77,"① 장애경제인의 공동이익 증진과 건전한 발전을 도모하고 장애인의 기업활동 촉진 업무를 효율적으로 수행하게 하기 위하여 한국장애경제인협회(이하 ""협회""라 한다)를 설립한다."
010011,255891,항,78,② 협회는 법인으로 한다.
010011,255891,항,79,③ 협회를 설립하려면 그 대표자는 대통령령으로 정하는 바에 따라 정관과 그 밖에 필요한 서류를 중소벤처기업부장관에게 제출하여 설립허가를 받아야 한다. <개정 2017.7.26>
010011,255891,항,80,④ 협회는 주된 사무소의 소재지에서 설립등기를 함으로써 성립한다.
010011,255891,조문,81,제12조(협회의 업무) 협회는 다음 각 호의 업무를 수행한다. <개정 2017.7.26>
010011,255891,항,82,
010011,255891,호,83,1. 장애경제인에 대한 연수 및 전문 장애경제인의 양성
010011,255891,호,84,2. 장애인기업에 대한 정보 제공
010011,255891,호,85,3. 장애인 창업에 대한 지원 및 촉진 활동
010011,255891,호,86,4. 공동구매 및 판매사업 지원
010011,255891,호,87,5. 장애인기업의 해외시장 개척 및 외국인투자 유치 지원
010011,255891,호,88,6. 외국 장애경제인단체와의 협력
010011,255891,호,89,7. 중소벤처기업부장관이 장애인기업의 활동과 장애인의 창업을 촉진하기 위하여 위탁하는 사업
010011,255891,호,90,8. 제1호부터 제7호까지에서 규정한 업무 외에 장애인의 기업활동을 촉진하기 위한 업무
010011,255891,조문,91,제13조(장애인기업종합지원센터의 설치)
010011,255891,항,92,"① 협회는 장애인의 창업과 장애인기업의 활동을 적극적으로 촉진하기 위하여 정보ㆍ기술ㆍ교육ㆍ훈련ㆍ연수ㆍ상담ㆍ연구조사 및 보증추천 등의 서비스를 제공할 수 있는 장애인기업종합지원센터(이하 ""지원센터""라 한다)를 설치할 수 있다."
010011,255891,항,93,② 정부는 지원센터의 설치와 운영에 필요한 자금 등을 지원할 수 있다.
010011,255891,항,94,③ 지원센터의 설치와 운영에 필요한 사항은 대통령령으로 정한다.
010011,255891,조문,95,제14조(세제 지원 등)
010011,255891,항,96,"① 정부는 장애인기업의 창업 촉진, 경영기반 확충 및 구조 고도화 등을 위하여 「조세특례제한법」 또는 「지방세특례제한법」 등 조세 관련 법률에서 정하는 바에 따라 세제상의 지원을 할 수 있다. <개정 2010.3.31>"
010011,255891,항,97,② 정부는 협회(지원센터를 포함한다. 이하 이 조에서 같다) 및 그 주요 사업에 대하여 「조세특례제한법」에서 정하는 바에 따라 세제상의 지원을 할 수 있다.
010011,255891,항,98,③ 정부는 협회의 설립ㆍ운영을 위하여 출연하거나 기부하는 재산 또는 금원(金員)의 경우에는 「소득세법」 또는 「법인세법」에서 정하는 바에 따라 그 전액을 필요경비 또는 손금(損金)에 산입(算入)할 수 있다.
010011,255891,조문,99,제15조(국유ㆍ공유재산의 무상대부)
010011,255891,항,100,① 국가 또는 지방자치단체는 협회의 설립이나 사업을 위하여 필요한 경우에는 「국유재산법」 또는 「공유재산 및 물품 관리법」에도 불구하고 국유재산과 공유재산을 무상으로 협회에 대부할 수 있다.
010011,255891,항,101,② 국가 또는 지방자치단체는 협회가 제1항에 따라 대부받은 날부터 2년이 지나도록 목적사업을 시행하지 아니하는 경우에는 대부계약을 해제하거나 해지할 수 있다.
010011,255891,조문,102,제16조(「민법」의 준용)
010011,255891,항,103,① 협회에 관하여 이 법에 규정된 것을 제외하고는 「민법」 중 사단법인에 관한 규정을 준용한다.
010011,255891,항,104,② 지원센터에 관하여 이 법에 규정된 것을 제외하고는 「민법」 중 재단법인에 관한 규정을 준용한다.
010011,255891,조문,105,제17조(유사명칭의 사용금지)
010011,255891,항,106,① 이 법에 따른 협회가 아닌 자는 한국장애경제인협회 또는 이와 비슷한 명칭을 사용하지 못한다. <개정 2022.10.18>
010011,255891,항,107,② 이 법에 따른 지원센터가 아닌 자는 장애인기업종합지원센터 또는 이와 비슷한 명칭을 사용하지 못한다. <신설 2022.10.18>
010011,255891,조문,108,제18조(지도ㆍ감독)
010011,255891,항,109,① 중소벤처기업부장관은 협회의 사무에 관하여 지도ㆍ감독할 수 있다. <개정 2017.7.26>
010011,255891,항,110,② 중소벤처기업부장관은 제1항에 따른 지도ㆍ감독을 위하여 필요하다고 인정하면 협회에 대하여 필요한 서류 등의 제출을 요구할 수 있다. <개정 2017.7.26>
010011,255891,조문,111,제18조의2(장애인기업의 확인 등)
010011,255891,항,112,① 이 법에 따른 지원을 받고자 하는 자는 중소벤처기업부장관에게 기업이 장애인기업에 해당하는지 여부를 확인하여 줄 것을 신청할 수 있다. <개정 2017.7.26>
010011,255891,항,113,"② 중소벤처기업부장관은 제1항에 따라 신청을 받으면 조사한 후 해당 기업이 장애인기업에 해당하면 이를 확인(이하 ""장애인기업의 확인""이라 한다)하여 주어야 한다. 이 경우 3년 이내의 범위에서 대통령령으로 정하는 유효기간을 명시한 증명서류를 함께 발급할 수 있다. <개정 2017.7.26>"
010011,255891,항,114,③ 제18조의3제1항제1호에 해당하여 장애인기업의 확인이 취소된 자는 1년 이내의 범위에서 대통령령으로 정하는 기간 내에는 제1항에 따른 신청을 할 수 없다.
010011,255891,항,115,"④ 그 밖에 장애인기업의 확인 절차, 증명서류의 발급 등 장애인기업의 확인에 필요한 사항은 대통령령으로 정한다."
010011,255891,조문,116,제18조의3(장애인기업의 확인 취소)
010011,255891,항,117,"① 중소벤처기업부장관은 장애인기업의 확인을 받은 자가 다음 각 호의 어느 하나에 해당하면 이를 취소할 수 있다. 다만, 제1호의 경우에는 장애인기업의 확인을 취소하여야 한다. <개정 2017.7.26>"
010011,255891,호,118,1. 거짓이나 그 밖의 부정한 방법으로 장애인기업의 확인을 받은 경우
010011,255891,호,119,2. 제2조제2호에 따른 장애인기업의 요건에 맞지 아니하게 된 경우
010011,255891,호,120,3. 폐업 등의 사유로 기업활동을 하지 아니하게 된 경우
010011,255891,호,121,4. 정당한 사유 없이 제18조의4의 보고와 검사를 거부한 경우
010011,255891,항,122,② 중소벤처기업부장관은 제1항에 따라 장애인기업의 확인을 취소하려면 청문을 하여야 한다. <개정 2017.7.26>
010011,255891,조문,123,제18조의4(보고와 검사)
010011,255891,항,124,"① 중소벤처기업부장관은 장애인기업의 확인을 받은 자가 제18조의3제1항에 따른 장애인기업의 확인 취소 사유에 해당하는지 여부를 점검하기 위하여 필요하면 해당 기업에 대하여 관련 자료를 제출ㆍ보고하게 하거나 소속 공무원으로 하여금 사업장, 사무실 등에 출입하여 관련 사항을 검사하도록 할 수 있다. <개정 2017.7.26>"
010011,255891,항,125,② 제1항에 따라 검사를 하는 공무원은 그 권한을 표시하는 증표를 지니고 이를 관계인에게 내보여야 한다.
010011,255891,조문,126,제18조의5(장애인기업 포상 등)
010011,255891,항,127,① 중소벤처기업부장관은 장애인기업에 대한 국민의 인식을 높이고 장애인의 창업 및 기업활동을 촉진하기 위하여 다음 각 호의 사업을 실시할 수 있다.
010011,255891,호,128,1. 장애경제인 및 장애인기업의 경쟁력 확보에 공적이 있는 자에 대한 포상
010011,255891,호,129,2. 장애인 고용률이 높은 장애인기업에 대한 포상 및 지원
010011,255891,호,130,3. 그 밖에 장애경제인 및 장애인기업의 경쟁력 강화를 위하여 필요한 사업
010011,255891,항,131,② 중소벤처기업부장관은 장애인기업제품의 구매 촉진을 위하여 제9조의2제3항에 따른 구매목표 이상으로 장애인기업제품을 구매하거나 구매 촉진에 기여한 공공기관ㆍ사업자 및 관련 단체에 대하여 포상할 수 있다.
010011,255891,조문,132,제19조(사업의 위탁) 중소벤처기업부장관은 필요한 경우에는 이 법의 시행을 위한 사업을 장애인기업과 관련된 기관 또는 단체에 위탁할 수 있다. <개정 2017.7.26>
010011,255891,조문,133,제20조(벌칙) 장애인기업이 아닌 자로서 거짓이나 그 밖의 부정한 방법으로 이 법에 따른 지원을 받은 자 또는 장애인 명의를 대여하여 이 법에 따른 지원을 받게 한 자는 3년 이하의 징역 또는 3천만원 이하의 벌금에 처한다. <개정 2017.3.21>
010011,255891,조문,134,"제20조의2(양벌규정) 법인의 대표자나 법인 또는 개인의 대리인, 사용인, 그 밖의 종업원이 그 법인 또는 개인의 업무에 관하여 제20조의 위반행위를 하면 그 행위자를 벌하는 외에 그 법인 또는 개인에게도 해당 조문의 벌금형을 과(科)한다. 다만, 법인 또는 개인이 그 위반행위를 방지하기 위하여 해당 업무에 관하여 상당한 주의와 감독을 게을리하지 아니한 경우에는 그러하지 아니하다."
010011,255891,조문,135,제21조(과태료)
010011,255891,항,136,"① 다음 각 호의 어느 하나에 해당하는 자에게는 300만원 이하의 과태료를 부과한다. <신설 2017.3.21, 2022.10.18>"
010011,255891,호,137,1. 제9조의2제5항을 위반하여 특별한 사유 없이 구매실적을 제출하지 아니한 자
010011,255891,호,138,2. 제18조의4제1항에 따른 자료를 제출하지 아니하거나 거짓된 자료를 제출한 자
010011,255891,호,139,3. 제18조의4제1항에 따른 보고를 하지 아니하거나 거짓된 보고를 한 자
010011,255891,호,140,4. 제18조의4제1항에 따른 검사를 거부ㆍ방해 또는 기피한 자
010011,255891,항,141,"② 다음 각 호의 어느 하나에 해당하는 자에게는 100만원 이하의 과태료를 부과한다. <개정 2017.3.21, 2022.10.18>"
010011,255891,호,142,1. 제17조제1항을 위반하여 한국장애경제인협회 또는 이와 비슷한 명칭을 사용한 자
010011,255891,호,143,2. 제17조제2항을 위반하여 장애인기업종합지원센터 또는 이와 비슷한 명칭을 사용한 자
010011,255891,항,144,"③ 제1항 및 제2항에 따른 과태료는 중소벤처기업부장관이 부과ㆍ징수한다. <개정 2017.3.21, 2017.7.26>"
