법령일련번호,MST,구분,문장번호,내용
012508,253319,조문,1,제1조(목적) 이 법은 테러의 예방 및 대응 활동 등에 관하여 필요한 사항과 테러로 인한 피해보전 등을 규정함으로써 테러로부터 국민의 생명과 재산을 보호하고 국가 및 공공의 안전을 확보하는 것을 목적으로 한다.
012508,253319,조문,2,"제2조(정의) 이 법에서 사용하는 용어의 뜻은 다음과 같다. <개정 2020.6.9, 2021.7.20>"
012508,253319,항,3,
012508,253319,호,4,"1. ""테러""란 국가ㆍ지방자치단체 또는 외국 정부(외국 지방자치단체와 조약 또는 그 밖의 국제적인 협약에 따라 설립된 국제기구를 포함한다)의 권한행사를 방해하거나 의무 없는 일을 하게 할 목적 또는 공중을 협박할 목적으로 하는 다음 각 목의 행위를 말한다."
012508,253319,목,5,가. 사람을 살해하거나 사람의 신체를 상해하여 생명에 대한 위험을 발생하게 하는 행위 또는 사람을 체포ㆍ감금ㆍ약취ㆍ유인하거나 인질로 삼는 행위
012508,253319,목,6,"나. 항공기(「항공안전법」 제2조제1호의 항공기를 말한다. 이하 이 목에서 같다)와 관련된 다음 각각의 어느 하나에 해당하는 행위						

						      1) 운항중(「항공보안법」 제2조제1호의 운항중을 말한다. 이하 이 목에서 같다)인 항공기를 추락시키거나 전복ㆍ파괴하는 행위, 그 밖에 운항중인 항공기의 안전을 해칠 만한 손괴를 가하는 행위
						

						      2) 폭행이나 협박, 그 밖의 방법으로 운항중인 항공기를 강탈하거나 항공기의 운항을 강제하는 행위
						

						      3) 항공기의 운항과 관련된 항공시설을 손괴하거나 조작을 방해하여 항공기의 안전운항에 위해를 가하는 행위"
012508,253319,목,7,"다. 선박(「선박 및 해상구조물에 대한 위해행위의 처벌 등에 관한 법률」 제2조제1호 본문의 선박을 말한다. 이하 이 목에서 같다) 또는 해상구조물(같은 법 제2조제5호의 해상구조물을 말한다. 이하 이 목에서 같다)과 관련된 다음 각각의 어느 하나에 해당하는 행위						

						      1) 운항(같은 법 제2조제2호의 운항을 말한다. 이하 이 목에서 같다) 중인 선박 또는 해상구조물을 파괴하거나, 그 안전을 위태롭게 할 만한 정도의 손상을 가하는 행위(운항 중인 선박이나 해상구조물에 실려 있는 화물에 손상을 가하는 행위를 포함한다)
						

						      2) 폭행이나 협박, 그 밖의 방법으로 운항 중인 선박 또는 해상구조물을 강탈하거나 선박의 운항을 강제하는 행위
						

						      3) 운항 중인 선박의 안전을 위태롭게 하기 위하여 그 선박 운항과 관련된 기기ㆍ시설을 파괴하거나 중대한 손상을 가하거나 기능장애 상태를 일으키는 행위"
012508,253319,목,8,"라. 사망ㆍ중상해 또는 중대한 물적 손상을 유발하도록 제작되거나 그러한 위력을 가진 생화학ㆍ폭발성ㆍ소이성(燒夷性) 무기나 장치를 다음 각각의 어느 하나에 해당하는 차량 또는 시설에 배치하거나 폭발시키거나 그 밖의 방법으로 이를 사용하는 행위						

						      1) 기차ㆍ전차ㆍ자동차 등 사람 또는 물건의 운송에 이용되는 차량으로서 공중이 이용하는 차량
						

						      2) 1)에 해당하는 차량의 운행을 위하여 이용되는 시설 또는 도로, 공원, 역, 그 밖에 공중이 이용하는 시설
						

						      3) 전기나 가스를 공급하기 위한 시설, 공중이 먹는 물을 공급하는 수도, 전기통신을 이용하기 위한 시설 및 그 밖의 시설로서 공용으로 제공되거나 공중이 이용하는 시설
						

						      4) 석유, 가연성 가스, 석탄, 그 밖의 연료 등의 원료가 되는 물질을 제조 또는 정제하거나 연료로 만들기 위하여 처리ㆍ수송 또는 저장하는 시설
						

						      5) 공중이 출입할 수 있는 건조물ㆍ항공기ㆍ선박으로서 1)부터 4)까지에 해당하는 것을 제외한 시설"
012508,253319,목,9,"마. 핵물질(「원자력시설 등의 방호 및 방사능 방재 대책법」 제2조제1호의 핵물질을 말한다. 이하 이 목에서 같다), 방사성물질(「원자력안전법」 제2조제5호의 방사성물질을 말한다. 이하 이 목에서 같다) 또는 원자력시설(「원자력시설 등의 방호 및 방사능 방재 대책법」 제2조제2호의 원자력시설을 말한다. 이하 이 목에서 같다)과 관련된 다음 각각의 어느 하나에 해당하는 행위						

						      1) 원자로를 파괴하여 사람의 생명ㆍ신체 또는 재산을 해하거나 그 밖에 공공의 안전을 위태롭게 하는 행위
						

						      2) 방사성물질 등과 원자로 및 관계 시설, 핵연료주기시설 또는 방사선발생장치를 부당하게 조작하여 사람의 생명이나 신체에 위험을 가하는 행위
						

						      3) 핵물질을 수수(授受)ㆍ소지ㆍ소유ㆍ보관ㆍ사용ㆍ운반ㆍ개조ㆍ처분 또는 분산하는 행위
						

						      4) 핵물질이나 원자력시설을 파괴ㆍ손상 또는 그 원인을 제공하거나 원자력시설의 정상적인 운전을 방해하여 방사성물질을 배출하거나 방사선을 노출하는 행위"
012508,253319,호,10,"2. ""테러단체""란 국제연합(UN)이 지정한 테러단체를 말한다."
012508,253319,호,11,"3. ""테러위험인물""이란 테러단체의 조직원이거나 테러단체 선전, 테러자금 모금ㆍ기부, 그 밖에 테러 예비ㆍ음모ㆍ선전ㆍ선동을 하였거나 하였다고 의심할 상당한 이유가 있는 사람을 말한다."
012508,253319,호,12,"4. ""외국인테러전투원""이란 테러를 실행ㆍ계획ㆍ준비하거나 테러에 참가할 목적으로 국적국이 아닌 국가의 테러단체에 가입하거나 가입하기 위하여 이동 또는 이동을 시도하는 내국인ㆍ외국인을 말한다."
012508,253319,호,13,"5. ""테러자금""이란 「공중 등 협박목적 및 대량살상무기확산을 위한 자금조달행위의 금지에 관한 법률」 제2조제1호에 따른 공중 등 협박목적을 위한 자금을 말한다."
012508,253319,호,14,"6. ""대테러활동""이란 제1호의 테러 관련 정보의 수집, 테러위험인물의 관리, 테러에 이용될 수 있는 위험물질 등 테러수단의 안전관리, 인원ㆍ시설ㆍ장비의 보호, 국제행사의 안전확보, 테러위협에의 대응 및 무력진압 등 테러 예방과 대응에 관한 제반 활동을 말한다."
012508,253319,호,15,"7. ""관계기관""이란 대테러활동을 수행하는 국가기관, 지방자치단체, 그 밖에 대통령령으로 정하는 기관을 말한다."
012508,253319,호,16,"8. ""대테러조사""란 대테러활동에 필요한 정보나 자료를 수집하기 위하여 현장조사ㆍ문서열람ㆍ시료채취 등을 하거나 조사대상자에게 자료제출 및 진술을 요구하는 활동을 말한다."
012508,253319,조문,17,제3조(국가 및 지방자치단체의 책무)
012508,253319,항,18,① 국가 및 지방자치단체는 테러로부터 국민의 생명ㆍ신체 및 재산을 보호하기 위하여 테러의 예방과 대응에 필요한 제도와 여건을 조성하고 대책을 수립하여 이를 시행하여야 한다.
012508,253319,항,19,② 국가 및 지방자치단체는 제1항의 대책을 강구할 때 국민의 기본적 인권이 침해당하지 아니하도록 최선의 노력을 하여야 한다. <개정 2020.6.9>
012508,253319,항,20,③ 이 법을 집행하는 공무원은 헌법상 기본권을 존중하여 이 법을 집행하여야 하며 헌법과 법률에서 정한 적법절차를 준수할 의무가 있다.
012508,253319,조문,21,제4조(다른 법률과의 관계) 이 법은 대테러활동에 관하여 다른 법률에 우선하여 적용한다.
012508,253319,조문,22,제5조(국가테러대책위원회)
012508,253319,항,23,"① 대테러활동에 관한 정책의 중요사항을 심의ㆍ의결하기 위하여 국가테러대책위원회(이하 ""대책위원회""라 한다)를 둔다."
012508,253319,항,24,② 대책위원회는 국무총리 및 관계기관의 장 중 대통령령으로 정하는 사람으로 구성하고 위원장은 국무총리로 한다.
012508,253319,항,25,③ 대책위원회는 다음 각 호의 사항을 심의ㆍ의결한다.
012508,253319,호,26,1. 대테러활동에 관한 국가의 정책 수립 및 평가
012508,253319,호,27,2. 국가 대테러 기본계획 등 중요 중장기 대책 추진사항
012508,253319,호,28,3. 관계기관의 대테러활동 역할 분담ㆍ조정이 필요한 사항
012508,253319,호,29,4. 그 밖에 위원장 또는 위원이 대책위원회에서 심의ㆍ의결할 필요가 있다고 제의하는 사항
012508,253319,항,30,④ 그 밖에 대책위원회의 구성ㆍ운영 등에 필요한 사항은 대통령령으로 정한다.
012508,253319,조문,31,제6조(대테러센터)
012508,253319,항,32,① 대테러활동과 관련하여 다음 각 호의 사항을 수행하기 위하여 국무총리 소속으로 관계기관 공무원으로 구성되는 대테러센터를 둔다.
012508,253319,호,33,1. 국가 대테러활동 관련 임무분담 및 협조사항 실무 조정
012508,253319,호,34,2. 장단기 국가대테러활동 지침 작성ㆍ배포
012508,253319,호,35,3. 테러경보 발령
012508,253319,호,36,4. 국가 중요행사 대테러안전대책 수립
012508,253319,호,37,5. 대책위원회의 회의 및 운영에 필요한 사무의 처리
012508,253319,호,38,6. 그 밖에 대책위원회에서 심의ㆍ의결한 사항
012508,253319,항,39,② 대테러센터의 조직ㆍ정원 및 운영에 관한 사항은 대통령령으로 정한다.
012508,253319,항,40,③ 대테러센터 소속 직원의 인적사항은 공개하지 아니할 수 있다.
012508,253319,조문,41,제7조(대테러 인권보호관)
012508,253319,항,42,"① 관계기관의 대테러활동으로 인한 국민의 기본권 침해 방지를 위하여 대책위원회 소속으로 대테러 인권보호관(이하 ""인권보호관""이라 한다) 1명을 둔다."
012508,253319,항,43,"② 인권보호관의 자격, 임기 등 운영에 관한 사항은 대통령령으로 정한다."
012508,253319,조문,44,제8조(전담조직의 설치)
012508,253319,항,45,① 관계기관의 장은 테러 예방 및 대응을 위하여 필요한 전담조직을 둘 수 있다.
012508,253319,항,46,② 관계기관의 전담조직의 구성 및 운영과 효율적 테러대응을 위하여 필요한 사항은 대통령령으로 정한다.
012508,253319,조문,47,제9조(테러위험인물에 대한 정보 수집 등)
012508,253319,항,48,"① 국가정보원장은 테러위험인물에 대하여 출입국ㆍ금융거래 및 통신이용 등 관련 정보를 수집할 수 있다. 이 경우 출입국ㆍ금융거래 및 통신이용 등 관련 정보의 수집은 「출입국관리법」, 「관세법」, 「특정 금융거래정보의 보고 및 이용 등에 관한 법률」, 「통신비밀보호법」의 절차에 따른다. <개정 2020.6.9>"
012508,253319,항,49,② 국가정보원장은 제1항에 따른 정보 수집 및 분석의 결과 테러에 이용되었거나 이용될 가능성이 있는 금융거래에 대하여 지급정지 등의 조치를 취하도록 금융위원회 위원장에게 요청할 수 있다.
012508,253319,항,50,③ 국가정보원장은 테러위험인물에 대한 개인정보(「개인정보 보호법」상 민감정보를 포함한다)와 위치정보를 「개인정보 보호법」 제2조의 개인정보처리자와 「위치정보의 보호 및 이용 등에 관한 법률」 제5조제7항에 따른 개인위치정보사업자 및 같은 법 제5조의2제3항에 따른 사물위치정보사업자에게 요구할 수 있다. <개정 2018.4.17>
012508,253319,항,51,④ 국가정보원장은 대테러활동에 필요한 정보나 자료를 수집하기 위하여 대테러조사 및 테러위험인물에 대한 추적을 할 수 있다. 이 경우 사전 또는 사후에 대책위원회 위원장에게 보고하여야 한다.
012508,253319,조문,52,제10조(테러예방을 위한 안전관리대책의 수립)
012508,253319,항,53,"① 관계기관의 장은 대통령령으로 정하는 국가중요시설과 많은 사람이 이용하는 시설 및 장비(이하 ""테러대상시설""이라 한다)에 대한 테러예방대책과 테러의 수단으로 이용될 수 있는 폭발물ㆍ총기류ㆍ화생방물질(이하 ""테러이용수단""이라 한다), 국가 중요행사에 대한 안전관리대책을 수립하여야 한다."
012508,253319,항,54,② 제1항에 따른 안전관리대책의 수립ㆍ시행에 필요한 사항은 대통령령으로 정한다.
012508,253319,조문,55,제11조(테러취약요인 사전제거)
012508,253319,항,56,① 테러대상시설 및 테러이용수단의 소유자 또는 관리자는 보안장비를 설치하는 등 테러취약요인 제거를 위하여 노력하여야 한다.
012508,253319,항,57,② 국가는 제1항의 테러대상시설 및 테러이용수단의 소유자 또는 관리자에게 필요한 경우 그 비용의 전부 또는 일부를 지원할 수 있다.
012508,253319,항,58,③ 제2항에 따른 비용의 지원 대상ㆍ기준ㆍ방법 및 절차 등에 필요한 사항은 대통령령으로 정한다.
012508,253319,조문,59,제12조(테러선동ㆍ선전물 긴급 삭제 등 요청)
012508,253319,항,60,"① 관계기관의 장은 테러를 선동ㆍ선전하는 글 또는 그림, 상징적 표현물, 테러에 이용될 수 있는 폭발물 등 위험물 제조법 등이 인터넷이나 방송ㆍ신문, 게시판 등을 통해 유포될 경우 해당 기관의 장에게 긴급 삭제 또는 중단, 감독 등의 협조를 요청할 수 있다."
012508,253319,항,61,② 제1항의 협조를 요청받은 해당 기관의 장은 필요한 조치를 취하고 그 결과를 관계기관의 장에게 통보하여야 한다.
012508,253319,조문,62,제13조(외국인테러전투원에 대한 규제)
012508,253319,항,63,① 관계기관의 장은 외국인테러전투원으로 출국하려 한다고 의심할 만한 상당한 이유가 있는 내국인ㆍ외국인에 대하여 일시 출국금지를 법무부장관에게 요청할 수 있다.
012508,253319,항,64,"② 제1항에 따른 일시 출국금지 기간은 90일로 한다. 다만, 출국금지를 계속할 필요가 있다고 판단할 상당한 이유가 있는 경우에 관계기관의 장은 그 사유를 명시하여 연장을 요청할 수 있다."
012508,253319,항,65,③ 관계기관의 장은 외국인테러전투원으로 가담한 사람에 대하여 「여권법」 제13조에 따른 여권의 효력정지 및 같은 법 제12조의2에 따른 재발급 제한을 외교부장관에게 요청할 수 있다. <개정 2023.8.8>
012508,253319,조문,66,제14조(신고자 보호 및 포상금)
012508,253319,항,67,"① 국가는 「특정범죄신고자 등 보호법」에 따라 테러에 관한 신고자, 범인검거를 위하여 제보하거나 검거활동을 한 사람 또는 그 친족 등을 보호하여야 한다."
012508,253319,항,68,"② 관계기관의 장은 테러의 계획 또는 실행에 관한 사실을 관계기관에 신고하여 테러를 사전에 예방할 수 있게 하였거나, 테러에 가담 또는 지원한 사람을 신고하거나 체포한 사람에 대하여 대통령령으로 정하는 바에 따라 포상금을 지급할 수 있다."
012508,253319,조문,69,제15조(테러피해의 지원)
012508,253319,항,70,"① 테러로 인하여 신체 또는 재산의 피해를 입은 국민은 관계기관에 즉시 신고하여야 한다. 다만, 인질 등 부득이한 사유로 신고할 수 없을 때에는 법률관계 또는 계약관계에 의하여 보호의무가 있는 사람이 이를 알게 된 때에 즉시 신고하여야 한다."
012508,253319,항,71,"② 국가 또는 지방자치단체는 제1항의 피해를 입은 사람에 대하여 대통령령으로 정하는 바에 따라 치료 및 복구에 필요한 비용의 전부 또는 일부를 지원할 수 있다. 다만, 「여권법」 제17조제1항 단서에 따른 외교부장관의 허가를 받지 아니하고 방문 및 체류가 금지된 국가 또는 지역을 방문ㆍ체류한 사람에 대해서는 그러하지 아니하다."
012508,253319,항,72,③ 제2항에 따른 비용의 지원 기준ㆍ절차ㆍ금액 및 방법 등에 관하여 필요한 사항은 대통령령으로 정한다.
012508,253319,조문,73,제16조(특별위로금)
012508,253319,항,74,"① 테러로 인하여 생명의 피해를 입은 사람의 유족 또는 신체상의 장애 및 장기치료가 필요한 피해를 입은 사람에 대해서는 그 피해의 정도에 따라 등급을 정하여 특별위로금을 지급할 수 있다. 다만, 「여권법」 제17조제1항 단서에 따른 외교부장관의 허가를 받지 아니하고 방문 및 체류가 금지된 국가 또는 지역을 방문ㆍ체류한 사람에 대해서는 그러하지 아니하다. <개정 2020.6.9>"
012508,253319,항,75,② 제1항에 따른 특별위로금의 지급 기준ㆍ절차ㆍ금액 및 방법 등에 관하여 필요한 사항은 대통령령으로 정한다.
012508,253319,조문,76,제17조(테러단체 구성죄 등)
012508,253319,항,77,① 테러단체를 구성하거나 구성원으로 가입한 사람은 다음 각 호의 구분에 따라 처벌한다.
012508,253319,호,78,1. 수괴(首魁)는 사형ㆍ무기 또는 10년 이상의 징역
012508,253319,호,79,2. 테러를 기획 또는 지휘하는 등 중요한 역할을 맡은 사람은 무기 또는 7년 이상의 징역
012508,253319,호,80,3. 타국의 외국인테러전투원으로 가입한 사람은 5년 이상의 징역
012508,253319,호,81,4. 그 밖의 사람은 3년 이상의 징역
012508,253319,항,82,② 테러자금임을 알면서도 자금을 조달ㆍ알선ㆍ보관하거나 그 취득 및 발생원인에 관한 사실을 가장하는 등 테러단체를 지원한 사람은 10년 이하의 징역 또는 1억원 이하의 벌금에 처한다.
012508,253319,항,83,③ 테러단체 가입을 지원하거나 타인에게 가입을 권유 또는 선동한 사람은 5년 이하의 징역에 처한다.
012508,253319,항,84,④ 제1항 및 제2항의 미수범은 처벌한다.
012508,253319,항,85,⑤ 제1항 및 제2항에서 정한 죄를 저지를 목적으로 예비 또는 음모한 사람은 3년 이하의 징역에 처한다. <개정 2020.6.9>
012508,253319,항,86,⑥ 「형법」 등 국내법에 죄로 규정된 행위가 제2조의 테러에 해당하는 경우 해당 법률에서 정한 형에 따라 처벌한다.
012508,253319,조문,87,"제18조(무고, 날조)"
012508,253319,항,88,① 타인으로 하여금 형사처분을 받게 할 목적으로 제17조의 죄에 대하여 무고 또는 위증을 하거나 증거를 날조ㆍ인멸ㆍ은닉한 사람은 「형법」 제152조부터 제157조까지에서 정한 형에 2분의 1을 가중하여 처벌한다.
012508,253319,항,89,"② 범죄수사 또는 정보의 직무에 종사하는 공무원이나 이를 보조하는 사람 또는 이를 지휘하는 사람이 직권을 남용하여 제1항의 행위를 한 때에도 제1항의 형과 같다. 다만, 그 법정형의 최저가 2년 미만일 때에는 이를 2년으로 한다."
012508,253319,조문,90,제19조(세계주의) 제17조의 죄는 대한민국 영역 밖에서 저지른 외국인에게도 국내법을 적용한다. <개정 2020.6.9>
