법령일련번호,MST,구분,문장번호,내용
014121,234033,조문,1,제1조(목적) 이 법은 수산부산물을 친환경적이며 위생적으로 처리하고 그 재활용을 촉진하여 수산 자원을 효율적으로 이용하는 것을 목적으로 한다.
014121,234033,조문,2,제2조(정의) 이 법에서 사용하는 용어의 뜻은 다음과 같다.
014121,234033,항,3,
014121,234033,호,4,"1. ""수산물""이란 「수산업ㆍ어촌발전 기본법」 제3조제7호에 따른 수산물을 말한다."
014121,234033,호,5,"2. ""수산부산물""이란 수산물의 포획ㆍ채취ㆍ양식ㆍ가공ㆍ판매 등의 과정에서 기본 생산물 외에 부수적으로 발생한 뼈, 지느러미, 내장, 껍질 등을 말한다."
014121,234033,호,6,"3. ""수산부산물 재활용""이란 수산부산물을 식품ㆍ비료ㆍ사료ㆍ화장품ㆍ의약품 등 완성품의 원료, 공유수면 매립재, 건축물자재, 탈황제, 소석회 등으로 제조ㆍ가공하는 것을 말한다."
014121,234033,호,7,"4. ""수산부산물 수집ㆍ운반업""이란 수산부산물을 수집하여 수산부산물 자원화시설 또는 중간처리업자에게 운반하는 영업을 말한다."
014121,234033,호,8,"5. ""수산부산물 중간처리업""이란 수산부산물을 세척, 분리, 선별, 파쇄하거나 재활용제품으로 제조ㆍ가공하는 영업을 말한다."
014121,234033,호,9,"6. ""수산부산물 처리업""이란 수산부산물의 수집ㆍ운반업 또는 수산부산물의 중간처리업을 말한다."
014121,234033,호,10,"7. ""수산부산물 자원화시설""이란 수산부산물의 재활용과 자원화를 위하여 해양수산부장관 및 특별시장ㆍ광역시장ㆍ특별자치시장ㆍ도지사 또는 특별자치도지사(이하 ""시ㆍ도지사""라 한다)가 설치ㆍ운영하는 시설을 말한다."
014121,234033,조문,11,제3조(다른 법률과의 관계 등)
014121,234033,항,12,"① 수산부산물의 친환경적ㆍ위생적인 처리와 재활용 촉진에 관한 사항은 이 법을 우선하여 적용하고, 이 법에 규정되지 아니한 사항은 관계 법률의 규정을 준용한다."
014121,234033,항,13,② 수산부산물이 다른 폐기물과 혼합된 경우에는 이 법의 해당 조항을 적용하지 아니하고 「폐기물관리법」의 해당 조항만을 적용한다.
014121,234033,항,14,③ 제1항에도 불구하고 수산부산물 재활용 과정에서 발생하는 잔재물(「폐기물관리법」 제2조제6호에 따른 소각 또는 매립 대상 폐기물로 한정한다)은 「폐기물관리법」 제2조제1호의 폐기물로 보아 「폐기물관리법」의 해당 조항만을 적용한다.
014121,234033,항,15,"④ 이 법의 적용대상 수산부산물 종류는 대통령령으로 정하고, 재활용 유형에 관한 세부분류는 「폐기물관리법」 제2조의2에도 불구하고 해양수산부령으로 정한다."
014121,234033,조문,16,제4조(국가와 지방자치단체의 책무) 국가와 지방자치단체는 수산부산물을 친환경적ㆍ위생적으로 처리하고 재활용을 촉진할 수 있도록 필요한 시책을 마련하여야 한다.
014121,234033,조문,17,제5조(수산부산물 재활용 기본계획의 수립 등)
014121,234033,항,18,"① 해양수산부장관은 수산부산물을 친환경적이고 위생적으로 처리하고 재활용을 촉진하기 위하여 5년마다 관계 중앙행정기관의 장 및 시ㆍ도지사와 협의하여 수산부산물 재활용 기본계획(이하 ""기본계획""이라 한다)을 수립하여야 한다."
014121,234033,항,19,② 기본계획에는 다음 각 호의 사항이 포함되어야 한다.
014121,234033,호,20,1. 수산부산물의 재활용을 촉진하기 위한 기본목표 및 추진방향
014121,234033,호,21,2. 수산부산물의 친환경적ㆍ위생적인 처리기술의 연구개발 및 보급
014121,234033,호,22,3. 수산부산물 자원화시설의 설치ㆍ운영 및 지원에 관한 사항
014121,234033,호,23,4. 그 밖에 수산부산물 재활용 촉진을 위하여 대통령령으로 정하는 사항
014121,234033,항,24,"③ 해양수산부장관은 기본계획의 연차별 시행계획(이하 ""시행계획""이라 한다)을 수립하여 시행하여야 한다."
014121,234033,항,25,④ 제1항부터 제3항까지에서 규정한 사항 외에 기본계획과 시행계획의 수립ㆍ시행에 필요한 사항은 대통령령으로 정한다.
014121,234033,조문,26,제6조(수산부산물 재활용 통계조사)
014121,234033,항,27,① 특별자치시장ㆍ특별자치도지사 또는 시장ㆍ군수ㆍ구청장(자치구의 구청장을 말한다. 이하 같다)은 다음 각 호의 사항을 조사하고 시장ㆍ군수ㆍ구청장은 그 조사결과를 시ㆍ도지사(특별자치시장ㆍ특별자치도지사는 제외한다. 이하 이 조에서 같다)에게 제출하여야 한다.
014121,234033,호,28,1. 연간 수산부산물의 발생량
014121,234033,호,29,2. 연간 수산부산물의 처리실적
014121,234033,호,30,3. 그 밖에 해양수산부장관이 정하는 사항
014121,234033,항,31,② 특별자치시장ㆍ특별자치도지사와 제1항에 따른 조사결과를 제출받은 시ㆍ도지사는 이를 종합하여 해양수산부장관에게 제출하여야 한다.
014121,234033,항,32,③ 해양수산부장관은 제2항에 따라 제출받은 통계조사 결과를 환경부장관에게 통보하여야 한다.
014121,234033,항,33,"④ 제1항 및 제2항에 따른 자료의 작성방법, 제출시기 등에 관하여 필요한 사항은 해양수산부령으로 정한다."
014121,234033,조문,34,제7조(수산부산물 분리배출 의무 등)
014121,234033,항,35,"① 수산물을 포획ㆍ채취ㆍ양식ㆍ가공ㆍ판매하는 자 중에서 수산부산물을 다량으로 배출하는 자로서 대통령령으로 정하는 자(이하 ""수산부산물분리배출의무자""라 한다)는 수산부산물을 다른 폐기물과 분리하여 배출하여야 한다."
014121,234033,항,36,② 수산부산물의 분리배출 기준 및 절차 등에 관하여 필요한 사항은 대통령령으로 정한다.
014121,234033,항,37,③ 시ㆍ도지사는 제1항에 따른 기준을 지키지 아니하는 수산부산물분리배출의무자에게 대통령령으로 정하는 바에 따라 이행명령 등의 필요한 조치를 명할 수 있다.
014121,234033,조문,38,제8조(수산부산물 분리배출 시설 지원)
014121,234033,항,39,① 시ㆍ도지사는 수산부산물의 분리배출을 촉진하기 위하여 수산부산물분리배출의무자에게 수산부산물을 분리배출하기 위한 시설구축ㆍ인력고용에 필요한 비용을 지원할 수 있다.
014121,234033,항,40,"② 제1항에 따른 수산부산물 분리배출의 지원대상, 지원기준 및 절차 등에 관하여 필요한 사항은 대통령령으로 정한다."
014121,234033,조문,41,제9조(수산부산물 처리업의 허가)
014121,234033,항,42,① 수산부산물 처리업을 하려는 자는 수산부산물의 처리에 필요한 대통령령으로 정하는 시설ㆍ장비 및 인력 등을 갖추어 시ㆍ도지사에게 허가를 받아야 한다. 대통령령으로 정하는 중요한 사항을 변경하려는 경우에도 또한 같다.
014121,234033,항,43,"② 제1항에 따른 수산부산물 처리업의 허가를 받은 자(이하 ""처리업자""라 한다)는 다음 각 호의 사항을 지켜야 한다."
014121,234033,호,44,1. 다른 자에게 자기의 성명이나 상호를 사용하여 수산부산물을 수집ㆍ운반 또는 중간처리하게 하지 아니할 것
014121,234033,호,45,2. 허가증을 빌려주지 아니할 것
014121,234033,항,46,③ 제1항에 따른 허가를 받은 자가 허가받은 사항 중 해양수산부령으로 정하는 경미한 사항을 변경하는 경우에는 변경신고를 하여야 한다.
014121,234033,항,47,④ 제1항 및 제3항에 따른 허가ㆍ변경허가ㆍ변경신고의 방법 및 절차 등에 관하여 필요한 사항은 해양수산부령으로 정한다.
014121,234033,조문,48,제10조(권리ㆍ의무의 승계)
014121,234033,항,49,① 처리업자가 그 영업을 양도하거나 사망하였을 때 또는 법인의 합병이 있을 때에는 그 양수인ㆍ상속인 또는 합병 후 존속하는 법인이나 합병으로 설립되는 법인은 종전의 처리업자의 권리ㆍ의무를 승계한다.
014121,234033,항,50,② 다음 각 호의 어느 하나에 해당하는 절차에 따라 시설ㆍ장비의 전부를 인수한 자는 종전의 처리업자의 권리ㆍ의무를 승계한다.
014121,234033,호,51,1. 「민사집행법」에 따른 경매
014121,234033,호,52,2. 「채무자 회생 및 파산에 관한 법률」에 따른 환가(換價)
014121,234033,호,53,3. 「국세징수법」ㆍ「관세법」 또는 「지방세징수법」에 따른 압류재산의 매각
014121,234033,호,54,4. 그 밖에 제1호부터 제3호까지의 어느 하나에 준하는 절차
014121,234033,항,55,③ 제1항 또는 제2항에 따라 종전의 처리업자의 권리ㆍ의무를 승계한 자는 그 사유가 발생한 날부터 30일 이내에 그 사실을 해양수산부령으로 정하는 바에 따라 시ㆍ도지사에게 신고하여야 한다.
014121,234033,항,56,④ 제1항에 따라 처리업자의 권리ㆍ의무를 승계한 상속인은 제12조제1호부터 제5호까지의 어느 하나의 결격사유에 해당하면 6개월 이내에 그 처리업을 다른 사람에게 양도하여야 한다.
014121,234033,조문,57,제11조(처리업자의 준수사항)
014121,234033,항,58,① 처리업자는 다음 각 호에 관하여 대통령령으로 정하는 사항을 준수하여야 한다.
014121,234033,호,59,1. 수산부산물과 다른 폐기물의 분리에 관한 사항
014121,234033,호,60,2. 수산부산물 처리 시설 및 장비에 관한 사항
014121,234033,호,61,3. 수산부산물 처리 시 환경오염 방지에 관한 사항
014121,234033,호,62,4. 그 밖에 효율적인 수산부산물 처리와 공중위생상 위해 방지를 위하여 필요한 사항
014121,234033,항,63,② 시ㆍ도지사는 제1항의 준수사항을 이행하지 아니하는 자에게 처리 방법의 변경 또는 그 밖의 조치를 명할 수 있다.
014121,234033,조문,64,제12조(결격사유) 다음 각 호의 어느 하나에 해당하는 자는 수산부산물 처리업의 허가를 받을 수 없다.
014121,234033,항,65,
014121,234033,호,66,"1. 미성년자, 피성년후견인 또는 피한정후견인"
014121,234033,호,67,2. 파산선고를 받고 복권되지 아니한 자
014121,234033,호,68,3. 이 법 또는 「폐기물관리법」을 위반하여 금고 이상의 형을 선고받고 그 형의 집행이 끝나거나 집행을 받지 아니하기로 확정된 후 2년이 지나지 아니한 자
014121,234033,호,69,4. 이 법 또는 「폐기물관리법」을 위반하여 금고 이상의 형의 집행유예를 선고받고 그 집행유예 기간이 지나지 아니한 자
014121,234033,호,70,5. 수산부산물 처리업의 허가가 취소된 자(제1호 또는 제2호에 해당하여 수산부산물 처리업의 허가가 취소된 자는 제외한다)로서 그 허가가 취소된 날부터 2년이 지나지 아니한 자
014121,234033,호,71,6. 임원 중에 제1호부터 제5호까지의 어느 하나에 해당하는 사람이 있는 법인
014121,234033,조문,72,제13조(허가의 취소 등)
014121,234033,항,73,"① 시ㆍ도지사는 처리업자(제10조에 따라 처리업자의 권리ㆍ의무를 승계한 자도 포함한다)가 다음 각 호의 어느 하나에 해당하는 경우에는 그 허가를 취소하거나 6개월 이내의 기간을 정하여 그 영업의 정지를 명할 수 있다. 다만, 제1호부터 제3호까지의 어느 하나에 해당하는 경우에는 그 허가를 취소하여야 한다."
014121,234033,호,74,1. 거짓이나 그 밖의 부정한 방법으로 허가를 받은 경우
014121,234033,호,75,"2. 제12조의 결격사유에 해당하게 된 경우. 다만, 같은 조 제1호부터 제5호까지의 규정 중 어느 하나에 해당하는 상속인이 피상속인의 사망일부터 6개월 이내에 다른 사람에게 그 사업을 양도하는 경우와 같은 조 제6호에 해당하게 된 법인이 3개월 이내에 그 임원을 바꾸어 임명하는 경우는 제외한다."
014121,234033,호,76,3. 영업정지기간 중 영업을 한 경우
014121,234033,호,77,4. 제9조제1항에 따른 허가를 받은 후 1년 이내에 영업을 시작하지 아니하거나 정당한 사유 없이 계속하여 1년 이상 휴업한 경우
014121,234033,호,78,5. 제9조제1항에 따른 기준에 미달하게 된 경우
014121,234033,호,79,6. 제9조를 위반하여 변경허가를 받지 아니하거나 변경신고를 하지 아니하고 허가받은 사항을 변경한 경우
014121,234033,호,80,7. 제9조제2항 각 호에 따른 준수사항을 위반한 경우
014121,234033,호,81,8. 제11조제2항에 따른 조치를 이행하지 아니한 경우
014121,234033,항,82,② 제1항에 따른 세부적인 행정처분 기준은 대통령령으로 정한다.
014121,234033,항,83,③ 시ㆍ도지사는 제1항의 허가취소 처분을 하려면 청문을 실시하여야 한다.
014121,234033,조문,84,제14조(처리업자에 대한 과징금 처분)
014121,234033,항,85,① 시ㆍ도지사는 제13조에 따라 처리업자에게 영업의 정지를 명령할 경우로서 그 영업의 정지가 다음 각 호의 어느 하나에 해당된다고 인정되면 대통령령으로 정하는 바에 따라 그 영업의 정지를 갈음하여 1억원 이하의 과징금을 부과할 수 있다.
014121,234033,호,86,1. 수산부산물의 적체(積滯) 등으로 수산부산물 위탁처리자의 사업활동에 막대한 지장을 줄 우려가 있는 경우
014121,234033,호,87,2. 해당 처리업자가 보관 중인 수산부산물로 인하여 인근지역 주민의 생활환경에 심각한 위해가 발생되거나 발생될 우려가 있는 경우
014121,234033,호,88,3. 천재지변이나 그 밖의 부득이한 사유로 해당 영업을 계속하도록 할 필요가 있다고 인정되는 경우
014121,234033,항,89,② 제1항에 따른 위반행위별 과징금의 금액 등에 관하여 필요한 사항은 대통령령으로 정한다.
014121,234033,항,90,③ 시ㆍ도지사는 제1항에 따른 과징금을 납부하여야 할 자가 납부기한 내에 납부하지 아니하면 「지방행정제재ㆍ부과금의 징수 등에 관한 법률」에 따라 징수한다.
014121,234033,항,91,"④ 제1항 및 제3항에 따라 징수한 과징금은 시ㆍ도지사가 사용하되, 수산부산물 재활용 지원 및 촉진 등 대통령령으로 정하는 용도로 사용하여야 한다."
014121,234033,조문,92,제15조(휴업과 폐업 등의 신고)
014121,234033,항,93,① 처리업자는 그 영업을 휴업ㆍ폐업 또는 재개업한 경우에는 해양수산부령으로 정하는 바에 따라 그 사실을 시ㆍ도지사에게 신고하여야 한다.
014121,234033,항,94,② 제1항에 따라 휴업 또는 폐업의 신고를 하려는 자는 해양수산부령으로 정하는 바에 따라 보관 중인 수산부산물의 적절한 처리 등 필요한 조치를 하여야 한다.
014121,234033,조문,95,제16조(수산부산물 자원화시설의 설치ㆍ운영)
014121,234033,항,96,"① 해양수산부장관 및 시ㆍ도지사는 수산부산물을 재활용하기 위하여 수산부산물 자원화시설(이하 ""자원화시설""이라 한다)을 설치ㆍ운영할 수 있다."
014121,234033,항,97,② 해양수산부장관 및 시ㆍ도지사가 자원화시설을 설치하는 경우에는 제6조에 따른 수산부산물 재활용 통계조사를 바탕으로 수산부산물 발생량 및 처리실적 등의 수요에 맞게 시설ㆍ장비 등을 갖추어 설치하여야 한다.
014121,234033,항,98,③ 해양수산부장관 및 시ㆍ도지사가 자원화시설을 설치ㆍ운영하는 경우에는 그 사실을 시장ㆍ군수ㆍ구청장에게 통지하여야 한다.
014121,234033,항,99,④ 해양수산부장관은 자원화시설을 설치ㆍ운영하는 시ㆍ도지사에게 재정적ㆍ기술적 지원을 할 수 있다.
014121,234033,항,100,⑤ 그 밖에 자원화시설의 설치ㆍ운영에 필요한 사항은 대통령령으로 정한다.
014121,234033,조문,101,제17조(자원화시설의 기능 등) 자원화시설은 다음 각 호의 기능을 수행한다.
014121,234033,항,102,
014121,234033,호,103,1. 수산부산물 재활용을 위한 가공ㆍ처리ㆍ보관
014121,234033,호,104,2. 수산부산물의 자원화
014121,234033,호,105,3. 수산부산물 재활용제품의 보관ㆍ판매
014121,234033,호,106,4. 수산부산물 재활용기술 연구ㆍ개발
014121,234033,호,107,5. 수산부산물 재활용 교육ㆍ홍보 및 정보제공
014121,234033,호,108,6. 그 밖에 수산부산물 재활용을 위하여 해양수산부령으로 정하는 사항
014121,234033,조문,109,제18조(재활용제품 판로확대)
014121,234033,항,110,"① 해양수산부장관과 시ㆍ도지사는 자원화시설과 처리업자가 생산하는 식품원료, 비료, 사료, 화장품, 의약품, 공유수면 매립재, 건축물자재, 탈황제, 소석회 등의 재활용제품 판로확대를 위한 지원시책을 추진할 수 있다."
014121,234033,항,111,② 제1항에 따른 재활용제품 판로확대의 지원대상 및 지원내용 등에 관하여 필요한 사항은 대통령령으로 정한다.
014121,234033,조문,112,제19조(권한의 위임ㆍ위탁)
014121,234033,항,113,"① 해양수산부장관은 이 법에 따른 권한의 일부를 대통령령으로 정하는 바에 따라 소속 기관의 장 또는 시ㆍ도지사에게, 시ㆍ도지사는 시장ㆍ군수ㆍ구청장에게 각각 위임할 수 있다."
014121,234033,항,114,② 해양수산부장관 및 시ㆍ도지사는 이 법에 따른 권한의 일부를 대통령령으로 정하는 바에 따라 수산부산물 관련 기관 또는 단체에 위탁할 수 있다.
014121,234033,조문,115,제20조(벌칙)
014121,234033,항,116,① 다음 각 호에 해당하는 자는 5년 이하의 징역 또는 5천만원 이하의 벌금에 처한다.
014121,234033,호,117,1. 제9조제1항을 위반하여 허가를 받지 아니하고 수산부산물 처리업의 영업행위를 한 자
014121,234033,호,118,2. 거짓이나 그 밖의 부정한 방법으로 수산부산물 처리업 허가를 받은 자
014121,234033,항,119,② 다음 각 호에 해당하는 자는 3년 이하의 징역 또는 3천만원 이하의 벌금에 처한다.
014121,234033,호,120,1. 제9조제1항에 따른 변경허가를 받지 아니하고 중요 사항을 변경한 자
014121,234033,호,121,2. 제13조제1항에 따른 영업정지기간에 영업을 한 자
014121,234033,항,122,③ 제9조제2항을 위반하여 다른 자에게 자기의 성명이나 상호를 사용하여 수산부산물을 수집ㆍ운반 또는 중간처리하게 하거나 허가증을 다른 자에게 빌려준 자는 2년 이하의 징역 또는 2천만원 이하의 벌금에 처한다.
014121,234033,조문,123,제21조(과태료)
014121,234033,항,124,① 제7조제1항을 위반하여 수산부산물을 다른 폐기물과 분리하지 않고 배출한 자에게는 1천만원 이하의 과태료를 부과한다.
014121,234033,항,125,② 다음 각 호의 자에게는 300만원 이하의 과태료를 부과한다.
014121,234033,호,126,1. 제7조제3항에 따른 조치명령을 이행하지 아니한 자
014121,234033,호,127,2. 제9조제3항에 따른 변경신고를 하지 아니하고 허가사항을 변경한 자
014121,234033,호,128,3. 제10조제3항을 위반하여 권리ㆍ의무승계의 신고를 하지 아니한 자
014121,234033,호,129,4. 제11조제2항에 따른 조치명령을 이행하지 아니한 자
014121,234033,호,130,5. 제15조제1항에 따른 신고를 하지 아니하고 휴업 또는 폐업을 한 자
014121,234033,호,131,6. 제15조제2항에 따른 조치를 이행하지 아니한 자
014121,234033,항,132,③ 제1항 및 제2항에 따른 과태료는 대통령령으로 정하는 바에 따라 시ㆍ도지사가 부과ㆍ징수한다.
