법령일련번호,MST,구분,문장번호,내용
000289,246747,조문,1,제1조(목적) 이 법은 송유관(送油管)의 안전관리에 관한 사항을 정하여 송유관으로 인한 위해(危害)를 방지하고 공공의 안전을 확보함을 목적으로 한다.
000289,246747,조문,2,제2조(정의) 이 법에서 사용하는 용어의 뜻은 다음과 같다. <개정 2021.6.15>
000289,246747,항,3,
000289,246747,호,4,"1. ""석유""란 「석유 및 석유대체연료 사업법」 제2조제1호에 따른 석유 중 천연가스(액화한 것을 포함한다) 및 석유가스(액화한 것을 포함한다)를 제외한 것을 말한다."
000289,246747,호,5,"2. ""송유관""이란 석유를 수송하는 배관 및 공작물로서 대통령령으로 정하는 시설을 제외한 것을 말한다."
000289,246747,호,6,"3. ""송유관설치자""란 제3조에 따라 공사계획의 인가를 받아 송유관을 설치하여 운영하는 자를 말한다."
000289,246747,호,7,"4. ""송유관관리자""란 송유관설치자로부터 송유관의 관리를 위탁받아 이를 운영하는 자를 말한다."
000289,246747,호,8,"5. ""정밀안전진단""이란 송유관 안전관리 전문기관이 송유관 사고를 방지하기 위하여 장비와 기술을 이용하여 송유관의 잠재된 위험요소와 원인을 찾아내는 것을 말한다."
000289,246747,조문,9,제3조(공사계획의 인가 등)
000289,246747,항,10,"① 송유관의 설치공사로서 산업통상자원부령으로 정하는 공사를 하려는 자는 그 공사계획에 관하여 산업통상자원부장관의 인가를 받아야 한다. 다만, 산업통상자원부령으로 정하는 경미한 공사, 재해복구공사, 그 밖의 긴급한 공사를 하였을 때에는 산업통상자원부장관에게 신고하여야 한다. <개정 2013.3.23>"
000289,246747,항,11,"② 산업통상자원부장관은 제1항 본문에 따른 공사계획이 산업통상자원부령으로 정하는 기술기준(이하 ""기술기준""이라 한다)에 맞을 때에는 그 공사계획을 인가하여야 한다. <개정 2013.3.23>"
000289,246747,항,12,"③ 송유관설치자는 제1항 본문에 따라 인가받은 공사계획을 변경하려면 산업통상자원부장관의 인가를 받아야 한다. 다만, 산업통상자원부령으로 정하는 경미한 사항을 변경하려는 경우에는 산업통상자원부장관에게 신고하여야 한다. <개정 2013.3.23>"
000289,246747,항,13,④ 제3항 본문에 따른 변경인가에 관하여는 제2항을 준용한다.
000289,246747,조문,14,제4조(허가 등의 의제)
000289,246747,항,15,"① 산업통상자원부장관이 제3조제1항 본문 또는 제3항 본문에 따른 공사계획의 인가 또는 변경인가를 할 때에 다음 각 호의 허가ㆍ인가ㆍ면허 또는 지정(이하 ""허가등""이라 한다)에 관하여 제2항에 따라 관계 행정기관의 장과 협의를 한 사항에 대하여는 그 허가등을 받은 것으로 본다. <개정 2008.12.31, 2009.6.9, 2010.4.15, 2010.5.31, 2013.3.23, 2014.1.14, 2020.1.29, 2022.12.27>"
000289,246747,호,16,1. 「도로법」 제61조제1항에 따른 도로의 점용허가
000289,246747,호,17,2. 「농지법」 제34조제1항에 따른 농지의 전용허가
000289,246747,호,18,3. 「사도법」 제4조에 따른 사도의 개설허가
000289,246747,호,19,4. 「자연공원법」 제23조제1항에 따른 공원구역에서의 행위허가
000289,246747,호,20,5. 「공유수면 관리 및 매립에 관한 법률」 제8조에 따른 공유수면의 점용ㆍ사용허가 및 같은 법 제28조제1항에 따른 공유수면의 매립면허
000289,246747,호,21,6. 삭제 <2010.4.15>
000289,246747,호,22,7. 「도시공원 및 녹지 등에 관한 법률」 제24조제1항 및 제27조제1항 단서에 따른 도시공원의 점용허가 및 도시자연공원구역에서의 행위허가
000289,246747,호,23,"8. 「국토의 계획 및 이용에 관한 법률」 제44조제4항에 따른 공동구(共同溝)의 점용ㆍ사용허가, 같은 법 제56조제1항에 따른 개발행위의 허가, 같은 법 제81조제2항에 따른 시가화조정구역 안에서의 행위허가, 같은 법 제86조제5항에 따른 시행자의 지정 및 같은 법 제88조제2항에 따른 실시계획의 인가"
000289,246747,호,24,9. 「초지법」 제21조의2에 따른 초지 안에서의 행위허가
000289,246747,호,25,10. 「하수도법」 제24조에 따른 공공하수도의 점용허가
000289,246747,호,26,"11. 「산지관리법」 제14조ㆍ제15조에 따른 산지전용허가 및 산지전용신고, 같은 법 제15조의2에 따른 산지일시사용허가ㆍ신고, 「산림자원의 조성 및 관리에 관한 법률」 제36조제1항ㆍ제5항에 따른 입목벌채등의 허가ㆍ신고 및 「산림보호법」 제9조제1항 및 제2항제1호ㆍ제2호에 따른 산림보호구역(산림유전자원보호구역은 제외한다)에서의 행위의 허가ㆍ신고"
000289,246747,호,27,12. 「사방사업법」 제14조제1항에 따른 사방지 안에서의 행위허가
000289,246747,호,28,13. 「하천법」 제33조제1항에 따른 하천의 점용 등 허가
000289,246747,호,29,14. 「공유재산 및 물품 관리법」 제20조제1항에 따른 공유지의 사용 및 수익허가
000289,246747,호,30,15. 「항만법」 제9조제2항에 따른 항만개발사업 시행의 허가
000289,246747,항,31,② 산업통상자원부장관은 제3조제1항 본문 또는 제3항 본문에 따른 공사계획의 인가 또는 변경인가를 할 때에 그 공사계획에 제1항 각 호의 어느 하나에 해당하는 사항이 포함되어 있으면 관계 행정기관의 장과 협의하여야 한다. <개정 2013.3.23>
000289,246747,항,32,③ 송유관설치자는 제3조제1항 본문 또는 제3항 본문에 따른 공사계획의 인가 또는 변경인가를 받았을 때에는 제1항 각 호의 법률에 따른 허가등과 관련된 수수료ㆍ점용료ㆍ사용료 등을 내야 한다.
000289,246747,조문,33,제5조(완성검사 등)
000289,246747,항,34,① 송유관설치자가 해당 송유관의 공사를 완성하였을 때에는 산업통상자원부장관의 완성검사를 받아야 한다. <개정 2013.3.23>
000289,246747,항,35,② 제1항에 따른 완성검사의 기준은 다음 각 호와 같다.
000289,246747,호,36,1. 해당 공사가 제3조제1항 본문에 따른 인가를 받은 공사계획(제3조제3항 본문에 따른 변경인가를 받은 경우에는 그 변경인가를 받은 공사계획을 포함한다)에 부합되는지의 여부
000289,246747,호,37,2. 기술기준에 맞게 완성되었는지의 여부
000289,246747,항,38,③ 송유관설치자는 인가받은 공사계획에 따라 송유관의 일부가 완성되었을 때에는 산업통상자원부장관의 사용검사를 받아 이를 사용할 수 있다. <개정 2013.3.23>
000289,246747,항,39,④ 제3항에 따른 검사의 기준은 제2항을 준용한다.
000289,246747,항,40,⑤ 송유관설치자는 제1항에 따른 완성검사 또는 제3항에 따른 사용검사에 합격한 후가 아니면 송유관을 사용하여서는 아니 된다.
000289,246747,조문,41,제6조(안전관리규정)
000289,246747,항,42,"① 송유관설치자 또는 송유관관리자(이하 ""송유관설치자등""이라 한다)는 송유관의 안전을 확보하기 위하여 석유 누출사고 발생 시의 긴급대처방안 및 안전관리체계 등 산업통상자원부령으로 정하는 사항을 포함한 안전관리규정을 정하여 송유관을 운영하기 전에 산업통상자원부장관의 인가를 받아야 한다. 이를 변경하려는 경우에도 또한 같다. <개정 2013.3.23>"
000289,246747,항,43,② 송유관설치자등과 그 종사자는 제1항에 따른 안전관리규정을 지켜야 한다.
000289,246747,항,44,③ 산업통상자원부장관은 송유관설치자등과 그 종사자가 제1항에 따른 안전관리규정을 지키고 있는지를 확인하여야 한다. <개정 2013.3.23>
000289,246747,조문,45,제7조(안전관리자)
000289,246747,항,46,① 송유관설치자등은 송유관에 대한 안전관리를 위하여 안전관리자를 선임하여야 한다.
000289,246747,항,47,② 제1항에 따라 안전관리자를 선임한 송유관설치자등은 안전관리자를 해임하거나 안전관리자가 퇴직하였을 때에는 해임하거나 퇴직한 날부터 산업통상자원부령으로 정하는 기간까지 다른 안전관리자를 선임하여야 한다. <개정 2013.3.23>
000289,246747,항,48,③ 안전관리자를 선임한 송유관설치자등은 선임한 날부터 산업통상자원부령으로 정하는 기간까지 산업통상자원부장관에게 이를 신고하여야 한다. <개정 2013.3.23>
000289,246747,항,49,④ 송유관설치자등은 다음 각 호의 어느 하나에 해당하는 경우에는 대리자를 지정하여 일시적으로 안전관리자의 직무를 대행하게 하여야 한다.
000289,246747,호,50,"1. 안전관리자가 여행, 질병, 그 밖의 사유로 일시적으로 그 직무를 수행할 수 없는 경우"
000289,246747,호,51,2. 안전관리자가 해임되거나 퇴직한 후 후임자가 선임되지 아니한 경우
000289,246747,항,52,⑤ 안전관리자의 자격ㆍ직무범위 및 안전관리자의 대리자의 대행 기간과 그 밖에 필요한 사항은 대통령령으로 정한다. <개정 2016.12.27>
000289,246747,조문,53,제8조(안전검사)
000289,246747,항,54,① 송유관설치자등은 송유관에 대하여 산업통상자원부장관의 안전검사를 받아야 한다. <개정 2013.3.23>
000289,246747,항,55,"② 제1항에 따른 안전검사의 대상ㆍ기준ㆍ방법ㆍ기간, 그 밖에 검사에 필요한 사항은 산업통상자원부령으로 정한다. <개정 2013.3.23>"
000289,246747,조문,56,제8조의2(정밀안전진단의 실시 등)
000289,246747,항,57,"① 송유관설치자등은 산업통상자원부령으로 정하는 송유관에 대하여 「고압가스 안전관리법」 제28조에 따라 설립된 한국가스안전공사(이하 ""공사""라 한다)가 실시하는 정밀안전진단을 정기적으로 받아야 한다."
000289,246747,항,58,"② 공사는 제1항에 따라 실시한 정밀안전진단 결과를 산업통상자원부령으로 정하는 바에 따라 정밀안전진단을 받은 자에게 통보하고, 산업통상자원부장관에게 보고하여야 한다."
000289,246747,항,59,③ 산업통상자원부장관은 제1항에 따른 정밀안전진단 실시 결과 송유관 개선 등이 필요한 경우에는 정밀안전진단을 받은 자에게 산업통상자원부령으로 정하는 바에 따라 보수ㆍ보강 등 필요한 조치를 명할 수 있다.
000289,246747,항,60,"④ 제1항에 따른 송유관의 정밀안전진단의 시기ㆍ기준ㆍ방법, 그 밖에 정밀안전진단에 필요한 사항은 산업통상자원부령으로 정한다."
000289,246747,조문,61,제9조(타인의 토지에의 출입 등)
000289,246747,항,62,"① 송유관설치자는 송유관공사에 관한 실지조사, 측량 및 시공을 위하여 필요하면 타인의 토지에 출입하거나 타인의 토지를 사용하거나 타인의 식물이나 그 밖의 장애물을 변경 또는 제거할 수 있다."
000289,246747,항,63,"② 제1항에 따른 토지에의 출입, 토지의 사용 및 식물이나 그 밖의 장애물의 변경ㆍ제거와 그 보상에 대하여는 「공익사업을 위한 토지 등의 취득 및 보상에 관한 법률」을 준용한다."
000289,246747,조문,64,제10조(송유관의 보존)
000289,246747,항,65,① 송유관설치자는 타인의 식물이나 그 밖의 장애물이 송유관의 보존에 지장을 주거나 줄 우려가 있다고 인정하면 그 식물이나 그 밖의 장애물을 변경하거나 제거할 수 있다.
000289,246747,항,66,② 제1항에 따른 식물이나 그 밖의 장애물의 변경 및 제거에 관하여는 제9조제2항을 준용한다.
000289,246747,조문,67,제11조(권한의 위임ㆍ위탁)
000289,246747,항,68,① 이 법에 따른 산업통상자원부장관의 권한은 그 일부를 대통령령으로 정하는 바에 따라 특별시장ㆍ광역시장ㆍ도지사 또는 특별자치도지사에게 위임할 수 있다. <개정 2013.3.23>
000289,246747,항,69,"② 이 법에 따른 산업통상자원부장관의 권한 중 다음 각 호의 업무는 공사에 위탁할 수 있다. <개정 2013.3.23, 2021.6.15>"
000289,246747,호,70,1. 제5조제1항에 따른 완성검사
000289,246747,호,71,2. 제5조제3항에 따른 사용검사
000289,246747,호,72,3. 제6조제3항에 따른 안전관리규정의 준수 여부 확인
000289,246747,호,73,4. 제7조제3항에 따른 안전관리자 선임신고의 접수
000289,246747,호,74,5. 제8조제1항에 따른 안전검사
000289,246747,조문,75,제12조(벌칙 적용 시의 공무원 의제) 산업통상자원부장관이 제11조제2항에 따라 위탁한 업무에 종사하는 공사의 임직원은 「형법」 제129조부터 제132조까지의 규정에 따른 벌칙을 적용할 때에는 공무원으로 본다. <개정 2013.3.23>
000289,246747,조문,76,제13조(벌칙)
000289,246747,항,77,① 다음 각 호의 어느 하나에 해당하는 자는 3년 이상 10년 이하의 징역 또는 1억5천만원 이하의 벌금에 처하거나 이를 병과(倂科)할 수 있다.
000289,246747,호,78,1. 송유관을 손괴 또는 제거하거나 송유관의 기능에 장애를 일으켜 석유의 원활한 수송을 방해한 자
000289,246747,호,79,2. 송유관에 석유를 절취하기 위한 시설을 설치한 자
000289,246747,항,80,② 업무상 과실 또는 중대한 과실로 인하여 제1항제1호의 죄를 범한 자는 5년 이하의 금고 또는 2천만원 이하의 벌금에 처한다.
000289,246747,항,81,③ 송유관설치자등의 승낙 없이 송유관을 조작함으로써 석유의 원활한 수송을 방해한 자는 3년 이상 10년 이하의 징역 또는 1억5천만원 이하의 벌금에 처하거나 이를 병과할 수 있다.
000289,246747,항,82,④ 제1항 또는 제3항을 위반하여 타인을 죽거나 다치게 한 자는 5년 이상의 유기징역에 처한다.
000289,246747,항,83,⑤ 제2항의 죄를 범하여 타인을 죽거나 다치게 한 때에는 10년 이하의 금고 또는 1억원 이하의 벌금에 처한다.
000289,246747,항,84,⑥ 제1항 및 제3항에 따른 미수범은 처벌한다.
000289,246747,조문,85,제13조의2(벌칙)
000289,246747,항,86,① 제13조제1항제2호의 시설을 이용하여 송유관에서 석유를 절취한 자는 2년 이상 10년 이하의 징역 또는 1억원 이하의 벌금에 처한다.
000289,246747,항,87,② 제1항의 미수범은 처벌한다.
000289,246747,조문,88,제13조의3(벌칙) 송유관에서 절취된 석유임을 알면서 이를 취득ㆍ양도ㆍ운반ㆍ보관하거나 이러한 행위를 알선한 자는 1년 이상 10년 이하의 징역 또는 5천만원 이하의 벌금에 처한다.
000289,246747,조문,89,제14조(벌칙) 다음 각 호의 어느 하나에 해당하는 자는 3년 이하의 징역 또는 3천만원 이하의 벌금에 처한다.
000289,246747,항,90,
000289,246747,호,91,1. 제3조제1항 본문 또는 제3항 본문에 따른 인가 또는 변경인가를 받지 아니하고 송유관을 설치한 자
000289,246747,호,92,2. 제5조제5항을 위반하여 송유관을 사용한 자
000289,246747,호,93,3. 제6조제1항에 따른 안전관리규정의 인가를 받지 아니하고 송유관을 운영한 자
000289,246747,호,94,4. 제6조제2항에 따른 안전관리규정의 준수의무를 위반한 자
000289,246747,호,95,5. 제7조제1항 또는 제2항을 위반하여 안전관리자를 선임하지 아니한 자
000289,246747,조문,96,제15조(벌칙) 다음 각 호의 어느 하나에 해당하는 자는 1년 이하의 징역 또는 1천만원 이하의 벌금에 처한다. <개정 2021.6.15>
000289,246747,항,97,
000289,246747,호,98,1. 제8조제1항에 따른 안전검사를 거부ㆍ방해 또는 기피한 자
000289,246747,호,99,2. 제8조의2제1항에 따른 정밀안전진단을 거부ㆍ방해 또는 기피한 자
000289,246747,조문,100,제16조(양벌규정)
000289,246747,항,101,"① 법인의 대표자, 대리인, 사용인, 그 밖의 종업원이 그 법인의 업무에 관하여 제13조부터 제15조까지의 위반행위를 하면 그 행위자를 벌할 뿐만 아니라 그 법인에도 해당 조문의 벌금형을 과(科)한다. 다만, 법인이 그 위반행위를 방지하기 위하여 그 업무에 관하여 상당한 주의와 감독을 게을리하지 아니한 때에는 그러하지 아니하다."
000289,246747,항,102,"② 개인의 대리인, 사용인, 그 밖의 종업원이 그 개인의 업무에 관하여 제13조부터 제15조까지의 위반행위를 하면 그 행위자를 벌할 뿐만 아니라 그 개인에게도 해당 조문의 벌금형을 과한다. 다만, 개인이 그 위반행위를 방지하기 위하여 그 업무에 관하여 상당한 주의와 감독을 게을리하지 아니한 때에는 그러하지 아니하다."
000289,246747,조문,103,제17조(과태료)
000289,246747,항,104,"① 다음 각 호의 어느 하나에 해당하는 자에게는 3천만원 이하의 과태료를 부과한다. <신설 2016.12.27, 2021.6.15>"
000289,246747,호,105,1. 제7조제4항을 위반하여 직무 대리자를 지정하지 아니한 자
000289,246747,호,106,2. 제8조의2제3항에 따른 명령을 이행하지 아니한 자
000289,246747,항,107,② 다음 각 호의 어느 하나에 해당하는 자에게는 300만원 이하의 과태료를 부과한다. <개정 2016.12.27>
000289,246747,호,108,1. 제3조제1항 단서에 따른 신고를 하지 아니하거나 거짓으로 신고한 자
000289,246747,호,109,2. 제3조제3항 단서에 따른 신고를 하지 아니하거나 거짓으로 신고한 자
000289,246747,호,110,3. 제6조제3항에 따른 확인을 거부ㆍ방해 또는 기피한 자
000289,246747,호,111,4. 제7조제3항에 따른 신고를 하지 아니하거나 거짓으로 신고한 자
000289,246747,항,112,"③ 제1항 및 제2항에 따른 과태료는 대통령령으로 정하는 바에 따라 산업통상자원부장관이 부과ㆍ징수한다. <개정 2013.3.23, 2016.12.27>"
000289,246747,항,113,④ 삭제 <2017.11.28>
000289,246747,항,114,⑤ 삭제 <2017.11.28>
000289,246747,항,115,⑥ 삭제 <2017.11.28>
