법령일련번호,MST,구분,문장번호,내용
000975,223475,조문,1,제1조(목적) 이 법은 사격과 사격장으로 인한 위험과 재해를 미리 방지하여 공공의 안전을 확보하는 것을 목적으로 한다.
000975,223475,조문,2,제2조(정의) 이 법에서 사용하는 용어의 뜻은 다음과 같다.
000975,223475,항,3,
000975,223475,호,4,"1. ""사격""이란 총기 또는 석궁을 사용하여 실탄 또는 화살 등을 발사하는 모든 행위를 말한다."
000975,223475,호,5,"2. ""사격장""이란 사격을 할 수 있도록 시설을 갖춘 특정 장소를 말한다."
000975,223475,호,6,"3. ""사격장설치자""란 제6조제1항에 따라 사격장의 설치허가를 받은 자를 말한다."
000975,223475,조문,7,"제3조(적용배제) 경찰, 군, 그 밖의 국가기관(그 구성원이 법령에 따라 무기를 휴대할 수 있는 국가기관을 말한다)이 설치하는 사격장 및 그 구성원이 공무상 목적으로 실시하는 사격에 대하여는 이 법을 적용하지 아니한다."
000975,223475,조문,8,"제4조(사격의 금지) 사격은 사격장 외의 장소에서는 하지 못한다. 다만, 다른 법령에서 허용하는 경우에는 그러하지 아니하다."
000975,223475,조문,9,제5조(사격장의 종류 등)
000975,223475,항,10,"① 사격장은 실외사격장과 실내사격장으로 구분하고, 그 종류ㆍ구조ㆍ위치ㆍ설비 및 기준은 대통령령으로 정한다."
000975,223475,항,11,② 사격장설치자는 안전사고를 방지하기 위하여 대통령령으로 정하는 바에 따라 사격장의 주요 지점에 폐쇄회로 텔레비전을 설치하여야 한다.
000975,223475,조문,12,제6조(사격장의 설치허가)
000975,223475,항,13,① 사격장을 설치하려는 자는 다음 각 호의 구분에 따라 경찰서장이나 지방경찰청장의 허가를 받아야 한다. 사격장의 위치와 대통령령으로 정하는 주요 구조설비를 변경하려는 경우에도 또한 같다.
000975,223475,호,14,1. 공기총(가스를 이용하는 것을 포함한다. 이하 같다)사격장 및 석궁사격장: 경찰서장
000975,223475,호,15,2. 제1호 외의 사격장: 지방경찰청장
000975,223475,항,16,② 제1항에 따른 사격장의 설치허가에 필요한 사항은 대통령령으로 정한다.
000975,223475,조문,17,제6조의2(휴업ㆍ폐업의 신고)
000975,223475,항,18,"① 사격장설치자는 사격장을 1년 이내의 범위에서 휴업할 수 있다. 다만, 정당한 사유가 있는 경우에는 그 기간을 연장할 수 있다."
000975,223475,항,19,"② 사격장설치자가 사격장을 폐업하거나 15일 이상 1년 이내의 기간 동안 휴업하려면 행정안전부령으로 정하는 바에 따라 제6조제1항에 따른 사격장의 설치 허가관청(이하 ""허가관청""이라 한다)에 신고하여야 한다. 그 기간을 연장하는 경우에도 또한 같다. <개정 2013.3.23, 2014.11.19, 2017.7.26>"
000975,223475,조문,20,"제7조(결격사유) 다음 각 호의 어느 하나에 해당하는 자는 제6조제1항에 따른 사격장의 설치허가(이하 ""사격장 설치허가""라 한다)를 받을 수 없다. <개정 2014.12.30, 2015.1.6>"
000975,223475,항,21,
000975,223475,호,22,1. 피성년후견인ㆍ피한정후견인ㆍ미성년자
000975,223475,호,23,2. 파산선고를 받고 복권(復權)되지 아니한 사람
000975,223475,호,24,"3. 마약, 대마(大麻), 그 밖의 향정신성의약품(向精神性醫藥品) 중독자. 다만, 정신과전문의가 사격장설치자로서 적합하다고 인정하는 사람은 그러하지 아니하다."
000975,223475,호,25,4. 금고(禁錮) 이상의 형(刑)을 선고받고 그 집행이 끝나거나 집행을 받지 아니하기로 확정된 후 2년이 지나지 아니한 사람
000975,223475,호,26,5. 금고 이상의 형을 선고받고 그 집행유예기간 중에 있는 사람
000975,223475,호,27,6. 이 법이나 「총포ㆍ도검ㆍ화약류 등의 안전관리에 관한 법률」을 위반하여 벌금 이상의 형을 선고받고 그 집행이 끝나거나 집행을 받지 아니하기로 확정된 후 1년이 지나지 아니한 자
000975,223475,호,28,7. 제18조제1항에 따라 사격장 설치허가가 취소된 날부터 3년이 지나지 아니한 자
000975,223475,호,29,8. 임원 중에 제1호부터 제6호까지의 어느 하나에 해당하는 사람이 있는 법인 또는 단체
000975,223475,조문,30,"제8조(사격장 설치의 제한) 다음 각 호의 어느 하나에 해당하는 시설 또는 장소로부터 200미터 이내의 주변에는 실외사격장을 설치하지 못한다. 다만, 위해(危害)를 예방하기 위하여 필요한 설비 또는 지형지물(地形地物) 등이 있는 장소로서 대통령령으로 정하는 경우에는 그러하지 아니하다. <개정 2016.1.27>"
000975,223475,항,31,
000975,223475,호,32,1. 관공서
000975,223475,호,33,2. 「초ㆍ중등교육법」 및 「고등교육법」에 따른 학교
000975,223475,호,34,3. 병원
000975,223475,호,35,4. 공원
000975,223475,호,36,5. 사찰 또는 교회
000975,223475,호,37,6. 주택
000975,223475,호,38,7. 「영유아보육법」에 따른 어린이집
000975,223475,호,39,8. 「유아교육법」에 따른 유치원
000975,223475,호,40,9. 그 밖에 대통령령으로 정하는 시설 또는 장소
000975,223475,조문,41,제9조(보관설비)
000975,223475,항,42,① 사격장설치자(석궁사격장설치자는 제외한다)는 사격장 내에 총기격납고와 실탄저장소를 따로 설치하고 총기와 실탄을 분리하여 보관하여야 한다.
000975,223475,항,43,② 석궁사격장설치자는 사격장 내에 석궁(화살을 포함한다. 이하 같다)격납고를 설치하여야 한다.
000975,223475,항,44,"③ 제1항과 제2항에 따른 총기격납고ㆍ실탄저장소 및 석궁격납고의 시설기준과 실탄저장소의 실탄저장량은 행정안전부령으로 정한다. <개정 2013.3.23, 2014.11.19, 2017.7.26>"
000975,223475,조문,45,제10조(완성검사 등)
000975,223475,항,46,"① 사격장설치자는 사격장 설치허가 또는 사격장의 주요 구조설비의 변경허가를 받은 날부터 1년 이내에 그 시설이나 설비에 대하여 행정안전부령으로 정하는 바에 따라 허가관청의 검사를 받아야 하고, 그 검사에 합격하기 전에는 업무를 시작하거나 시설ㆍ설비를 사용할 수 없다. 다만, 부득이한 사유가 있는 경우에는 1년을 초과하지 아니하는 범위에서 그 기간을 연장할 수 있다. <개정 2013.3.23, 2014.11.19, 2017.7.26>"
000975,223475,항,47,"② 사격장설치자는 제1항에 따른 완성검사에 합격한 후 6개월 이내에 영업을 시작하여야 한다. 다만, 부득이한 사유가 있는 경우에는 6개월을 초과하지 아니하는 범위에서 그 기간을 연장할 수 있다."
000975,223475,조문,48,제10조의2(사격장설치자의 안전점검의무) 사격장설치자는 사격 후 잔류화약 등이 사격장 안에 남아있지 아니하도록 대통령령으로 정하는 바에 따라 월 1회 이상 안전점검을 실시하여야 한다.
000975,223475,조문,49,제11조(관리자의 선임 등)
000975,223475,항,50,① 사격장설치자는 사격장마다 관리자를 두어야 한다.
000975,223475,항,51,② 사격장설치자가 제1항에 따라 관리자를 선임하면 대통령령으로 정하는 바에 따라 허가관청에 신고하여야 한다. 관리자를 해임한 경우에도 또한 같다.
000975,223475,항,52,③ 관리자의 자격기준과 직무에 관하여는 대통령령으로 정한다.
000975,223475,조문,53,제12조(총기 등의 대여)
000975,223475,항,54,① 사격장설치자는 사격을 하려는 사람이 총기나 석궁의 대여를 요청하면 「총포ㆍ도검ㆍ화약류 등의 안전관리에 관한 법률」 제12조제1항에 따라 사격용으로 소지허가를 받아 보관 중인 총기와 실탄 또는 석궁을 그 사격장에서 사격용으로 사용할 수 있도록 대여할 수 있다. 이 경우 사격이 끝나면 대여한 총기와 사격 후 남은 실탄(탄피를 포함한다) 또는 석궁을 즉시 회수하여야 한다. <개정 2015.1.6>
000975,223475,항,55,"② 제1항에 따라 총기(실탄을 포함한다. 이하 같다)나 석궁을 대여하거나 회수하는 경우에는 행정안전부령으로 정하는 바에 따라 총기 등 대여대장(貸與臺帳)에 기록하여야 한다. <개정 2013.3.23, 2014.11.19, 2017.7.26>"
000975,223475,조문,56,"제13조(사격의 제한) 사격장설치자는 다음 각 호의 어느 하나에 해당하는 사람에게는 사격을 하게 하여서는 아니 된다. <개정 2015.3.27, 2020.12.8>"
000975,223475,항,57,
000975,223475,호,58,"1. 14세 미만인 사람. 다만, 다음 각 목의 어느 하나에 해당하는 사람이 사격경기용 총기나 석궁으로 사격하는 경우는 제외한다."
000975,223475,목,59,가. 「국민체육진흥법」 제33조에 따른 대한체육회에 가맹된 사격 또는 석궁 관련 경기단체에 선수로 등록된 사람
000975,223475,목,60,나. 「초ㆍ중등교육법」 제2조에 따른 초등학교와 중학교의 사격 또는 석궁 관련 선수단에 소속된 사람
000975,223475,호,61,2. 심신상실자
000975,223475,호,62,"2의2. 「장애인복지법」 제2조제2항에 따른 장애인 중 지적장애인, 정신장애인, 그 밖의 중증장애인으로서 사리분별 능력이 없는 사람 중 대통령령으로 정하는 기준에 해당하는 사람"
000975,223475,호,63,3. 음주자
000975,223475,호,64,4. 그 밖에 위해를 발생하게 할 우려가 있는 사람
000975,223475,조문,65,제14조(사고 발생의 신고) 사격장설치자는 다음 각 호의 어느 하나에 해당하면 지체 없이 사격장 소재지를 관할하는 경찰서장에게 신고하여야 한다.
000975,223475,항,66,
000975,223475,호,67,1. 사격으로 사람이 죽거나 다치거나 그 밖의 사고가 발생한 경우
000975,223475,호,68,2. 보관 중인 총기나 석궁을 도난당하거나 분실한 경우
000975,223475,조문,69,제15조(감독)
000975,223475,항,70,"① 허가관청은 필요하다고 인정하면 소속 공무원으로 하여금 사격장의 시설, 장부, 서류, 그 밖의 물건을 검사하게 하거나 관계자에게 필요한 질문을 하게 할 수 있다."
000975,223475,항,71,"② 제1항에 따라 검사를 하는 경우에는 검사 7일 전까지 검사일시, 검사목적 및 검사내용 등에 관한 검사계획을 사격장설치자에게 통지하여야 한다. 다만, 긴급을 요하거나 검사계획이 알려짐으로써 검사목적을 달성할 수 없다고 인정하는 경우에는 그러하지 아니하다."
000975,223475,항,72,③ 제1항에 따라 검사나 질문을 하는 공무원은 그 권한을 표시하는 증표를 지니고 이를 관계인에게 보여주어야 한다.
000975,223475,조문,73,제16조(정기점검)
000975,223475,항,74,① 허가관청은 위해를 방지하기 위하여 1년에 한 번 이상 정기적으로 사격장을 점검하여야 한다.
000975,223475,항,75,"② 제1항에 따른 정기점검의 내용, 방법, 그 밖에 필요한 사항은 행정안전부령으로 정한다. <개정 2013.3.23, 2014.11.19, 2017.7.26>"
000975,223475,조문,76,제17조(시정 명령) 허가관청은 위해를 방지하기 위하여 필요하다고 인정하면 사격장설치자에게 대통령령으로 정하는 바에 따라 사격장 시설의 보완이나 변경 등 시정을 명령할 수 있다.
000975,223475,조문,77,제18조(사격장 설치허가의 취소 등)
000975,223475,항,78,"① 허가관청은 사격장설치자가 다음 각 호의 어느 하나에 해당하면 사격장 설치허가를 취소할 수 있다. 다만, 제3호 또는 제6호에 해당하면 허가를 취소하여야 한다."
000975,223475,호,79,1. 제6조제1항 후단을 위반하여 허가를 받지 아니하고 사격장의 위치나 주요 구조설비를 변경한 경우
000975,223475,호,80,2. 제6조의2를 위반하여 정당한 사유 없이 계속하여 1년을 초과하여 휴업한 경우
000975,223475,호,81,3. 사격장설치자가 제7조 각 호의 어느 하나에 해당하게 된 경우
000975,223475,호,82,4. 제10조제1항을 위반하여 기간 내에 사격장의 시설이나 설비에 대하여 허가관청의 검사를 받지 아니한 경우
000975,223475,호,83,5. 제10조제1항에 따른 검사에 합격한 후 같은 조 제2항에 따른 기간 내에 영업을 시작하지 아니한 경우
000975,223475,호,84,6. 제2항에 따른 사격장 운영 정지기간 중에 사격장 영업을 한 경우
000975,223475,호,85,7. 최근 3년 내에 3회 이상 제2항에 따른 사격장 운영 정지처분을 받게 된 경우
000975,223475,호,86,8. 제17조에 따른 허가관청의 시정 명령을 위반한 경우
000975,223475,항,87,② 허가관청은 사격장설치자가 다음 각 호의 어느 하나에 해당하면 6개월 이내의 범위에서 사격장의 운영을 정지시킬 수 있다.
000975,223475,호,88,1. 사격장의 구조ㆍ위치ㆍ설비가 제5조제1항에 따른 기준에 맞지 아니하거나 총기격납고ㆍ실탄저장소 및 석궁격납고가 제9조제3항에 따른 기준에 맞지 아니한 경우
000975,223475,호,89,2. 제5조제2항을 위반하여 폐쇄회로 텔레비전을 설치하지 아니한 경우
000975,223475,호,90,3. 제9조제1항을 위반하여 총기격납고와 실탄저장소를 따로 설치하지 아니하거나 총기와 실탄을 분리보관하지 아니한 경우
000975,223475,호,91,4. 제9조제2항을 위반하여 석궁격납고를 설치하지 아니한 경우
000975,223475,호,92,5. 제9조제3항을 위반하여 실탄저장량을 초과하여 저장한 경우
000975,223475,호,93,6. 제10조의2를 위반하여 안전점검을 실시하지 아니한 경우
000975,223475,호,94,7. 제11조제1항을 위반하여 사격장 관리자를 두지 아니한 경우
000975,223475,호,95,8. 제12조제1항 후단을 위반하여 사격이 끝난 후 즉시 대여한 총기나 석궁을 회수하지 아니하거나 같은 조 제2항을 위반하여 총기 등 대여대장을 기록하지 아니한 경우
000975,223475,호,96,9. 제13조를 위반하여 사격이 제한되는 사람에게 사격을 하게 한 경우
000975,223475,호,97,10. 제14조를 위반하여 사격으로 인한 사고 발생이나 보관 중인 총기 또는 석궁의 도난ㆍ분실을 신고하지 아니하거나 거짓으로 신고한 경우
000975,223475,호,98,11. 제15조제1항에 따른 검사나 질문을 거부ㆍ방해 또는 기피한 경우
000975,223475,호,99,12. 제16조제1항에 따른 정기점검을 거부ㆍ방해 또는 기피한 경우
000975,223475,호,100,13. 제19조에 따른 사격장 사용제한이나 사격 중지 명령을 위반한 경우
000975,223475,조문,101,제18조의2(청문) 허가관청은 제18조제1항에 따라 사격장 설치허가를 취소하려면 청문을 하여야 한다.
000975,223475,조문,102,제19조(사격장 사용의 제한 등) 허가관청은 위해를 방지하거나 공공의 안전을 유지하기 위하여 필요하다고 인정하면 사격장설치자에게 사격장 사용의 제한이나 사격의 중지를 명령할 수 있다.
000975,223475,조문,103,제20조(수수료) 제6조제1항에 따라 사격장 설치허가를 받으려는 자나 허가증을 재발급받으려는 자는 대통령령으로 정하는 수수료를 내야 한다.
000975,223475,조문,104,제21조 삭제 <2001.1.26>
000975,223475,조문,105,제22조(벌칙) 다음 각 호의 어느 하나에 해당하는 자는 1년 이하의 징역 또는 300만원 이하의 벌금에 처한다.
000975,223475,항,106,
000975,223475,호,107,1. 제4조를 위반하여 사격장 외의 장소에서 사격을 한 사람
000975,223475,호,108,2. 제6조제1항 전단을 위반하여 사격장 설치허가를 받지 아니하고 사격장을 설치한 자
000975,223475,호,109,3. 제6조제1항 후단을 위반하여 허가를 받지 아니하고 사격장의 위치나 주요 구조설비를 변경한 자
000975,223475,조문,110,제23조(벌칙) 다음 각 호의 어느 하나에 해당하는 자는 200만원 이하의 벌금에 처한다.
000975,223475,항,111,
000975,223475,호,112,1. 제9조제1항을 위반하여 분리보관하지 아니한 자
000975,223475,호,113,2. 제10조제1항을 위반하여 검사에 합격하기 전에 업무를 시작하거나 시설ㆍ설비를 사용한 자
000975,223475,호,114,3. 제11조제1항을 위반하여 사격장 관리자를 두지 아니한 자
000975,223475,호,115,4. 제13조를 위반하여 사격이 제한되는 사람에게 사격을 하게 한 자
000975,223475,조문,116,제23조의2(벌칙) 다음 각 호의 어느 하나에 해당하는 자는 100만원 이하의 벌금에 처한다.
000975,223475,항,117,
000975,223475,호,118,1. 제12조제1항 후단을 위반하여 사격이 끝난 후 즉시 대여한 총기나 석궁을 회수하지 아니한 자
000975,223475,호,119,2. 제19조에 따른 사격장 사용제한이나 사격 중지 명령을 위반한 자
000975,223475,조문,120,제24조(과태료)
000975,223475,항,121,① 다음 각 호의 어느 하나에 해당하는 자에게는 100만원 이하의 과태료를 부과한다.
000975,223475,호,122,1. 제10조의2의 안전점검을 실시하지 아니한 사격장설치자
000975,223475,호,123,2. 제15조제1항에 따른 검사나 질문을 거부ㆍ방해 또는 기피한 자
000975,223475,호,124,3. 제16조제1항에 따른 정기점검을 거부ㆍ방해 또는 기피한 자
000975,223475,항,125,② 다음 각 호의 어느 하나에 해당하는 자에게는 50만원 이하의 과태료를 부과한다.
000975,223475,호,126,1. 다음 각 목의 어느 하나에 해당하는 신고를 하지 아니하거나 거짓으로 신고한 자
000975,223475,목,127,가. 제6조의2제2항에 따른 사격장의 폐업이나 휴업 등의 신고
000975,223475,목,128,나. 제11조제2항에 따른 사격장 관리자의 선임이나 해임의 신고
000975,223475,목,129,다. 제14조에 따른 사격으로 인한 사고 발생이나 보관 중인 총기 또는 석궁의 도난ㆍ분실 신고
000975,223475,호,130,2. 제12조제2항을 위반하여 총기ㆍ석궁의 대여 또는 회수 상황을 총기 등의 대여대장에 기록하지 아니한 자
000975,223475,항,131,③ 제1항과 제2항에 따른 과태료는 대통령령으로 정하는 바에 따라 지방경찰청장이나 경찰서장이 부과ㆍ징수한다.
000975,223475,조문,132,"제25조(양벌규정) 법인의 대표자나 법인 또는 개인의 대리인, 사용인, 그 밖의 종업원이 그 법인 또는 개인의 업무에 관하여 제22조, 제23조 및 제23조의2의 어느 하나에 해당하는 위반행위를 하면 그 행위자를 벌하는 외에 그 법인 또는 개인에게도 해당 조문의 벌금형을 과(科)한다. 다만, 법인 또는 개인이 그 위반행위를 방지하기 위하여 해당 업무에 관하여 상당한 주의와 감독을 게을리하지 아니한 경우에는 그러하지 아니하다."
