법령일련번호,MST,구분,문장번호,내용
011235,243617,조문,1,제1조(목적) 이 영은 「디엔에이신원확인정보의 이용 및 보호에 관한 법률」에서 위임된 사항과 그 시행에 필요한 사항을 규정함을 목적으로 한다.
011235,243617,조문,2,제2조(정의) 이 영에서 사용하는 용어의 뜻은 다음과 같다.
011235,243617,항,3,
011235,243617,호,4,"1. ""인적사항등""이란 「디엔에이신원확인정보의 이용 및 보호에 관한 법률」(이하 ""법""이라 한다) 제5조 또는 제6조에 따른 디엔에이감식시료 채취대상자의 성명, 주민등록번호(외국인의 경우에는 외국인등록번호, 여권번호 등을 말한다) 등 인적사항 및 디엔에이감식시료의 채취 또는 그 원인이 된 사건과 관련된 정보를 말한다."
011235,243617,호,5,"2. ""식별코드""란 개인 식별을 위하여 법 제5조 또는 제6조에 따른 디엔에이감식시료 채취대상자의 인적사항을 대신하여 디엔에이신원확인정보데이터베이스(이하 ""데이터베이스""라 한다)에 수록되는 것으로 숫자, 문자 또는 기호 등을 조합하여 생성된 분류체계를 말한다."
011235,243617,조문,6,제3조(디엔에이인적관리시스템의 운영)
011235,243617,항,7,"① 검찰총장 및 경찰청장은 다음 각 호의 업무에 이용하기 위하여 하드웨어, 소프트웨어, 데이터베이스, 네트워크, 보안요소 등이 결합되어 구축된 디엔에이인적관리시스템(이하 ""인적관리시스템""이라 한다)을 서로 연계하여 운영하는 등 필요한 조치를 하여야 한다."
011235,243617,호,8,1. 인적사항등 및 식별코드의 관리업무
011235,243617,호,9,2. 디엔에이감식 및 디엔에이신원확인정보의 검색ㆍ회보와 관련된 인적사항등의 확인업무
011235,243617,호,10,3. 디엔에이감식시료의 중복 채취 및 채취 누락 확인업무
011235,243617,호,11,4. 디엔에이신원확인정보의 삭제사유 확인업무
011235,243617,항,12,② 인적관리시스템은 「형사사법절차 전자화 촉진법」에 따른 형사사법정보시스템을 이용할 수 있다.
011235,243617,조문,13,제4조(디엔에이인적관리자)
011235,243617,항,14,① 검찰총장 및 경찰청장은 식별코드의 생성ㆍ부착 및 제3조제1항 각 호의 업무를 담당할 디엔에이인적관리자를 소속 공무원 중에서 지정할 수 있다.
011235,243617,항,15,② 디엔에이인적관리자는 인적관리시스템에 정보를 입력하거나 수정ㆍ삭제하기 위하여 그가 소속된 기관의 공무원 중에서 인적관리시스템에 접속할 권한을 부여받을 사람을 지정할 수 있다.
011235,243617,항,16,"③ 디엔에이인적관리자는 검사 또는 사법경찰관이 디엔에이감식시료의 중복 채취 확인, 관련 사건의 수사 등을 위하여 인적관리시스템을 열람할 수 있도록 조치할 수 있다."
011235,243617,항,17,④ 디엔에이인적관리자는 인적관리시스템을 검색한 결과 법 제5조 및 제6조에 따른 디엔에이감식시료 채취대상자에 대한 디엔에이감식시료 채취가 누락된 사실을 발견한 경우 지체 없이 검사(군검사를 포함한다. 이하 같다) 또는 사법경찰관(군사법경찰관을 포함한다. 이하 같다)에게 그 사실을 통보하여야 한다. <개정 2022.6.30>
011235,243617,조문,18,"제5조(데이터베이스의 연계) 검찰총장 및 경찰청장은 법 제4조제3항에 따라 데이터베이스를 서로 연계하여 운영할 때에는 데이터베이스의 수록내용을 상호 열람, 검색할 수 있도록 전자적으로 연계하여야 한다."
011235,243617,조문,19,제6조(디엔에이감식시료 채취의 위탁)
011235,243617,항,20,"① 검사는 법 제5조제2항에 따라 디엔에이감식시료의 채취를 위탁하기 위하여 교도소ㆍ구치소 및 그 지소, 소년원, 치료감호시설 등(이하 ""수용기관""이라 한다)의 장에게 디엔에이감식시료 채취대상자의 확인 및 디엔에이감식시료 채취의 위탁에 필요한 자료를 요청할 수 있다."
011235,243617,항,21,"② 법 제5조제2항에 따라 검사로부터 디엔에이감식시료의 채취를 위탁받은 수용기관의 장은 지체 없이 법 제5조에 따른 디엔에이감식시료 채취대상자로부터 디엔에이감식시료를 채취하고, 채취한 디엔에이감식시료와 다음 각 호의 서류를 즉시 검사에게 보내야 한다."
011235,243617,호,22,"1. 채취 일시와 장소 및 방법, 채취한 디엔에이감식시료의 종류 등을 적은 서류"
011235,243617,호,23,"2. 법 제8조제3항에 따른 동의서(이하 ""디엔에이감식시료채취동의서""라 한다)"
011235,243617,조문,24,제7조(디엔에이감식시료채취영장의 집행 등)
011235,243617,항,25,"① 검찰총장 및 경찰청장은 법 제8조에 따라 디엔에이감식시료를 채취하기 위한 영장(이하 ""디엔에이감식시료채취영장""이라 한다)이 발부되고 검사의 지명수배ㆍ통보 결정이 있는 경우 검사 또는 사법경찰관리가 지명수배ㆍ통보관리와 관련된 전산자료를 통하여 그 사실을 조회할 수 있도록 하여야 한다."
011235,243617,항,26,② 법 제5조 또는 제6조에 따른 디엔에이감식시료 채취대상자에 대하여 법 제8조제6항에 따라 디엔에이감식시료채취영장의 집행지휘를 받은 사법경찰관리 또는 수용기관 소속 공무원은 지체 없이 디엔에이감식시료 채취대상자로부터 디엔에이감식시료를 채취하여야 한다.
011235,243617,항,27,"③ 제2항에 따라 디엔에이감식시료를 채취한 사법경찰관 또는 수용기관 소속 공무원은 채취한 디엔에이감식시료와 다음 각 호의 서류를 즉시 검사에게 보내야 한다. 다만, 법 제8조제6항에 따라 디엔에이감식시료채취영장의 집행지휘를 받은 사법경찰관(수용기관 소속의 사법경찰관은 제외한다)이 법 제6조에 따른 디엔에이감식시료 채취대상자로부터 디엔에이감식시료를 채취한 경우는 제외한다."
011235,243617,호,28,"1. 채취 일시와 장소 및 방법, 채취한 디엔에이감식시료의 종류 등을 적은 서류"
011235,243617,호,29,2. 디엔에이감식시료채취영장
011235,243617,조문,30,제8조(디엔에이감식시료의 채취 방법 및 관리)
011235,243617,항,31,① 법 제5조 또는 제6조에 따른 디엔에이감식시료 채취대상자로부터 디엔에이감식시료를 채취할 때에는 다음 각 호의 어느 하나에 해당하는 방법으로 하여야 한다.
011235,243617,호,32,1. 구강점막에서의 채취
011235,243617,호,33,2. 모근을 포함한 모발의 채취
011235,243617,호,34,"3. 그 밖에 디엔에이를 채취할 수 있는 신체부분, 분비물, 체액의 채취(제1호 또는 제2호에 따른 디엔에이감식시료의 채취가 불가능하거나 현저히 곤란한 경우에 한정한다)"
011235,243617,항,35,"② 검찰총장 및 경찰청장은 법 제5조부터 제8조까지의 규정에 따라 디엔에이감식시료를 채취하는 경우 디엔에이감식시료가 부패 또는 오염되거나 다른 디엔에이감식시료와 바뀌지 않도록 디엔에이감식시료의 채취, 운반 및 보관에 필요한 조치를 하여야 한다."
011235,243617,조문,36,"제9조(디엔에이감식시료 채취사실의 기록) 검사 또는 사법경찰관은 법 제6조 및 제7조제1항에 따라 디엔에이감식시료를 채취한 경우 채취 일시와 장소 및 방법, 채취한 디엔에이감식시료의 종류와 채취 사유 등을 적은 서류를 작성하여 사건기록에 첨부하여야 한다."
011235,243617,조문,37,제10조(수형인등 또는 구속피의자등으로부터 채취한 디엔에이감식시료의 송부)
011235,243617,항,38,"① 검사 또는 사법경찰관은 법 제5조 또는 제6조에 따른 디엔에이감식시료 채취대상자로부터 채취한 디엔에이감식시료와 다음 각 호의 서류를 제4조제1항에 따라 검찰총장이 지정한 디엔에이인적관리자(이하 ""검찰 디엔에이인적관리자""라 한다) 또는 제4조제1항에 따라 경찰청장이 지정한 디엔에이인적관리자(이하 ""경찰 디엔에이인적관리자""라 한다)에게 보내야 한다."
011235,243617,호,39,"1. 채취 일시와 장소 및 방법, 채취한 디엔에이감식시료의 종류 등을 적은 서류"
011235,243617,호,40,2. 디엔에이감식시료채취영장 또는 디엔에이감식시료채취동의서
011235,243617,항,41,"② 제1항에 따라 디엔에이감식시료를 건네받은 디엔에이인적관리자는 식별코드를 생성하여 디엔에이감식시료를 담은 봉투, 용기 등에 부착하고 인적관리시스템에 인적사항등과 식별코드를 입력한 후 지체 없이 그 디엔에이감식시료를 법 제10조 및 이 영 제12조제1항에 따라 법 제10조제1항 각 호의 업무를 위임받은 대검찰청 과학수사기획관(이하 ""검찰 디엔에이신원확인정보담당자""라 한다) 또는 법 제10조 및 이 영 제12조제2항제1호에 따라 법 제10조제1항 각 호의 업무를 위탁받은 국립과학수사연구원(이하 ""경찰 디엔에이신원확인정보담당자""라 한다)에 보내야 한다. <개정 2010.8.13>"
011235,243617,항,42,③ 검찰 디엔에이신원확인정보담당자는 검사가 법 제6조에 따른 디엔에이감식시료 채취대상자로부터 채취한 디엔에이감식시료에서 취득한 디에이신원확인정보를 지체 없이 경찰 디엔에이신원확인정보담당자에게 보내야 한다.
011235,243617,조문,43,제11조(범죄현장등으로부터 채취한 디엔에이감식시료의 송부)
011235,243617,항,44,① 검사 또는 사법경찰관은 법 제7조에 따라 채취한 디엔에이감식시료를 지체 없이 다음 각 호의 구분에 따른 사람 또는 기관에게 보내야 한다.
011235,243617,호,45,1. 검사 또는 사법경찰관(군사법경찰관은 제외한다)이 법 제7조에 따라 디엔에이감식시료를 채취한 경우: 검찰 디엔에이신원확인정보담당자 또는 경찰 디엔에이신원확인정보담당자
011235,243617,호,46,"2. 군사법경찰관이 법 제7조에 따라 디엔에이감식시료를 채취한 경우: 법 제10조 및 이 영 제12조제2항제2호에 따라 법 제7조에 따라 채취한 디엔에이감식시료의 감식업무를 위탁받은 국방부 조사본부장(이하 ""군 디엔에이감식기관""이라 한다)"
011235,243617,항,47,② 검찰 디엔에이신원확인정보담당자 또는 군 디엔에이감식기관은 제1항에 따라 건네받은 디엔에이감식시료에서 취득한 디엔에이신원확인정보 중 신원이 밝혀지지 아니한 것을 지체 없이 경찰 디엔에이신원확인정보담당자에게 보내야 한다.
011235,243617,조문,48,제12조(업무의 위임 및 위탁)
011235,243617,항,49,① 검찰총장은 법 제10조제1항에 따라 같은 항 각 호의 업무를 대검찰청 과학수사기획관에게 위임한다.
011235,243617,항,50,② 법 제10조제1항에 따른 경찰청장 업무의 위탁은 다음 각 호의 구분에 따른다. <개정 2010.8.13>
011235,243617,호,51,1. 법 제10조제1항 각 호의 업무(제2호의 업무는 제외한다): 국립과학수사연구원에 위탁
011235,243617,호,52,2. 군사법경찰관이 법 제7조에 따라 채취한 디엔에이감식시료의 감식업무: 국방부 조사본부장에게 위탁
011235,243617,조문,53,제13조(디엔에이감식 등)
011235,243617,항,54,"① 검찰 디엔에이신원확인정보담당자ㆍ경찰 디엔에이신원확인정보담당자(이하 ""디엔에이신원확인정보담당자""라 한다) 및 군 디엔에이감식기관은 디엔에이감식에 필요한 시설과 장비, 신뢰성 높은 디엔에이감식기법의 사용 등과 관련하여 국제공인시험기관으로 인정받은 기관에서 디엔에이감식을 하고, 감정서를 작성하여야 한다."
011235,243617,항,55,② 디엔에이신원확인정보담당자 및 군 디엔에이감식기관은 디엔에이감식과 관련하여 디엔에이감식시료가 부패 또는 오염되거나 다른 시료와 바뀌지 않도록 디엔에이감식시료의 취급에 필요한 조치를 하여야 한다.
011235,243617,항,56,③ 디엔에이신원확인정보담당자 및 군 디엔에이감식기관은 디엔에이감식시료 부족 등의 사유로 디엔에이신원확인정보를 확인하기 어려운 경우 검사 또는 사법경찰관에게 그 사유를 적어 디엔에이감식시료를 다시 채취해 줄 것을 요청할 수 있다.
011235,243617,조문,57,제14조(데이터베이스의 관리 등)
011235,243617,항,58,"① 디엔에이신원확인정보담당자는 데이터베이스에 수록된 정보가 유출되거나 임의로 변경, 삭제 또는 멸실되는 것을 방지하기 위하여 데이터베이스에 보안장치 등 필요한 조치를 취하여야 한다."
011235,243617,항,59,② 디엔에이신원확인정보담당자는 데이터베이스에 정보를 입력하거나 수정ㆍ삭제하거나 검색하기 위하여 그가 소속된 기관의 공무원 중에서 데이터베이스에 접속할 권한을 부여받을 사람을 지정할 수 있다.
011235,243617,조문,60,제15조(디엔에이신원확인정보의 검색 및 회보)
011235,243617,항,61,① 법 제11조제1항에 따라 디엔에이신원확인정보의 검색결과를 회보할 디엔에이신원확인정보담당자는 다음 각 호의 구분에 따른다.
011235,243617,호,62,1. 법 제5조 또는 제6조에 따른 디엔에이감식시료 채취대상자로부터 채취한 디엔에이감식시료를 감식하여 취득한 디엔에이신원확인정보를 법 제7조에 따라 채취한 디엔에이감식시료를 감식하여 취득한 디엔에이신원확인정보가 수록된 데이터베이스에서 검색ㆍ대조한 결과 디엔에이신원확인정보가 일치하는 사실을 발견한 경우: 법 제5조 또는 제6조에 따른 디엔에이감식시료 채취대상자로부터 채취한 디엔에이감식시료를 감식한 디엔에이신원확인정보담당자
011235,243617,호,63,2. 법 제7조에 따라 채취한 디엔에이감식시료를 감식하여 취득한 디엔에이신원확인정보를 법 제5조 및 제6조에 따른 디엔에이감식시료 채취대상자로부터 채취한 디엔에이감식시료를 감식한 디엔에이신원확인정보를 수록한 데이터베이스에서 검색ㆍ대조한 결과 디엔에이신원확인정보가 일치하는 사실을 발견한 경우: 법 제5조 또는 제6조에 따른 디엔에이감식시료 채취대상자로부터 채취한 디엔에이감식시료를 감식한 디엔에이신원확인정보담당자
011235,243617,호,64,3. 법 제7조에 따라 채취한 디엔에이감식시료를 감식하여 취득한 디엔에이신원확인정보를 법 제7조에 따라 채취한 디엔에이감식시료를 감식하여 취득한 디엔에이신원확인정보가 수록된 데이터베이스에서 검색ㆍ대조한 경우: 해당 데이터베이스를 관리하는 디엔에이신원확인정보담당자
011235,243617,호,65,4. 그 밖의 경우: 디엔에이신원확인정보를 검색ㆍ대조한 디엔에이신원확인정보담당자
011235,243617,항,66,② 법 제11조제1항에 따른 디엔에이신원확인정보 검색결과를 회보받을 사람은 다음 각 호의 구분에 따른다.
011235,243617,호,67,1. 법 제11조제1항제1호 및 제4호에 따른 디엔에이신원확인정보 검색결과의 회보의 경우: 해당 사건을 담당한 검사 또는 사법경찰관
011235,243617,호,68,"2. 법 제11조제1항제2호 및 제3호에 따른 디엔에이신원확인정보 검색결과의 회보의 경우: 검색을 요청한 검사, 사법경찰관 또는 법원(군사법원을 포함한다. 이하 같다)"
011235,243617,항,69,③ 제2항에 따라 디엔에이신원확인정보의 검색결과를 회보받은 사람은 검찰 디엔에이인적관리자 또는 경찰 디엔에이인적관리자에게 디엔에이신원확인정보 검색결과의 회보와 관련된 인적사항등을 확인해 줄 것을 요청할 수 있다.
011235,243617,항,70,"④ 법 제11조제1항에 따라 디엔에이신원확인정보를 검색한 결과 다른 디엔에이신원확인정보담당자가 관리하는 데이터베이스에 수록된 디엔에이신원확인정보와 대조하려는 디엔에이신원확인정보가 일치하거나 중복한다는 사실을 발견한 디엔에이신원확인정보담당자는 지체 없이 그 데이터베이스를 관리하는 디엔에이신원확인정보담당자, 그 데이터베이스에 수록된 디엔에이신원확인정보와 관련된 인적사항등을 관리하는 디엔에이인적관리자 및 검색을 요청하거나 사건을 담당하는 검사 또는 사법경찰관에게 그 사실을 감정서 등의 서면, 유선 또는 팩스 등의 방법으로 통보해야 한다. <개정 2021.1.5>"
011235,243617,항,71,⑤ 제4항에 따른 통보를 받은 디엔에이인적관리자는 디엔에이신원확인정보의 검색을 요청하거나 사건을 담당하는 검사 또는 사법경찰관에게 인적사항등을 확인해 줄 수 있다.
011235,243617,항,72,⑥ 제1항제1호 및 제2호에 따른 디엔에이신원확인정보담당자로부터 디엔에이신원확인정보의 검색결과를 회보받은 검사 또는 사법경찰관은 해당 디엔에이감식시료 채취대상자로부터 시료를 다시 채취하여 검색결과를 회보한 디엔에이신원확인정보담당자에게 다시 감식해 줄 것을 요청할 수 있다.
011235,243617,조문,73,제16조(디엔에이감식시료의 폐기)
011235,243617,항,74,① 디엔에이신원확인정보담당자는 법 제12조제1항에 따라 지정된 장소에서 소각하거나 화학적 처리 등을 통하여 디엔에이감식시료의 재분석을 불가능하게 하는 방법으로 디엔에이감식시료와 그로부터 추출한 디엔에이 및 감식과정에서 발생한 부산물을 폐기하여야 한다.
011235,243617,항,75,"② 디엔에이신원확인정보담당자는 제1항에 따라 디엔에이감식시료와 그로부터 추출한 디엔에이 및 감식과정에서 발생한 부산물을 폐기한 경우 폐기 일시와 장소, 폐기한 디엔에이감식시료의 종류, 폐기 방법 등을 적은 자료를 보존하여야 한다. 이 경우 그 자료를 전자적 문서 또는 데이터베이스를 통하여 관리할 수 있다."
011235,243617,조문,76,"제17조(디엔에이신원확인정보의 삭제 방법, 절차 등)"
011235,243617,항,77,"① 법 제13조에 따른 디엔에이신원확인정보의 삭제 사유가 발생한 경우 검사, 사법경찰관 또는 수용기관의 장은 다음 각 호의 구분에 따라 디엔에이인적관리자에게 그 사실을 통보하여야 한다."
011235,243617,호,78,1. 법 제13조제1항부터 제3항까지 규정에 따른 디엔에이신원확인정보의 삭제 사유가 발생한 경우(제2호의 경우는 제외한다): 검사 또는 사법경찰관이 검찰 디엔에이인적관리자 또는 경찰 디엔에이인적관리자에게 통보
011235,243617,호,79,2. 수용기관에 수용되어 있던 사람에게 법 제13조제3항의 사유가 발생한 경우: 수용기관의 장이 검찰 디엔에이인적관리자 또는 경찰 디엔에이인적관리자에게 통보
011235,243617,항,80,② 제1항에 따라 통보를 받은 디엔에이인적관리자는 법 제5조 또는 제6조에 따른 디엔에이감식시료 채취대상자의 디엔에이신원확인정보를 법 제13조제1항부터 제3항까지의 규정에 따라 삭제하여야 하는지를 확인하기 위하여 인적관리시스템을 검색할 수 있다.
011235,243617,항,81,③ 제2항에 따른 검색 결과 디엔에이신원확인정보를 삭제하여야 하는 경우 디엔에이인적관리자는 인적관리시스템에서 인적사항등 및 식별코드를 삭제한 후 검찰 디엔에이신원확인정보담당자 또는 경찰 디엔에이신원확인정보담당자에게 삭제한 식별코드를 통보하여야 한다.
011235,243617,항,82,"④ 디엔에이신원확인정보를 삭제한 디엔에이신원확인정보담당자는 법 제13조제5항에 따라 디엔에이신원확인정보 삭제 사실을 서면, 전자우편, 문자전송 또는 팩스의 방법으로 통지해야 한다. <개정 2021.1.5>"
011235,243617,조문,83,"제18조(디엔에이신원확인정보데이터베이스관리위원회의 심의사항) 법 제14조제1항제4호에서 ""대통령령으로 정하는 사항""이란 다음 각 호와 같다."
011235,243617,항,84,
011235,243617,호,85,1. 법 제4조제3항 및 이 영 제5조에 따른 데이터베이스 간의 전자적 연계를 통한 디엔에이신원확인정보의 상호 검색에 관한 사항
011235,243617,호,86,2. 식별코드 표준화에 관한 사항
011235,243617,호,87,3. 디엔에이신원확인정보 표준화에 관한 사항
011235,243617,조문,88,제19조(디엔에이신원확인정보데이터베이스관리위원회의의 구성 및 운영)
011235,243617,항,89,"① 법 제14조에 따른 디엔에이신원확인정보데이터베이스관리위원회(이하 ""위원회""라 한다)의 위원장은 위원회를 대표하고 위원회의 업무를 총괄한다."
011235,243617,항,90,② 위원회의 위원장은 위원회의 회의를 소집하고 그 의장이 된다.
011235,243617,항,91,③ 위원장이 부득이한 사유로 그 직무를 수행할 수 없는 때에는 위원장이 미리 지명한 위원이 그 직무를 대행한다.
011235,243617,항,92,"④ 위원회의 회의는 재적위원 과반수의 출석으로 개의하고, 출석위원 과반수의 찬성으로 의결한다."
011235,243617,항,93,"⑤ 위원회의 사무를 처리하기 위하여 위원회에 간사 2명을 두며, 간사는 디엔에이신원확인정보의 이용 및 보호에 관련한 업무에 종사하거나 관련 지식이 풍부한 대검찰청 및 경찰청 소속 공무원 중에서 검찰총장 및 경찰청장이 각 1명씩을 임명한다."
011235,243617,항,94,⑥ 위원회에서 심의할 안건을 검토하고 위원회의 운영을 지원하기 위하여 위원회에 실무위원회를 둔다.
011235,243617,항,95,⑦ 제1항부터 제6항까지에서 규정한 사항 외에 위원회 및 실무위원회의 운영에 필요한 사항은 위원회의 의결을 거쳐 위원장이 정한다.
011235,243617,조문,96,제19조의2(위원회 위원의 해촉) 국무총리는 법 제14조제3항에 따른 위원회의 위원이 다음 각 호의 어느 하나에 해당하는 경우에는 해당 위원을 해촉(解囑)할 수 있다.
011235,243617,항,97,
011235,243617,호,98,1. 심신장애로 인하여 직무를 수행할 수 없게 된 경우
011235,243617,호,99,2. 직무수행 과정에서 취득한 비밀을 누설하거나 직무수행 과정에서 취득한 정보를 허가되지 아니한 방법으로 연구 등에 활용하는 경우
011235,243617,호,100,3. 직무와 관련된 비위사실이 있는 경우
011235,243617,호,101,"4. 직무태만, 품위손상이나 그 밖의 사유로 인하여 위원으로 적합하지 아니하다고 인정되는 경우"
011235,243617,호,102,5. 위원 스스로 직무를 수행하는 것이 곤란하다고 의사를 밝히는 경우
011235,243617,조문,103,제20조(위원회의 의견제출) 위원회가 법 제14조제6항에 따라 검찰총장 또는 경찰청장에게 의견을 제시한 경우 검찰총장 또는 경찰청장은 의견의 시행 경과 및 결과를 위원회에 통보하여야 한다.
