법령일련번호,MST,구분,문장번호,내용
000426,238893,조문,1,제1조(목적) 이 법은 담보능력이 미약한 농림수산업자 등의 신용을 보증함으로써 농림수산업에 필요한 자금을 원활하게 마련할 수 있게 하여 농어촌 경제의 균형 있는 발전에 이바지함을 목적으로 한다.
000426,238893,조문,2,제2조(정의)
000426,238893,항,3,"① 이 법에서 ""농림수산업자등""이란 다음 각 호의 어느 하나에 해당하는 자를 말한다. <개정 2011.5.19, 2011.11.22, 2015.1.20, 2018.12.31>"
000426,238893,호,4,1. 「농업ㆍ농촌 및 식품산업 기본법」 제3조제2호에 따른 농업인
000426,238893,호,5,2. 「수산업ㆍ어촌 발전 기본법」 제3조제3호에 따른 어업인
000426,238893,호,6,3. 「원양산업발전법」 제2조제2호에 따른 원양어업을 경영하는 자로서 대통령령으로 정하는 자
000426,238893,호,7,4. 「산림조합법」 제2조제10호에 따른 임업인
000426,238893,호,8,5. 「농업기계화 촉진법」 제11조제2항에 따른 농업기계에 대한 사후관리를 업(業)으로 하는 자
000426,238893,호,9,6. 농림수산단체로서 대통령령으로 정하는 자
000426,238893,호,10,7. 농림수산물(「농업ㆍ농촌 및 식품산업 기본법」 제3조제6호에 따른 농수산물 및 대통령령으로 정하는 농수산물가공품을 말한다. 이하 같다) 유통ㆍ가공업자로서 대통령령으로 정하는 자
000426,238893,호,11,"8. 「중소기업기본법」 제2조에 따른 중소기업(이하 ""중소기업""이라 한다)으로서 농림수산물 또는 그 가공제품을 수출하는 자"
000426,238893,호,12,9. 농림수산업 생산에 필요한 기자재를 제조하는 중소기업으로서 대통령령으로 정하는 자
000426,238893,호,13,10. 「소금산업 진흥법」 제2조제14호에 따른 소금제조업자로서 대통령령으로 정하는 자
000426,238893,호,14,11. 농림어업을 경영할 의사가 있는 자로서 대통령령으로 정하는 자
000426,238893,호,15,12. 농어촌융복합산업 관련 사업자로서 대통령령으로 정하는 자
000426,238893,항,16,"② 이 법에서 ""금융기관""이란 다음 각 호의 어느 하나에 해당하는 것을 말한다. <개정 2010.5.17, 2011.3.31, 2016.5.29>"
000426,238893,호,17,"1. 「농업협동조합법」에 따라 설립된 지역농업협동조합, 지역축산업협동조합, 품목별ㆍ업종별 협동조합과 농협은행"
000426,238893,호,18,2. 「수산업협동조합법」에 따라 설립된 지구별수산업협동조합ㆍ업종별수산업협동조합ㆍ수산물가공수산업협동조합과 수협은행
000426,238893,호,19,"3. 「산림조합법」에 따라 설립된 지역산림조합, 품목별ㆍ업종별산림조합과 산림조합중앙회"
000426,238893,호,20,4. 「은행법」 제2조제1항제2호에 따른 은행
000426,238893,호,21,5. 농림수산업자등에게 자금을 융통하는 것을 업(業)으로 하는 자로서 대통령령으로 정하는 자
000426,238893,항,22,"③ 이 법에서 ""농림수산업자금""이란 농어가(農漁家) 경제의 안정과 농림수산업 경영의 개선 등 농림수산업의 발전을 위하여 대출ㆍ급부(給付) 등의 방법으로 농림수산업자등에게 융통되는 자금 중 대통령령으로 정하는 자금을 말한다."
000426,238893,조문,23,제3조(농림수산업자 신용보증심의회)
000426,238893,항,24,"① 이 법에 따른 신용보증에 관한 중요 사항을 심의ㆍ결정하게 하기 위하여 농업협동조합중앙회에 농림수산업자 신용보증심의회(이하 ""심의회""라 한다)를 둔다."
000426,238893,항,25,② 심의회는 다음 12명의 위원으로 구성한다. <개정 2013.3.23>
000426,238893,호,26,1. 기획재정부장관이 그 소속 공무원 중에서 지명하는 사람 1명
000426,238893,호,27,2. 농림축산식품부장관이 그 소속 공무원 중에서 지명하는 사람 1명
000426,238893,호,28,3. 해양수산부장관이 그 소속 공무원 중에서 지명하는 사람 1명
000426,238893,호,29,4. 금융위원회가 그 소속 공무원 중에서 지명하는 사람 1명
000426,238893,호,30,5. 한국은행 총재가 그 소속 집행간부 중에서 지명하는 사람 1명
000426,238893,호,31,6. 농업협동조합중앙회 회장이 그 소속 집행간부 중에서 지명하는 사람 1명
000426,238893,호,32,7. 수산업협동조합중앙회 회장이 그 소속 집행간부 중에서 지명하는 사람 1명
000426,238893,호,33,8. 산림조합중앙회 회장이 그 소속 집행간부 중에서 지명하는 사람 1명
000426,238893,호,34,9. 농림수산업계 대표 4명
000426,238893,항,35,"③ 제2항제9호의 위원은 농업협동조합중앙회 회장이 추천하는 사람 4명, 수산업협동조합중앙회 회장이 추천하는 사람 2명 및 산림조합중앙회 회장이 추천하는 사람 2명 중에서 금융위원회가 농림축산식품부장관 또는 해양수산부장관과 협의하여 위촉하며 임기는 2년으로 한다. <개정 2013.3.23, 2015.1.20>"
000426,238893,항,36,④ 심의회의 의장은 제2항제6호의 위원이 된다. <개정 2015.1.20>
000426,238893,항,37,⑤ 제2항제5호부터 제8호까지의 위원은 해당 기관의 직원으로 하여금 대신하여 출석하게 할 수 있다. <개정 2015.1.20>
000426,238893,항,38,⑥ 심의회의 운영에 필요한 사항은 대통령령으로 정한다.
000426,238893,조문,39,제4조(농림수산업자 신용보증기금)
000426,238893,항,40,"① 농림수산업자등의 신용을 보증하기 위하여 농업협동조합중앙회에 농림수산업자 신용보증기금(이하 ""기금""이라 한다)을 설치한다."
000426,238893,항,41,② 기금은 다음 각 호의 자금을 그 재원(財源)으로 한다.
000426,238893,호,42,1. 정부 및 지방자치단체의 출연금(出捐金)
000426,238893,호,43,2. 금융기관의 출연금
000426,238893,호,44,3. 농림수산단체의 출연금
000426,238893,호,45,4. 기금을 관리ㆍ운용하여 생기는 순익금
000426,238893,항,46,③ 기금이 보증할 수 있는 채무의 범위는 농림수산업자금에 관한 것으로서 다음 각 호의 어느 하나에 해당하는 채무로 한다.
000426,238893,호,47,1. 농림수산업자등이 금융기관으로부터 대출을 받음으로써 금융기관에 대하여 부담하는 금전채무
000426,238893,호,48,2. 농림수산업자등의 상거래와 관련된 계약상의 대금지급채무 중 대통령령으로 정하는 금전채무
000426,238893,호,49,3. 그 밖에 농림수산업자등의 채무 중 대통령령으로 정하는 금전채무
000426,238893,항,50,④ 금융기관은 그 대출금에 대하여 연율(年率) 1천분의 5를 초과하지 아니하는 범위에서 총리령으로 정하는 율에 따른 금액을 기금에 출연하여야 한다.
000426,238893,항,51,"⑤ 제4항의 금융기관의 범위, 대출금의 범위, 출연의 방법과 시기, 그 밖에 출연에 필요한 사항은 총리령으로 정한다."
000426,238893,조문,52,제5조(관리기관)
000426,238893,항,53,① 기금의 운용에 관한 업무나 그 밖에 이 법에 따른 신용보증에 관한 업무는 농업협동조합중앙회에서 취급한다.
000426,238893,항,54,"② 제1항에 따라 보증업무를 취급하는 기관(이하 ""관리기관""이라 한다)은 기금의 회계와 그 기관의 다른 회계를 구분하여 회계처리하여야 한다."
000426,238893,조문,55,제5조의2(관리기관의 업무) 관리기관은 다음 각 호의 업무를 수행한다.
000426,238893,항,56,
000426,238893,호,57,1. 기금의 관리
000426,238893,호,58,2. 신용보증
000426,238893,호,59,3. 제2호의 업무와 관련된 신용조사
000426,238893,호,60,4. 제2호의 업무와 관련된 구상권의 행사
000426,238893,호,61,5. 신용보증제도의 조사ㆍ연구
000426,238893,호,62,6. 제1호부터 제5호까지의 업무에 딸린 업무로서 금융위원회의 승인을 받은 업무
000426,238893,조문,63,제5조의3(비밀누설 금지의 의무) 관리기관의 임직원 및 임직원으로 재직하였던 사람은 직무상 알게 된 비밀을 누설하여서는 아니 된다.
000426,238893,조문,64,제6조(기금의 회계)
000426,238893,항,65,① 기금의 회계연도는 정부의 회계연도에 따른다.
000426,238893,항,66,"② 관리기관은 회계연도마다 기금의 총수입과 총지출을 예산으로 편성하여 해당 연도 개시 1개월 전까지 심의회의 의결을 거쳐야 하며, 이를 추가하거나 변경하는 경우에도 그때마다 미리 심의회의 의결을 거쳐야 한다."
000426,238893,항,67,"③ 관리기관은 각 사업연도가 끝난 후 2개월 내에 기금에 관한 결산보고서ㆍ재무상태표 및 손익계산서를 작성하여 심의회의 의결을 거쳐 금융위원회에 제출하고, 재무상태표를 지체 없이 공고하여야 한다. <개정 2021.4.20>"
000426,238893,항,68,④ 기금의 결산상 손실금이 제4조제2항에 따른 기금을 초과하는 경우에는 정부가 예산에서 정하는 바에 따라 이를 보전(補塡)할 수 있다.
000426,238893,조문,69,제7조(기금의 사용)
000426,238893,항,70,① 기금은 해당 보증채무의 이행과 기금운용에 필요한 경비를 충당하기 위한 목적 외에는 사용하지 못한다.
000426,238893,항,71,"② 기금의 여유금은 다음 각 호의 방법으로 운용한다. 다만, 제4호 및 제5호의 경우에는 금융위원회의 승인을 받아야 한다."
000426,238893,호,72,1. 관리기관 및 기금에 출연한 금융기관에의 예치
000426,238893,호,73,"2. 국채, 지방채 및 정부가 지급을 보증하는 채권의 매입"
000426,238893,호,74,3. 대통령령으로 정하는 금융기관이 발행하거나 지급을 보증하는 채권의 매입
000426,238893,호,75,"4. 주식(출자증권을 포함한다), 사채, 그 밖의 유가증권의 인수 또는 매입"
000426,238893,호,76,5. 그 밖에 기금의 설립목적을 달성하기 위하여 필요한 방법
000426,238893,조문,77,제8조(금융기관의 대출 관련 금전채무에 대한 보증관계)
000426,238893,항,78,① 관리기관은 금융기관과 제4조제3항제1호에 따른 농림수산업자등의 금전채무를 기금에서 보증한다는 것을 내용으로 하는 계약을 체결하여야 한다.
000426,238893,항,79,"② 관리기관이 농림수산업자등으로부터 신용보증 신청을 받아 이를 심사한 후 제1항의 계약을 체결한 금융기관에 보증하기로 통지하는 분에 대하여는 관리기관과 해당 금융기관 사이에 보증관계가 성립된다. 다만, 보증관계의 효력은 해당 금융기관이 대출금을 지급한 때에 발생하는 것으로 본다."
000426,238893,항,80,③ 삭제 <2011.3.31>
000426,238893,항,81,④ 관리기관이 제1항의 계약을 체결하려면 미리 심의회의 의결을 거쳐야 한다. 그 계약내용을 변경하려는 경우에도 또한 같다.
000426,238893,항,82,"⑤ 금융기관이 관리기관의 보증을 받아 대출한 금액을 해당 농림수산업자등에 대한 다른 채권을 회수하기 위하여 충당한 경우 그 충당한 금액에 대하여는 보증관계가 소멸하는 것으로 본다. 다만, 심의회의 의결을 거쳐 미리 관리기관의 승인을 받은 것은 그러하지 아니하다."
000426,238893,조문,83,제8조의2(그 밖의 금전채무에 대한 보증관계)
000426,238893,항,84,① 관리기관은 제4조제3항제2호 및 제3호에 따른 농림수산업자등의 채무를 기금에서 보증하기로 결정한 경우에는 그 뜻을 농림수산업자등과 그 농림수산업자등의 채권자가 될 자에게 통지하여야 한다.
000426,238893,항,85,"② 제1항에 따라 보증하기로 통지하는 분에 대하여는 관리기관과 그 농림수산업자등의 채권자 사이에 보증관계가 성립된다. 다만, 보증관계의 효력은 해당 농림수산업자등과 그의 채권자 사이에 주된 채권채무관계가 성립한 때에 발생하는 것으로 본다."
000426,238893,조문,86,제9조(통지 의무) 기금이 보증한 채무의 채권자는 주된 채권채무관계가 성립하거나 채권의 전부 또는 일부가 소멸한 때에는 이를 지체 없이 관리기관에 알려야 한다. 해당 채무자가 기한의 이익을 상실한 때에도 또한 같다.
000426,238893,조문,87,제10조(보증의 한도)
000426,238893,항,88,① 관리기관의 신용보증총액의 한도는 기금의 20배를 초과하지 아니하는 범위에서 대통령령으로 정한다.
000426,238893,항,89,② 관리기관은 총보증금액의 100분의 70 이상이 제2조제1항제1호ㆍ제2호ㆍ제3호(법인은 제외한다) 및 제4호의 농림수산업자에게 보증되도록 하여야 한다. <개정 2015.1.20>
000426,238893,항,90,③ 관리기관이 같은 농림수산업자등에 대하여 보증할 수 있는 최고한도는 대통령령으로 정한다. <개정 2015.1.20>
000426,238893,조문,91,제10조의2(업무의 위탁)
000426,238893,항,92,"① 관리기관은 업무의 일부를 대통령령으로 정하는 바에 따라 금융기관, 「한국자산관리공사 설립 등에 관한 법률」에 따른 한국자산관리공사 또는 「신용정보의 이용 및 보호에 관한 법률」에 따른 채권추심회사(이하 이 조에서 ""채권추심회사""라 한다)에 위탁할 수 있다. 다만, 채권추심회사가 위탁받을 수 있는 업무는 「신용정보의 이용 및 보호에 관한 법률」에 따라 허가받은 업무로 한정한다. <개정 2011.5.19, 2019.11.26, 2020.2.4>"
000426,238893,항,93,"② 제1항에 따라 업무를 위탁받은 자는 그 업무에 관하여 관리기관을 갈음하여 재판상 또는 재판 외의 모든 행위를 할 수 있다. 다만, 채권추심회사의 경우에는 재판 외의 행위만 할 수 있다. <개정 2020.2.4>"
000426,238893,조문,94,제11조(보증료) 관리기관은 보증을 받는 농림수산업자등의 신용도 및 기금의 운용상황 등을 고려하여 보증을 받는 농림수산업자등으로부터 대통령령으로 정하는 바에 따라 보증료를 받을 수 있다.
000426,238893,조문,95,제11조의2(위약금) 관리기관은 신용보증을 받은 농림수산업자등이 기한까지 채무를 이행하지 아니하여 보증채무의 이행책임이 해제되지 아니한 경우에는 그 농림수산업자등으로부터 보증한 채무 중 이행되지 아니한 금액에 대하여 대통령령으로 정하는 바에 따라 위약금을 징수할 수 있다.
000426,238893,조문,96,제12조(보증채무의 이행)
000426,238893,항,97,① 기금이 보증한 채무의 채권자는 대통령령으로 정하는 바에 따라 해당 채권액의 대손(貸損)이 확정된 경우에는 관리기관에 보증채무의 이행을 청구할 수 있다.
000426,238893,항,98,② 관리기관은 제1항에 따라 보증채무의 이행청구가 있으면 해당 대손액과 이에 부수하는 채무액을 기금에서 이행하여야 한다.
000426,238893,조문,99,제13조(구상권의 행사)
000426,238893,항,100,"① 관리기관이 보증채무를 이행한 경우에는 해당 채권자는 지체 없이 관리기관의 구상권(求償權) 행사에 필요한 모든 서류를 관리기관에 보내고, 관리기관의 구상권 행사에 적극 협조하여야 한다."
000426,238893,항,101,② 관리기관은 관리기관이 대위변제(代位辨濟)한 농림수산업자등이 다음 각 호의 어느 하나에 해당하는 경우에는 그 농림수산업자등에 대한 구상권의 행사를 미룰 수 있다.
000426,238893,호,102,1. 농림수산업자등의 재산이 구상권의 행사에 따른 비용에 충당하고 나면 나머지가 있을 가능성이 없다고 인정되는 경우
000426,238893,호,103,2. 구상권의 행사를 미룸으로써 장래 농림수산업자등의 채무상환능력이 증가될 가능성이 있다고 인정되는 경우
000426,238893,조문,104,제13조의2(손해금) 관리기관이 보증채무를 이행한 때에는 해당 농림수산업자등으로부터 그 이행한 금액에 대하여 연율 100분의 20을 초과하지 아니하는 범위에서 손해금을 징수할 수 있다.
000426,238893,조문,105,제13조의3(자료 등의 제공 요청)
000426,238893,항,106,"① 관리기관은 국가, 지방자치단체, 「국민연금법」에 따른 국민연금공단, 「국민건강보험법」에 따른 국민건강보험공단 및 「산업재해보상보험법」에 따른 근로복지공단, 그 밖의 대통령령으로 정하는 공공단체에 대하여 제5조의2제3호 또는 제4호의 업무를 수행하는 데 필요한 자료의 제공을 요청할 수 있다."
000426,238893,항,107,"② 관리기관은 다음 각 호의 사항을 적은 문서로 관할 세무관서의 장 또는 지방자치단체의 장에게 과세정보(「소득세법」에 따른 종합소득에 관한 정보, 「지방세법」에 따른 지방세의 과세정보 및 「부가가치세법」에 따른 사업자등록에 관한 정보로 한정한다. 이하 이 조에서 같다)의 제공을 요청할 수 있다. 이 경우 과세정보의 제공 요청은 제5조의2제4호에 따른 구상권의 행사를 위하여 필요한 최소한의 범위에서 하여야 하며 다른 목적을 위하여 남용하여서는 아니 된다. <신설 2022.1.4>"
000426,238893,호,108,1. 납세자의 인적 사항
000426,238893,호,109,2. 사용 목적
000426,238893,호,110,3. 요청하는 정보의 항목 및 범위
000426,238893,항,111,③ 제1항 또는 제2항에 따라 자료 또는 과세정보의 제공을 요청받은 자는 특별한 사유가 없으면 요청에 따라야 한다. <개정 2022.1.4>
000426,238893,조문,112,제13조의4(구상채권의 매각) 기금은 구상채권의 효율적인 회수와 관리를 위하여 필요하다고 인정되는 경우에는 심의회의 의결을 거쳐 다음 각 호의 자에게 구상채권을 매각할 수 있다. <개정 2019.11.26>
000426,238893,항,113,
000426,238893,호,114,1. 「기업구조조정투자회사법」에 따른 기업구조조정투자회사
000426,238893,호,115,2. 「한국자산관리공사 설립 등에 관한 법률」에 따라 설립된 한국자산관리공사
000426,238893,호,116,3. 「자산유동화에 관한 법률」에 따라 설립된 유동화전문회사
000426,238893,호,117,4. 「농업협동조합의 구조개선에 관한 법률」에 따라 설립된 농업협동조합자산관리회사
000426,238893,호,118,5. 그 밖에 부실채권의 매매ㆍ관리를 전문으로 하는 자로서 대통령령으로 정하는 자
000426,238893,조문,119,제13조의5(배상책임)
000426,238893,항,120,① 관리기관의 임원이 법령을 위반한 행위를 하거나 그 임무를 게을리하여 기금에 손해를 발생시킨 경우에는 그 임원은 기금에 대하여 연대하여 손해를 배상할 책임을 진다.
000426,238893,항,121,② 관리기관의 신용보증업무에 종사하는 사람이 그 업무처리를 하면서 고의 또는 중대한 과실로 기금에 손해를 발생시킨 경우에는 그 손해를 배상할 책임을 진다. 이 경우 고의로 손해를 발생하게 한 경우를 제외하고는 그 책임을 경감할 수 있다.
000426,238893,조문,122,제14조(감독)
000426,238893,항,123,① 금융위원회는 이 법에 따른 업무에 관하여 관리기관을 감독하며 감독상 필요한 명령을 할 수 있다.
000426,238893,항,124,"② 금융위원회는 감독상 필요하다고 인정하면 관리기관, 관리기관으로부터 업무를 위탁받은 금융기관(이하 이 항에서 ""수탁자""라 한다) 또는 기금에 출연하는 금융기관에 대하여 보고서의 제출을 요구하거나 소속 공무원으로 하여금 그 업무상황 또는 장부ㆍ서류, 그 밖에 필요한 물건을 검사하게 할 수 있다. 다만, 수탁자에 대하여는 그 위탁받은 범위의 업무만을 대상으로 하고, 기금에 출연하는 금융기관에 대하여는 그 출연사항만을 대상으로 한다."
000426,238893,항,125,③ 제2항에 따라 검사를 하는 공무원은 그 권한을 표시하는 증표를 지니고 이를 관계인에게 보여주어야 한다.
000426,238893,항,126,④ 금융위원회는 제2항에 따른 검사를 금융감독원장에게 위탁할 수 있다.
000426,238893,조문,127,제14조의2(벌칙) 제5조의3을 위반하여 비밀을 누설한 사람은 2년 이하의 징역 또는 1천만원 이하의 벌금에 처한다.
000426,238893,조문,128,제15조 삭제 <2010.3.12>
