법령일련번호,MST,구분,문장번호,내용
000981,224533,조문,1,제1조(목적) 이 법은 적법한 집회(集會) 및 시위(示威)를 최대한 보장하고 위법한 시위로부터 국민을 보호함으로써 집회 및 시위의 권리 보장과 공공의 안녕질서가 적절히 조화를 이루도록 하는 것을 목적으로 한다.
000981,224533,조문,2,제2조(정의) 이 법에서 사용하는 용어의 뜻은 다음과 같다. <개정 2020.12.22>
000981,224533,항,3,
000981,224533,호,4,"1. ""옥외집회""란 천장이 없거나 사방이 폐쇄되지 아니한 장소에서 여는 집회를 말한다."
000981,224533,호,5,"2. ""시위""란 여러 사람이 공동의 목적을 가지고 도로, 광장, 공원 등 일반인이 자유로이 통행할 수 있는 장소를 행진하거나 위력(威力) 또는 기세(氣勢)를 보여, 불특정한 여러 사람의 의견에 영향을 주거나 제압(制壓)을 가하는 행위를 말한다."
000981,224533,호,6,"3. ""주최자(主催者)""란 자기 이름으로 자기 책임 아래 집회나 시위를 여는 사람이나 단체를 말한다. 주최자는 주관자(主管者)를 따로 두어 집회 또는 시위의 실행을 맡아 관리하도록 위임할 수 있다. 이 경우 주관자는 그 위임의 범위 안에서 주최자로 본다."
000981,224533,호,7,"4. ""질서유지인""이란 주최자가 자신을 보좌하여 집회 또는 시위의 질서를 유지하게 할 목적으로 임명한 자를 말한다."
000981,224533,호,8,"5. ""질서유지선""이란 관할 경찰서장이나 시·도경찰청장이 적법한 집회 및 시위를 보호하고 질서유지나 원활한 교통 소통을 위하여 집회 또는 시위의 장소나 행진 구간을 일정하게 구획하여 설정한 띠, 방책(防柵), 차선(車線) 등의 경계 표지(標識)를 말한다."
000981,224533,호,9,"6. ""경찰관서""란 국가경찰관서를 말한다."
000981,224533,조문,10,제3조(집회 및 시위에 대한 방해 금지)
000981,224533,항,11,"①누구든지 폭행, 협박, 그 밖의 방법으로 평화적인 집회 또는 시위를 방해하거나 질서를 문란하게 하여서는 아니 된다."
000981,224533,항,12,"②누구든지 폭행, 협박, 그 밖의 방법으로 집회 또는 시위의 주최자나 질서유지인의 이 법의 규정에 따른 임무 수행을 방해하여서는 아니 된다."
000981,224533,항,13,③집회 또는 시위의 주최자는 평화적인 집회 또는 시위가 방해받을 염려가 있다고 인정되면 관할 경찰관서에 그 사실을 알려 보호를 요청할 수 있다. 이 경우 관할 경찰관서의 장은 정당한 사유 없이 보호 요청을 거절하여서는 아니 된다.
000981,224533,조문,14,"제4조(특정인 참가의 배제) 집회 또는 시위의 주최자 및 질서유지인은 특정한 사람이나 단체가 집회나 시위에 참가하는 것을 막을 수 있다. 다만, 언론사의 기자는 출입이 보장되어야 하며, 이 경우 기자는 신분증을 제시하고 기자임을 표시한 완장(腕章)을 착용하여야 한다."
000981,224533,조문,15,제5조(집회 및 시위의 금지)
000981,224533,항,16,①누구든지 다음 각 호의 어느 하나에 해당하는 집회나 시위를 주최하여서는 아니 된다.
000981,224533,호,17,1. 헌법재판소의 결정에 따라 해산된 정당의 목적을 달성하기 위한 집회 또는 시위
000981,224533,호,18,"2. 집단적인 폭행, 협박, 손괴(損壞), 방화 등으로 공공의 안녕 질서에 직접적인 위협을 끼칠 것이 명백한 집회 또는 시위"
000981,224533,항,19,②누구든지 제1항에 따라 금지된 집회 또는 시위를 할 것을 선전하거나 선동하여서는 아니 된다.
000981,224533,조문,20,제6조(옥외집회 및 시위의 신고 등)
000981,224533,항,21,"①옥외집회나 시위를 주최하려는 자는 그에 관한 다음 각 호의 사항 모두를 적은 신고서를 옥외집회나 시위를 시작하기 720시간 전부터 48시간 전에 관할 경찰서장에게 제출하여야 한다. 다만, 옥외집회 또는 시위 장소가 두 곳 이상의 경찰서의 관할에 속하는 경우에는 관할 시·도경찰청장에게 제출하여야 하고, 두 곳 이상의 시·도경찰청 관할에 속하는 경우에는 주최지를 관할하는 시·도경찰청장에게 제출하여야 한다. <개정 2020.12.22>"
000981,224533,호,22,1. 목적
000981,224533,호,23,2. 일시(필요한 시간을 포함한다)
000981,224533,호,24,3. 장소
000981,224533,호,25,"4. 주최자(단체인 경우에는 그 대표자를 포함한다), 연락책임자, 질서유지인에 관한 다음 각 목의 사항"
000981,224533,목,26,가. 주소
000981,224533,목,27,나. 성명
000981,224533,목,28,다. 직업
000981,224533,목,29,라. 연락처
000981,224533,호,30,5. 참가 예정인 단체와 인원
000981,224533,호,31,6. 시위의 경우 그 방법(진로와 약도를 포함한다)
000981,224533,항,32,"②관할 경찰서장 또는 시·도경찰청장(이하 ""관할경찰관서장""이라 한다)은 제1항에 따른 신고서를 접수하면 신고자에게 접수 일시를 적은 접수증을 즉시 내주어야 한다. <개정 2020.12.22>"
000981,224533,항,33,③ 주최자는 제1항에 따라 신고한 옥외집회 또는 시위를 하지 아니하게 된 경우에는 신고서에 적힌 집회 일시 24시간 전에 그 철회사유 등을 적은 철회신고서를 관할경찰관서장에게 제출하여야 한다. <개정 2016.1.27>
000981,224533,항,34,④제3항에 따라 철회신고서를 받은 관할경찰관서장은 제8조제3항에 따라 금지 통고를 한 집회나 시위가 있는 경우에는 그 금지 통고를 받은 주최자에게 제3항에 따른 사실을 즉시 알려야 한다. <개정 2016.1.27>
000981,224533,항,35,"⑤제4항에 따라 통지를 받은 주최자는 그 금지 통고된 집회 또는 시위를 최초에 신고한 대로 개최할 수 있다. 다만, 금지 통고 등으로 시기를 놓친 경우에는 일시를 새로 정하여 집회 또는 시위를 시작하기 24시간 전에 관할경찰관서장에게 신고서를 제출하고 집회 또는 시위를 개최할 수 있다."
000981,224533,조문,36,제7조(신고서의 보완 등)
000981,224533,항,37,①관할경찰관서장은 제6조제1항에 따른 신고서의 기재 사항에 미비한 점을 발견하면 접수증을 교부한 때부터 12시간 이내에 주최자에게 24시간을 기한으로 그 기재 사항을 보완할 것을 통고할 수 있다.
000981,224533,항,38,②제1항에 따른 보완 통고는 보완할 사항을 분명히 밝혀 서면으로 주최자 또는 연락책임자에게 송달하여야 한다.
000981,224533,조문,39,제8조(집회 및 시위의 금지 또는 제한 통고)
000981,224533,항,40,"①제6조제1항에 따른 신고서를 접수한 관할경찰관서장은 신고된 옥외집회 또는 시위가 다음 각 호의 어느 하나에 해당하는 때에는 신고서를 접수한 때부터 48시간 이내에 집회 또는 시위를 금지할 것을 주최자에게 통고할 수 있다. 다만, 집회 또는 시위가 집단적인 폭행, 협박, 손괴, 방화 등으로 공공의 안녕 질서에 직접적인 위험을 초래한 경우에는 남은 기간의 해당 집회 또는 시위에 대하여 신고서를 접수한 때부터 48시간이 지난 경우에도 금지 통고를 할 수 있다."
000981,224533,호,41,"1. 제5조제1항, 제10조 본문 또는 제11조에 위반된다고 인정될 때"
000981,224533,호,42,2. 제7조제1항에 따른 신고서 기재 사항을 보완하지 아니한 때
000981,224533,호,43,3. 제12조에 따라 금지할 집회 또는 시위라고 인정될 때
000981,224533,항,44,② 관할경찰관서장은 집회 또는 시위의 시간과 장소가 중복되는 2개 이상의 신고가 있는 경우 그 목적으로 보아 서로 상반되거나 방해가 된다고 인정되면 각 옥외집회 또는 시위 간에 시간을 나누거나 장소를 분할하여 개최하도록 권유하는 등 각 옥외집회 또는 시위가 서로 방해되지 아니하고 평화적으로 개최·진행될 수 있도록 노력하여야 한다. <개정 2016.1.27>
000981,224533,항,45,③ 관할경찰관서장은 제2항에 따른 권유가 받아들여지지 아니하면 뒤에 접수된 옥외집회 또는 시위에 대하여 제1항에 준하여 그 집회 또는 시위의 금지를 통고할 수 있다. <신설 2016.1.27>
000981,224533,항,46,④ 제3항에 따라 뒤에 접수된 옥외집회 또는 시위가 금지 통고된 경우 먼저 신고를 접수하여 옥외집회 또는 시위를 개최할 수 있는 자는 집회 시작 1시간 전에 관할경찰관서장에게 집회 개최 사실을 통지하여야 한다. <신설 2016.1.27>
000981,224533,항,47,"⑤다음 각 호의 어느 하나에 해당하는 경우로서 그 거주자나 관리자가 시설이나 장소의 보호를 요청하는 경우에는 집회나 시위의 금지 또는 제한을 통고할 수 있다. 이 경우 집회나 시위의 금지 통고에 대하여는 제1항을 준용한다. <개정 2007.12.21, 2016.1.27>"
000981,224533,호,48,"1. 제6조제1항의 신고서에 적힌 장소(이하 이 항에서 ""신고장소""라 한다)가 다른 사람의 주거지역이나 이와 유사한 장소로서 집회나 시위로 재산 또는 시설에 심각한 피해가 발생하거나 사생활의 평온(平穩)을 뚜렷하게 해칠 우려가 있는 경우"
000981,224533,호,49,2. 신고장소가 「초·중등교육법」 제2조에 따른 학교의 주변 지역으로서 집회 또는 시위로 학습권을 뚜렷이 침해할 우려가 있는 경우
000981,224533,호,50,3. 신고장소가 「군사기지 및 군사시설 보호법」 제2조제2호에 따른 군사시설의 주변 지역으로서 집회 또는 시위로 시설이나 군 작전의 수행에 심각한 피해가 발생할 우려가 있는 경우
000981,224533,항,51,⑥집회 또는 시위의 금지 또는 제한 통고는 그 이유를 분명하게 밝혀 서면으로 주최자 또는 연락책임자에게 송달하여야 한다. <개정 2016.1.27>
000981,224533,조문,52,제9조(집회 및 시위의 금지 통고에 대한 이의 신청 등)
000981,224533,항,53,①집회 또는 시위의 주최자는 제8조에 따른 금지 통고를 받은 날부터 10일 이내에 해당 경찰관서의 바로 위의 상급경찰관서의 장에게 이의를 신청할 수 있다.
000981,224533,항,54,②제1항에 따른 이의 신청을 받은 경찰관서의 장은 접수 일시를 적은 접수증을 이의 신청인에게 즉시 내주고 접수한 때부터 24시간 이내에 재결(裁決)을 하여야 한다. 이 경우 접수한 때부터 24시간 이내에 재결서를 발송하지 아니하면 관할경찰관서장의 금지 통고는 소급하여 그 효력을 잃는다.
000981,224533,항,55,"③이의 신청인은 제2항에 따라 금지 통고가 위법하거나 부당한 것으로 재결되거나 그 효력을 잃게 된 경우 처음 신고한 대로 집회 또는 시위를 개최할 수 있다. 다만, 금지 통고 등으로 시기를 놓친 경우에는 일시를 새로 정하여 집회 또는 시위를 시작하기 24시간 전에 관할경찰관서장에게 신고함으로써 집회 또는 시위를 개최할 수 있다."
000981,224533,조문,56,"제10조(옥외집회와 시위의 금지 시간) 누구든지 해가 뜨기 전이나 해가 진 후에는 옥외집회 또는 시위를 하여서는 아니 된다. 다만, 집회의 성격상 부득이하여 주최자가 질서유지인을 두고 미리 신고한 경우에는 관할경찰관서장은 질서 유지를 위한 조건을 붙여 해가 뜨기 전이나 해가 진 후에도 옥외집회를 허용할 수 있다."
000981,224533,조문,57,제11조(옥외집회와 시위의 금지 장소) 누구든지 다음 각 호의 어느 하나에 해당하는 청사 또는 저택의 경계 지점으로부터 100 미터 이내의 장소에서는 옥외집회 또는 시위를 하여서는 아니 된다. <개정 2020.6.9>
000981,224533,항,58,
000981,224533,호,59,"1. 국회의사당. 다만, 다음 각 목의 어느 하나에 해당하는 경우로서 국회의 기능이나 안녕을 침해할 우려가 없다고 인정되는 때에는 그러하지 아니하다."
000981,224533,목,60,가. 국회의 활동을 방해할 우려가 없는 경우
000981,224533,목,61,나. 대규모 집회 또는 시위로 확산될 우려가 없는 경우
000981,224533,호,62,"2. 각급 법원, 헌법재판소. 다만, 다음 각 목의 어느 하나에 해당하는 경우로서 각급 법원, 헌법재판소의 기능이나 안녕을 침해할 우려가 없다고 인정되는 때에는 그러하지 아니하다."
000981,224533,목,63,가. 법관이나 재판관의 직무상 독립이나 구체적 사건의 재판에 영향을 미칠 우려가 없는 경우
000981,224533,목,64,나. 대규모 집회 또는 시위로 확산될 우려가 없는 경우
000981,224533,호,65,"3. 대통령 관저(官邸), 국회의장 공관, 대법원장 공관, 헌법재판소장 공관"
000981,224533,호,66,"4. 국무총리 공관. 다만, 다음 각 목의 어느 하나에 해당하는 경우로서 국무총리 공관의 기능이나 안녕을 침해할 우려가 없다고 인정되는 때에는 그러하지 아니하다."
000981,224533,목,67,가. 국무총리를 대상으로 하지 아니하는 경우
000981,224533,목,68,나. 대규모 집회 또는 시위로 확산될 우려가 없는 경우
000981,224533,호,69,"5. 국내 주재 외국의 외교기관이나 외교사절의 숙소. 다만, 다음 각 목의 어느 하나에 해당하는 경우로서 외교기관 또는 외교사절 숙소의 기능이나 안녕을 침해할 우려가 없다고 인정되는 때에는 그러하지 아니하다."
000981,224533,목,70,가. 해당 외교기관 또는 외교사절의 숙소를 대상으로 하지 아니하는 경우
000981,224533,목,71,나. 대규모 집회 또는 시위로 확산될 우려가 없는 경우
000981,224533,목,72,다. 외교기관의 업무가 없는 휴일에 개최하는 경우
000981,224533,조문,73,제12조(교통 소통을 위한 제한)
000981,224533,항,74,①관할경찰관서장은 대통령령으로 정하는 주요 도시의 주요 도로에서의 집회 또는 시위에 대하여 교통 소통을 위하여 필요하다고 인정하면 이를 금지하거나 교통질서 유지를 위한 조건을 붙여 제한할 수 있다.
000981,224533,항,75,"②집회 또는 시위의 주최자가 질서유지인을 두고 도로를 행진하는 경우에는 제1항에 따른 금지를 할 수 없다. 다만, 해당 도로와 주변 도로의 교통 소통에 장애를 발생시켜 심각한 교통 불편을 줄 우려가 있으면 제1항에 따른 금지를 할 수 있다."
000981,224533,조문,76,제13조(질서유지선의 설정)
000981,224533,항,77,①제6조제1항에 따른 신고를 받은 관할경찰관서장은 집회 및 시위의 보호와 공공의 질서 유지를 위하여 필요하다고 인정하면 최소한의 범위를 정하여 질서유지선을 설정할 수 있다.
000981,224533,항,78,②제1항에 따라 경찰관서장이 질서유지선을 설정할 때에는 주최자 또는 연락책임자에게 이를 알려야 한다.
000981,224533,조문,79,제14조(확성기등 사용의 제한)
000981,224533,항,80,"①집회 또는 시위의 주최자는 확성기, 북, 징, 꽹과리 등의 기계·기구(이하 이 조에서 ""확성기 등""이라 한다)를 사용하여 타인에게 심각한 피해를 주는 소음으로서 대통령령으로 정하는 기준을 위반하는 소음을 발생시켜서는 아니 된다."
000981,224533,항,81,②관할경찰관서장은 집회 또는 시위의 주최자가 제1항에 따른 기준을 초과하는 소음을 발생시켜 타인에게 피해를 주는 경우에는 그 기준 이하의 소음 유지 또는 확성기등의 사용 중지를 명하거나 확성기 등의 일시보관 등 필요한 조치를 할 수 있다.
000981,224533,조문,82,"제15조(적용의 배제) 학문, 예술, 체육, 종교, 의식, 친목, 오락, 관혼상제(冠婚喪祭) 및 국경행사(國慶行事)에 관한 집회에는 제6조부터 제12조까지의 규정을 적용하지 아니한다."
000981,224533,조문,83,제16조(주최자의 준수 사항)
000981,224533,항,84,①집회 또는 시위의 주최자는 집회 또는 시위에 있어서의 질서를 유지하여야 한다.
000981,224533,항,85,②집회 또는 시위의 주최자는 집회 또는 시위의 질서 유지에 관하여 자신을 보좌하도록 18세 이상의 사람을 질서유지인으로 임명할 수 있다.
000981,224533,항,86,③집회 또는 시위의 주최자는 제1항에 따른 질서를 유지할 수 없으면 그 집회 또는 시위의 종결(終結)을 선언하여야 한다.
000981,224533,항,87,④집회 또는 시위의 주최자는 다음 각 호의 어느 하나에 해당하는 행위를 하여서는 아니 된다.
000981,224533,호,88,"1. 총포, 폭발물, 도검(刀劍), 철봉, 곤봉, 돌덩이 등 다른 사람의 생명을 위협하거나 신체에 해를 끼칠 수 있는 기구(器具)를 휴대하거나 사용하는 행위 또는 다른 사람에게 이를 휴대하게 하거나 사용하게 하는 행위"
000981,224533,호,89,"2. 폭행, 협박, 손괴, 방화 등으로 질서를 문란하게 하는 행위"
000981,224533,호,90,"3. 신고한 목적, 일시, 장소, 방법 등의 범위를 뚜렷이 벗어나는 행위"
000981,224533,항,91,⑤옥내집회의 주최자는 확성기를 설치하는 등 주변에서의 옥외 참가를 유발하는 행위를 하여서는 아니 된다.
000981,224533,조문,92,제17조(질서유지인의 준수 사항 등)
000981,224533,항,93,①질서유지인은 주최자의 지시에 따라 집회 또는 시위 질서가 유지되도록 하여야 한다.
000981,224533,항,94,②질서유지인은 제16조제4항 각  호의 어느 하나에 해당하는 행위를 하여서는 아니 된다.
000981,224533,항,95,"③질서유지인은 참가자 등이 질서유지인임을 쉽게 알아볼 수 있도록 완장, 모자, 어깨띠, 상의 등을 착용하여야 한다."
000981,224533,항,96,④관할경찰관서장은 집회 또는 시위의 주최자와 협의하여 질서유지인의 수(數)를 적절하게 조정할 수 있다.
000981,224533,항,97,⑤집회나 시위의 주최자는 제4항에 따라 질서유지인의 수를 조정한 경우 집회 또는 시위를 개최하기 전에 조정된 질서유지인의 명단을 관할경찰관서장에게 알려야 한다.
000981,224533,조문,98,제18조(참가자의 준수 사항)
000981,224533,항,99,①집회나 시위에 참가하는 자는 주최자 및 질서유지인의 질서 유지를 위한 지시에 따라야 한다.
000981,224533,항,100,②집회나 시위에 참가하는 자는 제16조제4항제1호 및 제2호에 해당하는 행위를 하여서는 아니 된다.
000981,224533,조문,101,제19조(경찰관의 출입)
000981,224533,항,102,"①경찰관은 집회 또는 시위의 주최자에게 알리고 그 집회 또는 시위의 장소에 정복(正服)을 입고 출입할 수 있다. 다만, 옥내집회 장소에 출입하는 것은 직무 집행을 위하여 긴급한 경우에만 할 수 있다."
000981,224533,항,103,"②집회나 시위의 주최자, 질서유지인 또는 장소관리자는 질서를 유지하기 위한 경찰관의 직무집행에 협조하여야 한다."
000981,224533,조문,104,제20조(집회 또는 시위의 해산)
000981,224533,항,105,①관할경찰관서장은 다음 각 호의 어느 하나에 해당하는 집회 또는 시위에 대하여는 상당한 시간 이내에 자진(自進) 해산할 것을 요청하고 이에 따르지 아니하면 해산(解散)을 명할 수 있다. <개정 2016.1.27>
000981,224533,호,106,"1. 제5조제1항, 제10조 본문 또는 제11조를 위반한 집회 또는 시위"
000981,224533,호,107,2. 제6조제1항에 따른 신고를 하지 아니하거나 제8조 또는 제12조에 따라 금지된 집회 또는 시위
000981,224533,호,108,"3. 제8조제5항에 따른 제한, 제10조 단서 또는 제12조에 따른 조건을 위반하여 교통 소통 등 질서 유지에 직접적인 위험을 명백하게 초래한 집회 또는 시위"
000981,224533,호,109,4. 제16조제3항에 따른 종결 선언을 한 집회 또는 시위
000981,224533,호,110,5. 제16조제4항 각 호의 어느 하나에 해당하는 행위로 질서를 유지할 수 없는 집회 또는 시위
000981,224533,항,111,②집회 또는 시위가 제1항에 따른 해산 명령을 받았을 때에는 모든 참가자는 지체 없이 해산하여야 한다.
000981,224533,항,112,③제1항에 따른 자진 해산의 요청과 해산 명령의 고지(告知) 등에 필요한 사항은 대통령령으로 정한다.
000981,224533,조문,113,제21조(집회·시위자문위원회)
000981,224533,항,114,"①집회 및 시위의 자유와 공공의 안녕 질서가 조화를 이루도록 하기 위하여 각급 경찰관서에 다음 각 호의 사항에 관하여 각급 경찰관서장의 자문 등에 응하는 집회·시위자문위원회(이하 이 조에서 ""위원회""라 한다)를 둘 수 있다."
000981,224533,호,115,1. 제8조에 따른 집회 또는 시위의 금지 또는 제한 통고
000981,224533,호,116,2. 제9조제2항에 따른 이의 신청에 관한 재결
000981,224533,호,117,3. 집회 또는 시위에 대한 사례 검토
000981,224533,호,118,4. 집회 또는 시위 업무의 처리와 관련하여 필요한 사항
000981,224533,항,119,"②위원회에는 위원장 1명을 두되, 위원장을 포함한 5명 이상 7명 이하의 위원으로 구성된다."
000981,224533,항,120,③위원장과 위원은 각급 경찰관서장이 전문성과 공정성 등을 고려하여 다음 각 호의 사람 중에서 위촉한다.
000981,224533,호,121,1. 변호사
000981,224533,호,122,2. 교수
000981,224533,호,123,3. 시민단체에서 추천하는 사람
000981,224533,호,124,4. 관할 지역의 주민대표
000981,224533,항,125,④위원회의 구성·운영 등에 필요한 사항은 대통령령으로 정한다.
000981,224533,조문,126,제22조(벌칙)
000981,224533,항,127,"①제3조제1항 또는 제2항을 위반한 자는 3년 이하의 징역 또는 300만원 이하의 벌금에 처한다. 다만, 군인·검사 또는 경찰관이 제3조제1항 또는 제2항을 위반한 경우에는 5년 이하의 징역에 처한다."
000981,224533,항,128,②제5조제1항 또는 제6조제1항을 위반하거나 제8조에 따라 금지를 통고한 집회 또는 시위를 주최한 자는 2년 이하의 징역 또는 200만원 이하의 벌금에 처한다.
000981,224533,항,129,③제5조제2항 또는 제16조제4항을 위반한 자는 1년 이하의 징역 또는 100만원 이하의 벌금에 처한다.
000981,224533,항,130,④그 사실을 알면서 제5조제1항을 위반한 집회 또는 시위에 참가한 자는 6개월 이하의 징역 또는 50만원 이하의 벌금·구류 또는 과료에 처한다.
000981,224533,조문,131,"제23조(벌칙) 제10조 본문 또는 제11조를 위반한 자, 제12조에 따른 금지를 위반한 자는 다음 각 호의 구분에 따라 처벌한다."
000981,224533,항,132,
000981,224533,호,133,1. 주최자는 1년 이하의 징역 또는 100만원 이하의 벌금
000981,224533,호,134,2. 질서유지인은 6개월 이하의 징역 또는 50만원 이하의 벌금·구류 또는 과료
000981,224533,호,135,3. 그 사실을 알면서 참가한 자는 50만원 이하의 벌금·구류 또는 과료
000981,224533,조문,136,제24조(벌칙) 다음 각 호의 어느 하나에 해당하는 자는 6개월 이하의 징역 또는 50만원 이하의 벌금·구류 또는 과료에 처한다.
000981,224533,항,137,
000981,224533,호,138,1. 제4조에 따라 주최자 또는 질서유지인이 참가를 배제했는데도 그 집회 또는 시위에 참가한 자
000981,224533,호,139,2. 제6조제1항에 따른 신고를 거짓으로 하고 집회 또는 시위를 개최한 자
000981,224533,호,140,3. 제13조에 따라 설정한 질서유지선을 경찰관의 경고에도 불구하고 정당한 사유 없이 상당 시간 침범하거나 손괴·은닉·이동 또는 제거하거나 그 밖의 방법으로 그 효용을 해친 자
000981,224533,호,141,4. 제14조제2항에 따른 명령을 위반하거나 필요한 조치를 거부·방해한 자
000981,224533,호,142,"5. 제16조제5항, 제17조제2항, 제18조제2항 또는 제20조제2항을 위반한 자"
000981,224533,조문,143,제25조(단체의 대표자에 대한 벌칙 적용) 단체가 집회 또는 시위를 주최하는 경우에는 이 법의 벌칙 적용에서 그 대표자를 주최자로 본다.
000981,224533,조문,144,제26조(과태료)
000981,224533,항,145,① 제8조제4항에 해당하는 먼저 신고된 옥외집회 또는 시위의 주최자가 정당한 사유 없이 제6조제3항을 위반한 경우에는 100만원 이하의 과태료를 부과한다.
000981,224533,항,146,② 제1항에 따른 과태료는 대통령령으로 정하는 바에 따라 시·도경찰청장 또는 경찰서장이 부과·징수한다. <개정 2020.12.22>
