법령일련번호,MST,구분,문장번호,내용
010590,112303,조문,1,제1장 총칙
010590,112303,조문,2,제1조(목적) 이 법은 인간의 존엄과 가치를 존중하고 국제사회의 정의를 실현하기 위하여 「국제형사재판소에 관한 로마규정」에 따른 국제형사재판소의 관할 범죄를 처벌하고 대한민국과 국제형사재판소 간의 협력에 관한 절차를 정함을 목적으로 한다.
010590,112303,조문,3,제2조(정의) 이 법에서 사용하는 용어의 뜻은 다음과 같다.
010590,112303,항,4,
010590,112303,호,5,"1. ""집단살해죄등""이란 제8조부터 제14조까지의 죄를 말한다."
010590,112303,호,6,"2. ""국제형사재판소""란 1998년 7월 17일 이탈리아 로마에서 개최된 국제연합 전권외교회의에서 채택되어 2002년 7월 1일 발효된 「국제형사재판소에 관한 로마규정」(이하 ""국제형사재판소규정""이라 한다)에 따라 설립된 재판소를 말한다."
010590,112303,호,7,"3. ""제네바협약""이란 「육전에 있어서의 군대의 부상자 및 병자의 상태 개선에 관한 1949년 8월 12일자 제네바협약」(제1협약), 「해상에 있어서의 군대의 부상자, 병자 및 조난자의 상태 개선에 관한 1949년 8월 12일자 제네바협약」(제2협약), 「포로의 대우에 관한 1949년 8월 12일자 제네바협약」(제3협약) 및 「전시에 있어서의 민간인의 보호에 관한 1949년 8월 12일자 제네바협약」(제4협약)을 말한다."
010590,112303,호,8,"4. ""외국인""이란 대한민국의 국적을 가지지 아니한 사람을 말한다."
010590,112303,호,9,"5. ""노예화""란 사람에 대한 소유권에 부속되는 모든 권한의 행사를 말하며, 사람 특히 여성과 아동을 거래하는 과정에서 그러한 권한을 행사하는 것을 포함한다."
010590,112303,호,10,"6. ""강제임신""이란 주민의 민족적 구성에 영향을 미치거나 다른 중대한 국제법 위반을 실행할 의도로 강제로 임신시키거나 강제로 임신하게 된 여성을 정당한 사유 없이 불법적으로 감금하여 그 임신 상태를 유지하도록 하는 것을 말한다."
010590,112303,호,11,"7. ""인도(人道)에 관한 국제법규에 따라 보호되는 사람""이란 다음 각 목의 어느 하나에 해당하는 사람을 말한다."
010590,112303,목,12,"가. 국제적 무력충돌의 경우에 제네바협약 및 「1949년 8월 12일자 제네바협약에 대한 추가 및 국제적 무력충돌의 희생자 보호에 관한 의정서」(제1의정서)에 따라 보호되는 부상자, 병자, 조난자, 포로 또는 민간인"
010590,112303,목,13,"나. 비국제적 무력충돌의 경우에 부상자, 병자, 조난자 또는 적대행위에 직접 참여하지 아니한 사람으로서 무력충돌 당사자의 지배하에 있는 사람"
010590,112303,목,14,다. 국제적 무력충돌 또는 비국제적 무력충돌의 경우에 항복하거나 전투 능력을 잃은 적대 당사자 군대의 구성원이나 전투원
010590,112303,조문,15,제3조(적용범위)
010590,112303,항,16,① 이 법은 대한민국 영역 안에서 이 법으로 정한 죄를 범한 내국인과 외국인에게 적용한다.
010590,112303,항,17,② 이 법은 대한민국 영역 밖에서 이 법으로 정한 죄를 범한 내국인에게 적용한다.
010590,112303,항,18,③ 이 법은 대한민국 영역 밖에 있는 대한민국의 선박 또는 항공기 안에서 이 법으로 정한 죄를 범한 외국인에게 적용한다.
010590,112303,항,19,④ 이 법은 대한민국 영역 밖에서 대한민국 또는 대한민국 국민에 대하여 이 법으로 정한 죄를 범한 외국인에게 적용한다.
010590,112303,항,20,⑤ 이 법은 대한민국 영역 밖에서 집단살해죄등을 범하고 대한민국영역 안에 있는 외국인에게 적용한다.
010590,112303,조문,21,제4조(상급자의 명령에 따른 행위)
010590,112303,항,22,① 정부 또는 상급자의 명령에 복종할 법적 의무가 있는 사람이 그 명령에 따른 자기의 행위가 불법임을 알지 못하고 집단살해죄등을 범한 경우에는 명령이 명백한 불법이 아니고 그 오인(誤認)에 정당한 이유가 있을 때에만 처벌하지 아니한다.
010590,112303,항,23,② 제1항의 경우에 제8조 또는 제9조의 죄를 범하도록 하는 명령은 명백히 불법인 것으로 본다.
010590,112303,조문,24,제5조(지휘관과 그 밖의 상급자의 책임) 군대의 지휘관(지휘관의 권한을 사실상 행사하는 사람을 포함한다. 이하 같다) 또는 단체·기관의 상급자(상급자의 권한을 사실상 행사하는 사람을 포함한다. 이하 같다)가 실효적인 지휘와 통제하에 있는 부하 또는 하급자가 집단살해죄등을 범하고 있거나 범하려는 것을 알고도 이를 방지하기 위하여 필요한 상당한 조치를 하지 아니하였을 때에는 그 집단살해죄등을 범한 사람을 처벌하는 외에 그 지휘관 또는 상급자도 각 해당 조문에서 정한 형으로 처벌한다.
010590,112303,조문,25,제6조(시효의 적용 배제) 집단살해죄등에 대하여는 「형사소송법」 제249조부터 제253조까지 및 「군사법원법」 제291조부터 제295조까지의 규정에 따른 공소시효와 「형법」 제77조부터 제80조까지의 규정에 따른 형의 시효에 관한 규정을 적용하지 아니한다.
010590,112303,조문,26,제7조(면소의 판결) 집단살해죄등의 피고사건에 관하여 이미 국제형사재판소에서 유죄 또는 무죄의 확정판결이 있은 경우에는 판결로써 면소(免訴)를 선고하여야 한다.
010590,112303,조문,27,제2장 국제형사재판소 관할 범죄의 처벌
010590,112303,조문,28,제8조(집단살해죄)
010590,112303,항,29,"① 국민적·인종적·민족적 또는 종교적 집단 자체를 전부 또는 일부 파괴할 목적으로 그 집단의 구성원을 살해한 사람은 사형, 무기 또는 7년 이상의 징역에 처한다."
010590,112303,항,30,② 제1항과 같은 목적으로 다음 각 호의 어느 하나에 해당하는 행위를 한 사람은 무기 또는 5년 이상의 징역에 처한다.
010590,112303,호,31,1. 제1항의 집단의 구성원에 대하여 중대한 신체적 또는 정신적 위해(危害)를 끼치는 행위
010590,112303,호,32,2. 신체의 파괴를 불러일으키기 위하여 계획된 생활조건을 제1항의 집단에 고의적으로 부과하는 행위
010590,112303,호,33,3. 제1항의 집단 내 출생을 방지하기 위한 조치를 부과하는 행위
010590,112303,호,34,4. 제1항의 집단의 아동을 강제로 다른 집단으로 이주하도록 하는 행위
010590,112303,항,35,③ 제2항 각 호의 어느 하나에 해당하는 행위를 하여 사람을 사망에 이르게 한 사람은 제1항에서 정한 형에 처한다.
010590,112303,항,36,④ 제1항 또는 제2항의 죄를 선동한 사람은 5년 이상의 유기징역에 처한다.
010590,112303,항,37,⑤ 제1항 또는 제2항에 규정된 죄의 미수범은 처벌한다.
010590,112303,조문,38,제9조(인도에 반한 죄)
010590,112303,항,39,"① 민간인 주민을 공격하려는 국가 또는 단체·기관의 정책과 관련하여 민간인 주민에 대한 광범위하거나 체계적인 공격으로 사람을 살해한 사람은 사형, 무기 또는 7년 이상의 징역에 처한다."
010590,112303,항,40,② 민간인 주민을 공격하려는 국가 또는 단체·기관의 정책과 관련하여 민간인 주민에 대한 광범위하거나 체계적인 공격으로 다음 각 호의 어느 하나에 해당하는 행위를 한 사람은 무기 또는 5년 이상의 징역에 처한다.
010590,112303,호,41,1. 식량과 의약품에 대한 주민의 접근을 박탈하는 등 일부 주민의 말살을 불러올 생활조건을 고의적으로 부과하는 행위
010590,112303,호,42,2. 사람을 노예화하는 행위
010590,112303,호,43,3. 국제법규를 위반하여 강제로 주민을 그 적법한 주거지에서 추방하거나 이주하도록 하는 행위
010590,112303,호,44,4. 국제법규를 위반하여 사람을 감금하거나 그 밖의 방법으로 신체적 자유를 박탈하는 행위
010590,112303,호,45,5. 자기의 구금 또는 통제하에 있는 사람에게 정당한 이유 없이 중대한 신체적 또는 정신적 고통을 주어 고문하는 행위
010590,112303,호,46,"6. 강간, 성적 노예화, 강제매춘, 강제임신, 강제불임 또는 이와 유사한 중대한 성적 폭력 행위"
010590,112303,호,47,"7. 정치적·인종적·국민적·민족적·문화적·종교적 사유, 성별 또는 그 밖의 국제법규에 따라 인정되지 아니하는 사유로 집단 또는 집합체 구성원의 기본적 인권을 박탈하거나 제한하는 행위"
010590,112303,호,48,8. 사람을 장기간 법의 보호로부터 배제시킬 목적으로 국가 또는 정치단체의 허가·지원 또는 묵인하에 이루어지는 다음 각 목의 어느 하나에 해당하는 행위
010590,112303,목,49,"가. 사람을 체포·감금·약취 또는 유인(이하 ""체포등""이라 한다)한 후 그 사람에 대한 체포등의 사실, 인적 사항, 생존 여부 및 소재지 등에 대한 정보 제공을 거부하거나 거짓 정보를 제공하는 행위"
010590,112303,목,50,나. 가목에 규정된 정보를 제공할 의무가 있는 사람이 정보 제공을 거부하거나 거짓 정보를 제공하는 행위
010590,112303,호,51,9. 제1호부터 제8호까지의 행위 외의 방법으로 사람의 신체와 정신에 중대한 고통이나 손상을 주는 행위
010590,112303,항,52,③ 인종집단의 구성원으로서 다른 인종집단을 조직적으로 억압하고 지배하는 체제를 유지할 목적으로 제1항 또는 제2항에 따른 행위를 한 사람은 각 항에서 정한 형으로 처벌한다.
010590,112303,항,53,④ 제2항 각 호의 어느 하나에 해당하는 행위 또는 제3항의 행위(제2항 각 호의 어느 하나에 해당하는 행위로 한정한다)를 하여 사람을 사망에 이르게 한 사람은 제1항에서 정한 형에 처한다.
010590,112303,항,54,⑤ 제1항부터 제3항까지에 규정된 죄의 미수범은 처벌한다.
010590,112303,조문,55,제10조(사람에 대한 전쟁범죄)
010590,112303,항,56,"① 국제적 무력충돌 또는 비국제적 무력충돌(폭동이나 국지적이고 산발적인 폭력행위와 같은 국내적 소요나 긴장 상태는 제외한다. 이하 같다)과 관련하여 인도에 관한 국제법규에 따라 보호되는 사람을 살해한 사람은 사형, 무기 또는 7년 이상의 징역에 처한다."
010590,112303,항,57,② 국제적 무력충돌 또는 비국제적 무력충돌과 관련하여 다음 각 호의 어느 하나에 해당하는 행위를 한 사람은 무기 또는 5년 이상의 징역에 처한다.
010590,112303,호,58,1. 인도에 관한 국제법규에 따라 보호되는 사람을 인질로 잡는 행위
010590,112303,호,59,2. 인도에 관한 국제법규에 따라 보호되는 사람에게 고문이나 신체의 절단 등으로 신체 또는 건강에 중대한 고통이나 손상을 주는 행위
010590,112303,호,60,"3. 인도에 관한 국제법규에 따라 보호되는 사람을 강간, 강제매춘, 성적 노예화, 강제임신 또는 강제불임의 대상으로 삼는 행위"
010590,112303,항,61,③ 국제적 무력충돌 또는 비국제적 무력충돌과 관련하여 다음 각 호의 어느 하나에 해당하는 행위를 한 사람은 3년 이상의 유기징역에 처한다.
010590,112303,호,62,1. 인도에 관한 국제법규에 따라 보호되는 사람을 국제법규를 위반하여 주거지로부터 추방하거나 이송하는 행위
010590,112303,호,63,2. 공정한 정식재판에 의하지 아니하고 인도에 관한 국제법규에 따라 보호되는 사람에게 형을 부과하거나 집행하는 행위
010590,112303,호,64,3. 치료의 목적 등 정당한 사유 없이 인도에 관한 국제법규에 따라 보호되는 사람을 그의 자발적이고 명시적인 사전 동의 없이 생명·신체에 중대한 위해를 끼칠 수 있는 의학적·과학적 실험의 대상으로 삼는 행위
010590,112303,호,65,4. 조건 없이 항복하거나 전투능력을 잃은 군대의 구성원이나 전투원에게 상해(傷害)를 입히는 행위
010590,112303,호,66,5. 15세 미만인 사람을 군대 또는 무장집단에 징집 또는 모병의 방법으로 참여하도록 하거나 적대행위에 참여하도록 하는 행위
010590,112303,항,67,④ 국제적 무력충돌 또는 비국제적 무력충돌과 관련하여 인도에 관한 국제법규에 따라 보호되는 사람을 중대하게 모욕하거나 품위를 떨어뜨리는 처우를 한 사람은 1년 이상의 유기징역에 처한다.
010590,112303,항,68,⑤ 국제적 무력충돌과 관련하여 다음 각 호의 어느 하나에 해당하는 행위를 한 사람은 3년 이상의 유기징역에 처한다.
010590,112303,호,69,1. 정당한 사유 없이 인도에 관한 국제법규에 따라 보호되는 사람을 감금하는 행위
010590,112303,호,70,2. 자국의 주민 일부를 점령지역으로 이주시키는 행위
010590,112303,호,71,3. 인도에 관한 국제법규에 따라 보호되는 사람으로 하여금 강제로 적국의 군대에 복무하도록 하는 행위
010590,112303,호,72,4. 적국의 국민을 강제로 자신의 국가에 대한 전쟁 수행에 참여하도록 하는 행위
010590,112303,항,73,"⑥ 제2항·제3항 또는 제5항의 죄를 범하여 사람을 사망에 이르게 한 사람은 사형, 무기 또는 7년 이상의 징역에 처한다."
010590,112303,항,74,⑦ 제1항부터 제5항까지에 규정된 죄의 미수범은 처벌한다.
010590,112303,조문,75,제11조(재산 및 권리에 대한 전쟁범죄)
010590,112303,항,76,① 국제적 무력충돌 또는 비국제적 무력충돌과 관련하여 적국 또는 적대 당사자의 재산을 약탈하거나 무력충돌의 필요상 불가피하지 아니한데도 적국 또는 적대 당사자의 재산을 국제법규를 위반하여 광범위하게 파괴·징발하거나 압수한 사람은 무기 또는 3년 이상의 징역에 처한다.
010590,112303,항,77,② 국제적 무력충돌과 관련하여 국제법규를 위반하여 적국의 국민 전부 또는 다수의 권리나 소송행위가 법정에서 폐지·정지되거나 허용되지 아니한다고 선언한 사람은 3년 이상의 유기징역에 처한다.
010590,112303,항,78,③ 제1항 또는 제2항에 규정된 죄의 미수범은 처벌한다.
010590,112303,조문,79,제12조(인도적 활동이나 식별표장 등에 관한 전쟁범죄)
010590,112303,항,80,① 국제적 무력충돌 또는 비국제적 무력충돌과 관련하여 다음 각 호의 어느 하나에 해당하는 행위를 한 사람은 3년 이상의 유기징역에 처한다.
010590,112303,호,81,1. 국제연합헌장에 따른 인도적 원조나 평화유지임무와 관련된 요원·시설·자재·부대 또는 차량이 무력충돌에 관한 국제법에 따라 민간인 또는 민간 대상물에 부여되는 보호를 받을 자격이 있는데도 그들을 고의적으로 공격하는 행위
010590,112303,호,82,"2. 제네바협약에 규정된 식별표장(識別表裝)을 정당하게 사용하는 건물, 장비, 의무부대, 의무부대의 수송수단 또는 요원을 공격하는 행위"
010590,112303,항,83,"② 국제적 무력충돌 또는 비국제적 무력충돌과 관련하여 제네바협약에 규정된 식별표장·휴전기(休戰旗), 적이나 국제연합의 깃발·군사표지 또는 제복을 부정한 방법으로 사용하여 사람을 사망에 이르게 하거나 사람의 신체에 중대한 손상을 입힌 사람은 다음의 구분에 따라 처벌한다."
010590,112303,호,84,"1. 사람을 사망에 이르게 한 사람은 사형, 무기 또는 7년 이상의 징역에 처한다."
010590,112303,호,85,2. 사람의 신체에 중대한 손상을 입힌 사람은 무기 또는 5년 이상의 징역에 처한다.
010590,112303,항,86,③ 제1항 또는 제2항에 규정된 죄의 미수범은 처벌한다.
010590,112303,조문,87,제13조(금지된 방법에 의한 전쟁범죄)
010590,112303,항,88,① 국제적 무력충돌 또는 비국제적 무력충돌과 관련하여 다음 각 호의 어느 하나에 해당하는 행위를 한 사람은 무기 또는 3년 이상의 징역에 처한다.
010590,112303,호,89,1. 민간인 주민을 공격의 대상으로 삼거나 적대행위에 직접 참여하지 아니한 민간인 주민을 공격의 대상으로 삼는 행위
010590,112303,호,90,"2. 군사목표물이 아닌 민간 대상물로서 종교·교육·예술·과학 또는 자선 목적의 건물, 역사적 기념물, 병원, 병자 및 부상자를 수용하는 장소, 무방비 상태의 마을·거주지·건물 또는 위험한 물리력을 포함하고 있는 댐 등 시설물을 공격하는 행위"
010590,112303,호,91,3. 군사작전상 필요에 비하여 지나치게 민간인의 신체·생명 또는 민간 대상물에 중대한 위해를 끼치는 것이 명백한 공격 행위
010590,112303,호,92,4. 특정한 대상에 대한 군사작전을 막을 목적으로 인도에 관한 국제법규에 따라 보호되는 사람을 방어수단으로 이용하는 행위
010590,112303,호,93,5. 인도에 관한 국제법규를 위반하여 민간인들의 생존에 필수적인 물품을 박탈하거나 그 물품의 공급을 방해함으로써 기아(飢餓)를 전투수단으로 사용하는 행위
010590,112303,호,94,6. 군대의 지휘관으로서 예외 없이 적군을 살해할 것을 협박하거나 지시하는 행위
010590,112303,호,95,7. 국제법상 금지되는 배신행위로 적군 또는 상대방 전투원을 살해하거나 상해를 입히는 행위
010590,112303,항,96,② 제1항제1호부터 제6호까지의 죄를 범하여 인도에 관한 국제법규에 따라 보호되는 사람을 사망 또는 상해에 이르게 한 사람은 다음의 구분에 따라 처벌한다.
010590,112303,호,97,"1. 사망에 이르게 한 사람은 사형, 무기 또는 7년 이상의 징역에 처한다."
010590,112303,호,98,2. 중대한 상해에 이르게 한 사람은 무기 또는 5년 이상의 징역에 처한다.
010590,112303,항,99,③ 국제적 무력충돌 또는 비국제적 무력충돌과 관련하여 자연환경에 군사작전상 필요한 것보다 지나치게 광범위하고 장기간의 중대한 훼손을 가하는 것이 명백한 공격 행위를 한 사람은 3년 이상의 유기징역에 처한다.
010590,112303,항,100,④ 제1항 또는 제3항에 규정된 죄의 미수범은 처벌한다.
010590,112303,조문,101,제14조(금지된 무기를 사용한 전쟁범죄)
010590,112303,항,102,① 국제적 무력충돌 또는 비국제적 무력충돌과 관련하여 다음 각 호의 어느 하나에 해당하는 무기를 사용한 사람은 무기 또는 5년 이상의 징역에 처한다.
010590,112303,호,103,1. 독물(毒物) 또는 유독무기(有毒武器)
010590,112303,호,104,2. 생물무기 또는 화학무기
010590,112303,호,105,3. 인체 내에서 쉽게 팽창하거나 펼쳐지는 총탄
010590,112303,항,106,"② 제1항의 죄를 범하여 사람의 생명·신체 또는 재산을 침해한 사람은 사형, 무기 또는 7년 이상의 징역에 처한다."
010590,112303,항,107,③ 제1항에 규정된 죄의 미수범은 처벌한다.
010590,112303,조문,108,제15조(지휘관 등의 직무태만죄)
010590,112303,항,109,① 군대의 지휘관 또는 단체·기관의 상급자로서 직무를 게을리하거나 유기(遺棄)하여 실효적인 지휘와 통제하에 있는 부하가 집단살해죄등을 범하는 것을 방지하거나 제지하지 못한 사람은 7년 이하의 징역에 처한다.
010590,112303,항,110,② 과실로 제1항의 행위에 이른 사람은 5년 이하의 징역에 처한다.
010590,112303,항,111,③ 군대의 지휘관 또는 단체·기관의 상급자로서 집단살해죄등을 범한 실효적인 지휘와 통제하에 있는 부하 또는 하급자를 수사기관에 알리지 아니한 사람은 5년 이하의 징역에 처한다.
010590,112303,조문,112,제16조(사법방해죄)
010590,112303,항,113,① 국제형사재판소에서 수사 또는 재판 중인 사건과 관련하여 다음 각 호의 어느 하나에 해당하는 사람은 5년 이하의 징역 또는 1천500만원 이하의 벌금에 처하거나 이를 병과(倂科)할 수 있다.
010590,112303,호,114,1. 거짓 증거를 제출한 사람
010590,112303,호,115,2. 폭행 또는 협박으로 참고인 또는 증인의 출석·진술 또는 증거의 수집·제출을 방해한 사람
010590,112303,호,116,3. 참고인 또는 증인의 출석·진술 또는 증거의 수집·제출을 방해하기 위하여 그에게 금품이나 그 밖의 재산상 이익을 약속·제공하거나 제공의 의사를 표시한 사람
010590,112303,호,117,4. 제3호의 금품이나 그 밖의 재산상 이익을 수수(收受)·요구하거나 약속한 참고인 또는 증인
010590,112303,항,118,② 제1항은 국제형사재판소의 청구 또는 요청에 의하여 대한민국 내에서 진행되는 절차에 대하여도 적용된다.
010590,112303,항,119,"③ 제1항의 사건과 관련하여 「형법」 제152조, 제154조 또는 제155조제1항부터 제3항까지의 규정이나 「특정범죄 가중처벌 등에 관한 법률」 제5조의9에 따른 행위를 한 사람은 각 해당 규정에서 정한 형으로 처벌한다. 이 경우 「형법」 제155조제4항은 적용하지 아니한다."
010590,112303,항,120,"④ 제1항의 사건과 관련하여 국제형사재판소 직원에게 「형법」 제136조, 제137조 또는 제144조에 따른 행위를 한 사람은 각 해당 규정에서 정한 형으로 처벌한다. 이 경우 국제형사재판소 직원은 각 해당 규정에 따른 공무원으로 본다."
010590,112303,항,121,⑤ 제1항의 사건과 관련하여 국제형사재판소 직원에게 「형법」 제133조의 행위를 한 사람은 같은 조에서 정한 형으로 처벌한다. 이 경우 국제형사재판소 직원은 해당 조문에 따른 공무원으로 본다.
010590,112303,항,122,"⑥ 이 조에서 ""국제형사재판소 직원""이란 재판관, 소추관, 부소추관, 사무국장 및 사무차장을 포함하여 국제형사재판소규정에 따라 국제형사재판소의 사무를 담당하는 사람을 말한다."
010590,112303,조문,123,제17조(친고죄·반의사불벌죄의 배제) 집단살해죄등은 고소가 없거나 피해자의 명시적 의사에 반하여도 공소를 제기할 수 있다.
010590,112303,조문,124,제18조(국제형사재판소규정 범죄구성요건의 고려) 제8조부터 제14조까지의 적용과 관련하여 필요할 때에는 국제형사재판소규정 제9조에 따라 2002년 9월 9일 국제형사재판소규정 당사국총회에서 채택된 범죄구성요건을 고려할 수 있다.
010590,112303,조문,125,제3장 국제형사재판소와의 협력
010590,112303,조문,126,제19조(「범죄인 인도법」의 준용)
010590,112303,항,127,"① 대한민국과 국제형사재판소 간의 범죄인 인도에 관하여는 「범죄인 인도법」을 준용한다. 다만, 국제형사재판소규정에 「범죄인 인도법」과 다른 규정이 있는 경우에는 그 규정에 따른다."
010590,112303,항,128,"② 제1항의 경우 「범죄인 인도법」 중 ""청구국""은 ""국제형사재판소""로, ""인도조약""은 ""국제형사재판소규정""으로 본다."
010590,112303,조문,129,제20조(「국제형사사법 공조법」의 준용)
010590,112303,항,130,"① 국제형사재판소의 형사사건 수사 또는 재판과 관련하여 국제형사재판소의 요청에 따라 실시하는 공조 및 국제형사재판소에 대하여 요청하는 공조에 관하여는 「국제형사사법 공조법」을 준용한다. 다만, 국제형사재판소규정에 「국제형사사법 공조법」과 다른 규정이 있는 경우에는 그 규정에 따른다."
010590,112303,항,131,"② 제1항의 경우 「국제형사사법 공조법」 중 ""외국""은 ""국제형사재판소""로, ""공조조약""은 ""국제형사재판소규정""으로 본다."
