법령일련번호,MST,구분,문장번호,내용
000129,218303,조문,1,제1장 총칙 <개정 2008.3.21>
000129,218303,조문,2,제1조(목적) 이 법은 근로자에 대하여 임금의 최저수준을 보장하여 근로자의 생활안정과 노동력의 질적 향상을 꾀함으로써 국민경제의 건전한 발전에 이바지하는 것을 목적으로 한다.
000129,218303,조문,3,"제2조(정의) 이 법에서 ""근로자"", ""사용자"" 및 ""임금""이란 「근로기준법」 제2조에 따른 근로자, 사용자 및 임금을 말한다."
000129,218303,조문,4,제3조(적용 범위)
000129,218303,항,5,"① 이 법은 근로자를 사용하는 모든 사업 또는 사업장(이하 ""사업""이라 한다)에 적용한다. 다만, 동거하는 친족만을 사용하는 사업과 가사(家事) 사용인에게는 적용하지 아니한다."
000129,218303,항,6,② 이 법은 「선원법」의 적용을 받는 선원과 선원을 사용하는 선박의 소유자에게는 적용하지 아니한다.
000129,218303,조문,7,제2장 최저임금 <개정 2008.3.21>
000129,218303,조문,8,제4조(최저임금의 결정기준과 구분)
000129,218303,항,9,"① 최저임금은 근로자의 생계비, 유사 근로자의 임금, 노동생산성 및 소득분배율 등을 고려하여 정한다. 이 경우 사업의 종류별로 구분하여 정할 수 있다."
000129,218303,항,10,② 제1항에 따른 사업의 종류별 구분은 제12조에 따른 최저임금위원회의 심의를 거쳐 고용노동부장관이 정한다. <개정 2010.6.4>
000129,218303,조문,11,제5조(최저임금액)
000129,218303,항,12,① 최저임금액(최저임금으로 정한 금액을 말한다. 이하 같다)은 시간·일(日)·주(週) 또는 월(月)을 단위로 하여 정한다. 이 경우 일·주 또는 월을 단위로 하여 최저임금액을 정할 때에는 시간급(時間給)으로도 표시하여야 한다.
000129,218303,항,13,"② 1년 이상의 기간을 정하여 근로계약을 체결하고 수습 중에 있는 근로자로서 수습을 시작한 날부터 3개월 이내인 사람에 대하여는 대통령령으로 정하는 바에 따라 제1항에 따른 최저임금액과 다른 금액으로 최저임금액을 정할 수 있다. 다만, 단순노무업무로 고용노동부장관이 정하여 고시한 직종에 종사하는 근로자는 제외한다. <개정 2017.9.19, 2020.5.26>"
000129,218303,항,14,③ 임금이 통상적으로 도급제나 그 밖에 이와 비슷한 형태로 정하여져 있는 경우로서 제1항에 따라 최저임금액을 정하는 것이 적당하지 아니하다고 인정되면 대통령령으로 정하는 바에 따라 최저임금액을 따로 정할 수 있다.
000129,218303,조문,15,제5조의2(최저임금의 적용을 위한 임금의 환산) 최저임금의 적용 대상이 되는 근로자의 임금을 정하는 단위기간이 제5조제1항에 따른 최저임금의 단위기간과 다른 경우에 해당 근로자의 임금을 최저임금의 단위기간에 맞추어 환산하는 방법은 대통령령으로 정한다.
000129,218303,조문,16,제6조(최저임금의 효력)
000129,218303,항,17,① 사용자는 최저임금의 적용을 받는 근로자에게 최저임금액 이상의 임금을 지급하여야 한다.
000129,218303,항,18,② 사용자는 이 법에 따른 최저임금을 이유로 종전의 임금수준을 낮추어서는 아니 된다.
000129,218303,항,19,"③ 최저임금의 적용을 받는 근로자와 사용자 사이의 근로계약 중 최저임금액에 미치지 못하는 금액을 임금으로 정한 부분은 무효로 하며, 이 경우 무효로 된 부분은 이 법으로 정한 최저임금액과 동일한 임금을 지급하기로 한 것으로 본다."
000129,218303,항,20,"④ 제1항과 제3항에 따른 임금에는 매월 1회 이상 정기적으로 지급하는 임금을 산입(算入)한다. 다만, 다음 각 호의 어느 하나에 해당하는 임금은 산입하지 아니한다. <개정 2018.6.12>"
000129,218303,호,21,"1. 「근로기준법」 제2조제1항제8호에 따른 소정(所定)근로시간(이하 ""소정근로시간""이라 한다) 또는 소정의 근로일에 대하여 지급하는 임금 외의 임금으로서 고용노동부령으로 정하는 임금"
000129,218303,호,22,"2. 상여금, 그 밖에 이에 준하는 것으로서 고용노동부령으로 정하는 임금의 월 지급액 중 해당 연도 시간급 최저임금액을 기준으로 산정된 월 환산액의 100분의 25에 해당하는 부분"
000129,218303,호,23,"3. 식비, 숙박비, 교통비 등 근로자의 생활 보조 또는 복리후생을 위한 성질의 임금으로서 다음 각 목의 어느 하나에 해당하는 것"
000129,218303,목,24,가. 통화 이외의 것으로 지급하는 임금
000129,218303,목,25,나. 통화로 지급하는 임금의 월 지급액 중 해당 연도 시간급 최저임금액을 기준으로 산정된 월 환산액의 100분의 7에 해당하는 부분
000129,218303,항,26,⑤ 제4항에도 불구하고 「여객자동차 운수사업법」 제3조 및 같은 법 시행령 제3조제2호다목에 따른 일반택시운송사업에서 운전업무에 종사하는 근로자의 최저임금에 산입되는 임금의 범위는 생산고에 따른 임금을 제외한 대통령령으로 정하는 임금으로 한다.
000129,218303,항,27,⑥ 제1항과 제3항은 다음 각 호의 어느 하나에 해당하는 사유로 근로하지 아니한 시간 또는 일에 대하여 사용자가 임금을 지급할 것을 강제하는 것은 아니다.
000129,218303,호,28,1. 근로자가 자기의 사정으로 소정근로시간 또는 소정의 근로일의 근로를 하지 아니한 경우
000129,218303,호,29,2. 사용자가 정당한 이유로 근로자에게 소정근로시간 또는 소정의 근로일의 근로를 시키지 아니한 경우
000129,218303,항,30,⑦ 도급으로 사업을 행하는 경우 도급인이 책임져야 할 사유로 수급인이 근로자에게 최저임금액에 미치지 못하는 임금을 지급한 경우 도급인은 해당 수급인과 연대(連帶)하여 책임을 진다.
000129,218303,항,31,⑧ 제7항에 따른 도급인이 책임져야 할 사유의 범위는 다음 각 호와 같다.
000129,218303,호,32,1. 도급인이 도급계약 체결 당시 인건비 단가를 최저임금액에 미치지 못하는 금액으로 결정하는 행위
000129,218303,호,33,2. 도급인이 도급계약 기간 중 인건비 단가를 최저임금액에 미치지 못하는 금액으로 낮춘 행위
000129,218303,항,34,"⑨ 두 차례 이상의 도급으로 사업을 행하는 경우에는 제7항의 ""수급인""은 ""하수급인(下受給人)""으로 보고, 제7항과 제8항의 ""도급인""은 ""직상(直上) 수급인(하수급인에게 직접 하도급을 준 수급인)""으로 본다."
000129,218303,조문,35,"제6조의2(최저임금 산입을 위한 취업규칙 변경절차의 특례) 사용자가 제6조제4항에 따라 산입되는 임금에 포함시키기 위하여 1개월을 초과하는 주기로 지급하는 임금을 총액의 변동 없이 매월 지급하는 것으로 취업규칙을 변경하려는 경우에는 「근로기준법」 제94조제1항에도 불구하고 해당 사업 또는 사업장에 근로자의 과반수로 조직된 노동조합이 있는 경우에는 그 노동조합, 근로자의 과반수로 조직된 노동조합이 없는 경우에는 근로자의 과반수의 의견을 들어야 한다."
000129,218303,조문,36,"제7조(최저임금의 적용 제외) 다음 각 호의 어느 하나에 해당하는 사람으로서 사용자가 대통령령으로 정하는 바에 따라 고용노동부장관의 인가를 받은 사람에 대하여는 제6조를 적용하지 아니한다. <개정 2010.6.4, 2020.5.26>"
000129,218303,항,37,
000129,218303,호,38,1. 정신장애나 신체장애로 근로능력이 현저히 낮은 사람
000129,218303,호,39,2. 그 밖에 최저임금을 적용하는 것이 적당하지 아니하다고 인정되는 사람
000129,218303,조문,40,제3장 최저임금의 결정 <개정 2008.3.21>
000129,218303,조문,41,제8조(최저임금의 결정)
000129,218303,항,42,"① 고용노동부장관은 매년 8월 5일까지 최저임금을 결정하여야 한다. 이 경우 고용노동부장관은 대통령령으로 정하는 바에 따라 제12조에 따른 최저임금위원회(이하 ""위원회""라 한다)에 심의를 요청하고, 위원회가 심의하여 의결한 최저임금안에 따라 최저임금을 결정하여야 한다. <개정 2010.6.4>"
000129,218303,항,43,② 위원회는 제1항 후단에 따라 고용노동부장관으로부터 최저임금에 관한 심의 요청을 받은 경우 이를 심의하여 최저임금안을 의결하고 심의 요청을 받은 날부터 90일 이내에 고용노동부장관에게 제출하여야 한다. <개정 2010.6.4>
000129,218303,항,44,③ 고용노동부장관은 제2항에 따라 위원회가 심의하여 제출한 최저임금안에 따라 최저임금을 결정하기가 어렵다고 인정되면 20일 이내에 그 이유를 밝혀 위원회에 10일 이상의 기간을 정하여 재심의를 요청할 수 있다. <개정 2010.6.4>
000129,218303,항,45,④ 위원회는 제3항에 따라 재심의 요청을 받은 때에는 그 기간 내에 재심의하여 그 결과를 고용노동부장관에게 제출하여야 한다. <개정 2010.6.4>
000129,218303,항,46,⑤ 고용노동부장관은 위원회가 제4항에 따른 재심의에서 재적위원 과반수의 출석과 출석위원 3분의 2 이상의 찬성으로 제2항에 따른 당초의 최저임금안을 재의결한 경우에는 그에 따라 최저임금을 결정하여야 한다. <개정 2010.6.4>
000129,218303,조문,47,제9조(최저임금안에 대한 이의 제기)
000129,218303,항,48,① 고용노동부장관은 제8조제2항에 따라 위원회로부터 최저임금안을 제출받은 때에는 대통령령으로 정하는 바에 따라 최저임금안을 고시하여야 한다. <개정 2010.6.4>
000129,218303,항,49,② 근로자를 대표하는 자나 사용자를 대표하는 자는 제1항에 따라 고시된 최저임금안에 대하여 이의가 있으면 고시된 날부터 10일 이내에 대통령령으로 정하는 바에 따라 고용노동부장관에게 이의를 제기할 수 있다. 이 경우 근로자를 대표하는 자나 사용자를 대표하는 자의 범위는 대통령령으로 정한다. <개정 2010.6.4>
000129,218303,항,50,③ 고용노동부장관은 제2항에 따른 이의가 이유 있다고 인정되면 그 내용을 밝혀 제8조제3항에 따라 위원회에 최저임금안의 재심의를 요청하여야 한다. <개정 2010.6.4>
000129,218303,항,51,④ 고용노동부장관은 제3항에 따라 재심의를 요청한 최저임금안에 대하여 제8조제4항에 따라 위원회가 재심의하여 의결한 최저임금안이 제출될 때까지는 최저임금을 결정하여서는 아니 된다. <개정 2010.6.4>
000129,218303,조문,52,제10조(최저임금의 고시와 효력발생)
000129,218303,항,53,① 고용노동부장관은 최저임금을 결정한 때에는 지체 없이 그 내용을 고시하여야 한다. <개정 2010.6.4>
000129,218303,항,54,"② 제1항에 따라 고시된 최저임금은 다음 연도 1월 1일부터 효력이 발생한다. 다만, 고용노동부장관은 사업의 종류별로 임금교섭시기 등을 고려하여 필요하다고 인정하면 효력발생 시기를 따로 정할 수 있다. <개정 2010.6.4>"
000129,218303,조문,55,제11조(주지 의무) 최저임금의 적용을 받는 사용자는 대통령령으로 정하는 바에 따라 해당 최저임금을 그 사업의 근로자가 쉽게 볼 수 있는 장소에 게시하거나 그 외의 적당한 방법으로 근로자에게 널리 알려야 한다.
000129,218303,조문,56,제4장 최저임금위원회 <개정 2008.3.21>
000129,218303,조문,57,제12조(최저임금위원회의 설치) 최저임금에 관한 심의와 그 밖에 최저임금에 관한 중요 사항을 심의하기 위하여 고용노동부에 최저임금위원회를 둔다. <개정 2010.6.4>
000129,218303,조문,58,제13조(위원회의 기능) 위원회는 다음 각 호의 기능을 수행한다. <개정 2010.6.4>
000129,218303,항,59,
000129,218303,호,60,1. 최저임금에 관한 심의 및 재심의
000129,218303,호,61,2. 최저임금 적용 사업의 종류별 구분에 관한 심의
000129,218303,호,62,3. 최저임금제도의 발전을 위한 연구 및 건의
000129,218303,호,63,4. 그 밖에 최저임금에 관한 중요 사항으로서 고용노동부장관이 회의에 부치는 사항의 심의
000129,218303,조문,64,제14조(위원회의 구성 등)
000129,218303,항,65,① 위원회는 다음 각 호의 위원으로 구성한다.
000129,218303,호,66,"1. 근로자를 대표하는 위원(이하 ""근로자위원""이라 한다) 9명"
000129,218303,호,67,"2. 사용자를 대표하는 위원(이하 ""사용자위원""이라 한다) 9명"
000129,218303,호,68,"3. 공익을 대표하는 위원(이하 ""공익위원""이라 한다) 9명"
000129,218303,항,69,"② 위원회에 2명의 상임위원을 두며, 상임위원은 공익위원이 된다."
000129,218303,항,70,"③ 위원의 임기는 3년으로 하되, 연임할 수 있다."
000129,218303,항,71,④ 위원이 궐위(闕位)되면 그 보궐위원의 임기는 전임자(前任者) 임기의 남은 기간으로 한다.
000129,218303,항,72,⑤ 위원은 임기가 끝났더라도 후임자가 임명되거나 위촉될 때까지 계속하여 직무를 수행한다.
000129,218303,항,73,⑥ 위원의 자격과 임명·위촉 등에 관하여 필요한 사항은 대통령령으로 정한다.
000129,218303,조문,74,제15조(위원장과 부위원장)
000129,218303,항,75,① 위원회에 위원장과 부위원장 각 1명을 둔다.
000129,218303,항,76,② 위원장과 부위원장은 공익위원 중에서 위원회가 선출한다.
000129,218303,항,77,③ 위원장은 위원회의 사무를 총괄하며 위원회를 대표한다.
000129,218303,항,78,④ 위원장이 불가피한 사유로 직무를 수행할 수 없을 때에는 부위원장이 직무를 대행한다.
000129,218303,조문,79,제16조(특별위원)
000129,218303,항,80,① 위원회에는 관계 행정기관의 공무원 중에서 3명 이내의 특별위원을 둘 수 있다.
000129,218303,항,81,② 특별위원은 위원회의 회의에 출석하여 발언할 수 있다.
000129,218303,항,82,③ 특별위원의 자격 및 위촉 등에 관하여 필요한 사항은 대통령령으로 정한다.
000129,218303,조문,83,제17조(회의)
000129,218303,항,84,① 위원회의 회의는 다음 각 호의 경우에 위원장이 소집한다. <개정 2010.6.4>
000129,218303,호,85,1. 고용노동부장관이 소집을 요구하는 경우
000129,218303,호,86,2. 재적위원 3분의 1 이상이 소집을 요구하는 경우
000129,218303,호,87,3. 위원장이 필요하다고 인정하는 경우
000129,218303,항,88,② 위원장은 위원회 회의의 의장이 된다.
000129,218303,항,89,③ 위원회의 회의는 이 법으로 따로 정하는 경우 외에는 재적위원 과반수의 출석과 출석위원 과반수의 찬성으로 의결한다.
000129,218303,항,90,"④ 위원회가 제3항에 따른 의결을 할 때에는 근로자위원과 사용자위원 각 3분의 1 이상의 출석이 있어야 한다. 다만, 근로자위원이나 사용자위원이 2회 이상 출석요구를 받고도 정당한 이유 없이 출석하지 아니하는 경우에는 그러하지 아니하다."
000129,218303,조문,91,"제18조(의견 청취) 위원회는 그 업무를 수행할 때에 필요하다고 인정하면 관계 근로자와 사용자, 그 밖의 관계인의 의견을 들을 수 있다."
000129,218303,조문,92,제19조(전문위원회)
000129,218303,항,93,① 위원회는 필요하다고 인정하면 사업의 종류별 또는 특정 사항별로 전문위원회를 둘 수 있다.
000129,218303,항,94,② 전문위원회는 위원회 권한의 일부를 위임받아 제13조 각 호의 위원회 기능을 수행한다.
000129,218303,항,95,"③ 전문위원회는 근로자위원, 사용자위원 및 공익위원 각 5명 이내의 같은 수로 구성한다."
000129,218303,항,96,"④ 전문위원회에 관하여는 위원회의 운영 등에 관한 제14조제3항부터 제6항까지, 제15조, 제17조 및 제18조를 준용한다. 이 경우 ""위원회""를 ""전문위원회""로 본다."
000129,218303,조문,97,제20조(사무국)
000129,218303,항,98,① 위원회에 그 사무를 처리하게 하기 위하여 사무국을 둔다.
000129,218303,항,99,② 사무국에는 최저임금의 심의 등에 필요한 전문적인 사항을 조사·연구하게 하기 위하여 3명 이내의 연구위원을 둘 수 있다.
000129,218303,항,100,③ 연구위원의 자격·위촉 및 수당과 사무국의 조직·운영 등에 필요한 사항은 대통령령으로 정한다.
000129,218303,조문,101,제21조(위원의 수당 등) 위원회 및 전문위원회의 위원에게는 대통령령으로 정하는 바에 따라 수당과 여비를 지급할 수 있다.
000129,218303,조문,102,제22조(운영규칙) 위원회는 이 법에 어긋나지 아니하는 범위에서 위원회 및 전문위원회의 운영에 관한 규칙을 제정할 수 있다.
000129,218303,조문,103,제5장 보칙 <개정 2008.3.21>
000129,218303,조문,104,제23조(생계비 및 임금실태 등의 조사) 고용노동부장관은 근로자의 생계비와 임금실태 등을 매년 조사하여야 한다. <개정 2010.6.4>
000129,218303,조문,105,제24조(정부의 지원) 정부는 근로자와 사용자에게 최저임금제도를 원활하게 실시하는 데에 필요한 자료를 제공하거나 그 밖에 필요한 지원을 하도록 최대한 노력하여야 한다.
000129,218303,조문,106,제25조(보고) 고용노동부장관은 이 법의 시행에 필요한 범위에서 근로자나 사용자에게 임금에 관한 사항을 보고하게 할 수 있다. <개정 2010.6.4>
000129,218303,조문,107,제26조(근로감독관의 권한)
000129,218303,항,108,① 고용노동부장관은 「근로기준법」 제101조에 따른 근로감독관에게 대통령령으로 정하는 바에 따라 이 법의 시행에 관한 사무를 관장하도록 한다. <개정 2010.6.4>
000129,218303,항,109,② 근로감독관은 제1항에 따른 권한을 행사하기 위하여 사업장에 출입하여 장부와 서류의 제출을 요구할 수 있으며 그 밖의 물건을 검사하거나 관계인에게 질문할 수 있다.
000129,218303,항,110,③ 제2항에 따라 출입·검사를 하는 근로감독관은 그 신분을 표시하는 증표를 지니고 이를 관계인에게 내보여야 한다.
000129,218303,항,111,④ 근로감독관은 이 법 위반의 죄에 관하여 「사법경찰관리의 직무를 행할 자와 그 직무범위에 관한 법률」로 정하는 바에 따라 사법경찰관의 직무를 행한다.
000129,218303,조문,112,제26조의2(권한의 위임) 이 법에 따른 고용노동부장관의 권한은 대통령령으로 정하는 바에 따라 그 일부를 지방고용노동관서의 장에게 위임할 수 있다. <개정 2010.6.4>
000129,218303,조문,113,제27조 삭제 <2008.3.21>
000129,218303,조문,114,제6장 벌칙 <개정 2008.3.21>
000129,218303,조문,115,제28조(벌칙)
000129,218303,항,116,①제6조제1항 또는 제2항을 위반하여 최저임금액보다 적은 임금을 지급하거나 최저임금을 이유로 종전의 임금을 낮춘 자는 3년 이하의 징역 또는 2천만원 이하의 벌금에 처한다. 이 경우 징역과 벌금은 병과(倂科)할 수 있다. <개정 2012.2.1>
000129,218303,항,117,② 도급인에게 제6조제7항에 따라 연대책임이 발생하여 근로감독관이 그 연대책임을 이행하도록 시정지시하였음에도 불구하고 도급인이 시정기한 내에 이를 이행하지 아니한 경우 2년 이하의 징역 또는 1천만원 이하의 벌금에 처한다. <신설 2012.2.1>
000129,218303,항,118,③ 제6조의2를 위반하여 의견을 듣지 아니한 자는 500만원 이하의 벌금에 처한다. <신설 2018.6.12>
000129,218303,조문,119,제29조 삭제 <1999.2.8>
000129,218303,조문,120,제30조(양벌규정)
000129,218303,항,121,"① 법인의 대표자, 대리인, 사용인, 그 밖의 종업원이 그 법인의 업무에 관하여 제28조의 위반행위를 하면 그 행위자를 벌할 뿐만 아니라 그 법인에도 해당 조문의 벌금형을 과(科)한다."
000129,218303,항,122,"② 개인의 대리인, 사용인, 그 밖의 종업원이 그 개인의 업무에 관하여 제28조의 위반행위를 하면 그 행위자를 벌할 뿐만 아니라 그 개인에게도 해당 조문의 벌금형을 과한다."
000129,218303,조문,123,제31조(과태료)
000129,218303,항,124,① 다음 각 호의 어느 하나에 해당하는 자에게는 100만원 이하의 과태료를 부과한다.
000129,218303,호,125,1. 제11조를 위반하여 근로자에게 해당 최저임금을 같은 조에서 규정한 방법으로 널리 알리지 아니한 자
000129,218303,호,126,2. 제25조에 따른 임금에 관한 사항의 보고를 하지 아니하거나 거짓 보고를 한 자
000129,218303,호,127,3. 제26조제2항에 따른 근로감독관의 요구 또는 검사를 거부·방해 또는 기피하거나 질문에 대하여 거짓 진술을 한 자
000129,218303,항,128,② 제1항에 따른 과태료는 대통령령으로 정하는 바에 따라 고용노동부장관이 부과·징수한다. <개정 2010.6.4>
000129,218303,항,129,③ 제2항에 따른 과태료 처분에 불복하는 자는 그 처분을 고지받은 날부터 30일 이내에 고용노동부장관에게 이의를 제기할 수 있다. <개정 2010.6.4>
000129,218303,항,130,"④ 제2항에 따른 과태료 처분을 받은 자가 제3항에 따라 이의를 제기하면 고용노동부장관은 지체 없이 관할 법원에 그 사실을 통보하여야 하며, 그 통보를 받은 관할 법원은 「비송사건절차법」에 따른 과태료 재판을 한다. <개정 2010.6.4>"
000129,218303,항,131,⑤ 제3항에 따른 기간에 이의를 제기하지 아니하고 과태료를 내지 아니하면 국세 체납처분의 예에 따라 징수한다.
