법령일련번호,MST,구분,문장번호,내용
011143,213449,조문,1,제1조(목적) 이 법은 디엔에이신원확인정보의 수집·이용 및 보호에 필요한 사항을 정함으로써 범죄수사 및 범죄예방에 이바지하고 국민의 권익을 보호함을 목적으로 한다.
011143,213449,조문,2,제2조(정의) 이 법에서 사용하는 용어의 뜻은 다음과 같다.
011143,213449,항,3,
011143,213449,호,4,"1. ""디엔에이""란 생물의 생명현상에 대한 정보가 포함된 화학물질인 디옥시리보 핵산(Deoxyribonucleic acid, DNA)을 말한다."
011143,213449,호,5,"2. ""디엔에이감식시료""란 사람의 혈액, 타액, 모발, 구강점막 등 디엔에이감식의 대상이 되는 것을 말한다."
011143,213449,호,6,"3. ""디엔에이감식""이란 개인 식별을 목적으로 디엔에이 중 유전정보가 포함되어 있지 아니한 특정 염기서열 부분을 검사·분석하여 디엔에이신원확인정보를 취득하는 것을 말한다."
011143,213449,호,7,"4. ""디엔에이신원확인정보""란 개인 식별을 목적으로 디엔에이감식을 통하여 취득한 정보로서 일련의 숫자 또는 부호의 조합으로 표기된 것을 말한다."
011143,213449,호,8,"5. ""디엔에이신원확인정보데이터베이스""(이하 ""데이터베이스""라 한다)란 이 법에 따라 취득한 디엔에이신원확인정보를 컴퓨터 등 저장매체에 체계적으로 수록한 집합체로서 개별적으로 그 정보에 접근하거나 검색할 수 있도록 한 것을 말한다."
011143,213449,조문,9,제3조(국가의 책무)
011143,213449,항,10,① 국가는 디엔에이감식시료를 채취하고 디엔에이 신원확인정보를 관리하며 이를 이용함에 있어 인간의 존엄성 및 개인의 사생활이 침해되지 아니하도록 필요한 시책을 마련하여야 한다.
011143,213449,항,11,② 데이터베이스에 수록되는 디엔에이신원확인정보에는 개인 식별을 위하여 필요한 사항 외의 정보 또는 인적사항이 포함되어서는 아니 된다.
011143,213449,조문,12,제4조(디엔에이신원확인정보의 사무관장)
011143,213449,항,13,① 검찰총장은 제5조에 따라 채취한 디엔에이감식시료로부터 취득한 디엔에이신원확인정보에 관한 사무를 총괄한다.
011143,213449,항,14,② 경찰청장은 제6조 및 제7조에 따라 채취한 디엔에이감식시료로부터 취득한 디엔에이신원확인정보에 관한 사무를 총괄한다.
011143,213449,항,15,③ 검찰총장 및 경찰청장은 데이터베이스를 서로 연계하여 운영할 수 있다.
011143,213449,조문,16,제5조(수형인등으로부터의 디엔에이감식시료 채취)
011143,213449,항,17,"① 검사(군검사를 포함한다. 이하 같다)는 다음 각 호의 어느 하나에 해당하는 죄 또는 이와 경합된 죄에 대하여 형의 선고, 「형법」 제59조의2에 따른 보호관찰명령, 「치료감호법」에 따른 치료감호선고, 「소년법」 제32조제1항제9호 또는 제10호에 해당하는 보호처분결정을 받아 확정된 사람(이하 ""수형인등""이라 한다)으로부터 디엔에이감식시료를 채취할 수 있다. 다만, 제6조에 따라 디엔에이감식시료를 채취하여 디엔에이신원확인정보가 이미 수록되어 있는 경우는 제외한다. <개정 2010.4.15, 2012.12.18, 2013.4.5, 2014.10.15, 2016.1.6>"
011143,213449,호,18,"1. 「형법」 제2편제13장 방화와 실화의 죄 중 제164조, 제165조, 제166조제1항, 제167조제1항 및 제174조(제164조제1항, 제165조, 제166조제1항의 미수범만 해당한다)의 죄"
011143,213449,호,19,"2. 「형법」 제2편제24장 살인의 죄 중 제250조, 제253조 및 제254조(제251조, 제252조의 미수범은 제외한다)의 죄"
011143,213449,호,20,"2의2. 「형법」 제2편제25장 상해와 폭행의 죄 중 제258조의2, 제261조, 제264조의 죄"
011143,213449,호,21,"2의3. 「형법」 제2편제29장 체포와 감금의 죄 중 제278조, 제279조, 제280조(제278조, 제279조의 미수범에 한정한다)의 죄"
011143,213449,호,22,"2의4. 「형법」 제2편제30장 협박의 죄 중 제284조, 제285조, 제286조(제284조, 제285조의 미수범에 한정한다)의 죄"
011143,213449,호,23,"3. 「형법」 제2편제31장 약취(略取), 유인(誘引) 및 인신매매의 죄 중 제287조, 제288조(결혼을 목적으로 제288조제1항의 죄를 범한 경우는 제외한다), 제289조(결혼을 목적으로 제289조제2항의 죄를 범한 경우는 제외한다), 제290조, 제291조, 제292조(결혼을 목적으로 한 제288조제1항 또는 결혼을 목적으로 한 제289조제2항의 죄로 약취, 유인 또는 매매된 사람을 수수 또는 은닉한 경우 및 결혼을 목적으로 한 제288조제1항 또는 결혼을 목적으로 한 제289조제2항의 죄를 범할 목적으로 사람을 모집, 운송 또는 전달한 경우는 제외한다) 및 제294조(결혼을 목적으로 제288조제1항 또는 결혼을 목적으로 제289조제2항의 죄를 범한 경우의 미수범, 결혼을 목적으로 한 제288조제1항 또는 결혼을 목적으로 한 제289조제2항의 죄로 약취, 유인 또는 매매된 사람을 수수 또는 은닉한 죄의 미수범은 제외한다)의 죄"
011143,213449,호,24,"4. 「형법」 제2편제32장 강간과 추행의 죄 중 제297조, 제297조의2, 제298조부터 제301조까지, 제301조의2, 제302조, 제303조 및 제305조의 죄"
011143,213449,호,25,"4의2. 「형법」 제2편제36장 주거침입의 죄 중 제320조, 제322조(제320조의 미수범에 한정한다)의 죄"
011143,213449,호,26,"4의3. 「형법」 제2편제37장 권리행사를 방해하는 죄 중 제324조제2항, 제324조의5(제324조제2항의 미수범에 한정한다)의 죄"
011143,213449,호,27,"5. 「형법」 제2편제38장 절도와 강도의 죄 중 제330조, 제331조, 제332조(제331조의2의 상습범은 제외한다)부터 제342조(제329조, 제331조의2의 미수범은 제외한다)까지의 죄"
011143,213449,호,28,"5의2. 「형법」 제2편제39장 사기와 공갈의 죄 중 제350조의2, 제351조(제350조, 제350조의2의 상습범에 한정한다), 제352조(제350조, 제350조의2의 미수범에 한정한다)의 죄"
011143,213449,호,29,"5의3. 「형법」 제2편제42장 손괴의 죄 중 제369조제1항, 제371조(제369조제1항의 미수범에 한정한다)의 죄"
011143,213449,호,30,"6. 「폭력행위 등 처벌에 관한 법률」 제2조(같은 조 제2항의 경우는 제외한다), 제3조부터 제5조까지 및 제6조(제2조제2항의 미수범은 제외한다)의 죄"
011143,213449,호,31,"7. 「특정범죄가중처벌 등에 관한 법률」 제5조의2제1항부터 제6항까지, 제5조의4제2항 및 제5항, 제5조의5, 제5조의8, 제5조의9 및 제11조의 죄"
011143,213449,호,32,8. 「성폭력범죄의 처벌 등에 관한 특례법」 제3조부터 제11조까지 및 제15조(제13조의 미수범은 제외한다)의 죄
011143,213449,호,33,9. 「마약류관리에 관한 법률」 제58조부터 제61조까지의 죄
011143,213449,호,34,"10. 「아동·청소년의 성보호에 관한 법률」 제7조, 제8조 및 제12조부터 제14조까지(제14조제3항의 경우는 제외한다)의 죄"
011143,213449,호,35,"11. 「군형법」 제53조제1항, 제59조제1항, 제66조, 제67조 및 제82조부터 제85조까지의 죄"
011143,213449,항,36,"② 검사는 필요한 경우 교도소·구치소 및 그 지소, 소년원, 치료감호시설 등(이하 ""수용기관""이라 한다)의 장에게 디엔에이감식시료의 채취를 위탁할 수 있다."
011143,213449,조문,37,"제6조(구속피의자등으로부터의 디엔에이감식시료 채취) 검사 또는 사법경찰관(군사법경찰관을 포함한다. 이하 같다)은 제5조제1항 각 호의 어느 하나에 해당하는 죄 또는 이와 경합된 죄를 범하여 구속된 피의자 또는 「치료감호법」에 따라 보호구속된 치료감호대상자(이하 ""구속피의자등""이라 한다)로부터 디엔에이감식시료를 채취할 수 있다. 다만, 제5조에 따라 디엔에이감식시료를 채취하여 디엔에이신원확인정보가 이미 수록되어 있는 경우는 제외한다."
011143,213449,조문,38,제7조(범죄현장등으로부터의 디엔에이감식시료 채취)
011143,213449,항,39,"① 검사 또는 사법경찰관은 다음 각 호의 어느 하나에 해당하는 것(이하 ""범죄현장등""이라 한다)에서 디엔에이감식시료를 채취할 수 있다."
011143,213449,호,40,1. 범죄현장에서 발견된 것
011143,213449,호,41,2. 범죄의 피해자 신체의 내·외부에서 발견된 것
011143,213449,호,42,3. 범죄의 피해자가 피해 당시 착용하거나 소지하고 있던 물건에서 발견된 것
011143,213449,호,43,4. 범죄의 실행과 관련된 사람의 신체나 물건의 내·외부 또는 범죄의 실행과 관련한 장소에서 발견된 것
011143,213449,항,44,② 제1항에 따라 채취한 디엔에이감식시료에서 얻은 디엔에이신원확인정보는 그 신원이 밝혀지지 아니한 것에 한정하여 데이터베이스에 수록할 수 있다.
011143,213449,조문,45,제8조(디엔에이감식시료채취영장)
011143,213449,항,46,① 검사는 관할 지방법원 판사(군판사를 포함한다. 이하 같다)에게 청구하여 발부받은 영장에 의하여 제5조 또는 제6조에 따른 디엔에이감식시료의 채취대상자로부터 디엔에이감식시료를 채취할 수 있다.
011143,213449,항,47,② 사법경찰관은 검사에게 신청하여 검사의 청구로 관할 지방법원판사가 발부한 영장에 의하여 제6조에 따른 디엔에이감식시료의 채취대상자로부터 디엔에이감식시료를 채취할 수 있다.
011143,213449,항,48,③ 제1항과 제2항의 채취대상자가 동의하는 경우에는 영장 없이 디엔에이감식시료를 채취할 수 있다. 이 경우 미리 채취대상자에게 채취를 거부할 수 있음을 고지하고 서면으로 동의를 받아야 한다.
011143,213449,항,49,"④ 제1항 및 제2항에 따라 디엔에이감식시료를 채취하기 위한 영장(이하 ""디엔에이감식시료채취영장""이라 한다)을 청구할 때에는 채취대상자의 성명, 주소, 청구이유, 채취할 시료의 종류 및 방법, 채취할 장소 등을 기재한 청구서 및 채취에 관한 채취대상자의 의견이 담긴 서면을 제출하여야 하며, 청구이유에 대한 소명자료를 첨부하여야 한다. 이 경우 채취대상자의 의견이 담긴 서면을 제출하기 곤란한 사정이 있는 때에는 그에 대한 소명자료를 함께 제출하여야 한다."
011143,213449,항,50,"⑤ 관할 지방법원 판사는 디엔에이감식시료채취영장 발부여부를 심사하는 때에 채취대상자에게 서면에 의한 의견진술의 기회를 주어야 한다. 다만, 제4항에 따라 채취대상자의 의견이 담긴 서면이 제출된 때에는 의견진술의 기회를 부여한 것으로 본다."
011143,213449,항,51,"⑥ 디엔에이감식시료채취영장에는 대상자의 성명, 주소, 채취할 시료의 종류 및 방법, 채취할 장소, 유효기간과 그 기간을 경과하면 집행에 착수하지 못하며 영장을 반환하여야 한다는 취지를 적고 지방법원판사가 서명날인하여야 한다."
011143,213449,항,52,"⑦ 디엔에이감식시료채취영장은 검사의 지휘에 의하여 사법경찰관리가 집행한다. 다만, 수용기관에 수용되어 있는 사람에 대한 디엔에이감식시료채취영장은 검사의 지휘에 의하여 수용기관 소속 공무원이 행할 수 있다."
011143,213449,항,53,⑧ 검사는 필요에 따라 관할구역 밖에서 디엔에이감식시료채취영장의 집행을 직접 지휘하거나 해당 관할구역의 검사에게 집행지휘를 촉탁할 수 있다.
011143,213449,항,54,"⑨ 디엔에이감식시료를 채취할 때에는 채취대상자에게 미리 디엔에이감식시료의 채취 이유, 채취할 시료의 종류 및 방법을 고지하여야 한다."
011143,213449,항,55,"⑩ 디엔에이감식시료채취영장에 의한 디엔에이감식시료의 채취에 관하여는 「형사소송법」 제116조, 제118조, 제124조부터 제126조까지 및 제131조를 준용한다."
011143,213449,조문,56,제8조의2(불복절차)
011143,213449,항,57,① 제8조제1항 또는 제2항에 따른 디엔에이감식시료채취영장에 의하여 디엔에이감식시료가 채취된 대상자는 채취에 관한 처분에 대하여 불복이 있으면 채취가 이루어진 날부터 7일 이내에 그 직무집행지의 관할법원 또는 검사의 소속검찰청에 대응한 법원에 그 처분의 취소를 청구할 수 있다.
011143,213449,항,58,② 제1항의 청구는 서면으로 관할 법원에 제출하여야 한다.
011143,213449,항,59,"③ 제1항의 청구가 있는 경우에는 「형사소송법」 제409조, 제413조, 제414조 및 제415조의 규정을 준용한다."
011143,213449,조문,60,제9조(디엔에이감식시료의 채취 방법)
011143,213449,항,61,① 제5조 및 제6조에 따라 디엔에이감식시료를 채취할 때에는 구강점막에서의 채취 등 채취대상자의 신체나 명예에 대한 침해를 최소화하는 방법을 사용하여야 한다.
011143,213449,항,62,② 디엔에이감식시료의 채취 방법 및 관리에 관하여 필요한 사항은 대통령령으로 정한다.
011143,213449,조문,63,제10조(디엔에이신원확인정보의 수록 등)
011143,213449,항,64,"① 검찰총장 및 경찰청장은 다음 각 호의 업무를 대통령령으로 정하는 사람이나 기관(이하 ""디엔에이신원확인정보담당자""라 한다)에 위임 또는 위탁할 수 있다. <개정 2020.1.21>"
011143,213449,호,65,1. 제5조부터 제8조까지 및 제9조에 따라 채취된 디엔에이감식시료의 감식 및 데이터베이스에의 디엔에이신원확인정보의 수록
011143,213449,호,66,2. 데이터베이스의 관리
011143,213449,항,67,"② 디엔에이신원확인정보담당자에 대한 위임 또는 위탁, 디엔에이감식업무, 디엔에이신원확인정보의 수록 및 관리 등에 관하여 필요한 사항은 대통령령으로 정한다."
011143,213449,조문,68,제11조(디엔에이신원확인정보의 검색·회보)
011143,213449,항,69,① 디엔에이신원확인정보담당자는 다음 각 호의 어느 하나에 해당하는 경우에 디엔에이신원확인정보를 검색하거나 그 결과를 회보할 수 있다.
011143,213449,호,70,1. 데이터베이스에 새로운 디엔에이신원확인정보를 수록하는 경우
011143,213449,호,71,2. 검사 또는 사법경찰관이 범죄수사 또는 변사자 신원확인을 위하여 요청하는 경우
011143,213449,호,72,3. 법원(군사법원을 포함한다. 이하 같다)이 형사재판에서 사실조회를 하는 경우
011143,213449,호,73,4. 데이터베이스 상호간의 대조를 위하여 필요한 경우
011143,213449,항,74,"② 디엔에이신원확인정보담당자는 제1항에 따라 디엔에이신원확인정보의 검색결과를 회보하는 때에는 그 용도, 작성자, 조회자의 성명 및 작성 일시를 명시하여야 한다."
011143,213449,항,75,③ 디엔에이신원확인정보의 검색 및 검색결과의 회보 절차에 관하여 필요한 사항은 대통령령으로 정한다.
011143,213449,조문,76,제12조(디엔에이감식시료의 폐기)
011143,213449,항,77,① 디엔에이신원확인정보담당자가 디엔에이신원확인정보를 데이터베이스에 수록한 때에는 제5조 및 제6조에 따라 채취된 디엔에이감식시료와 그로부터 추출한 디엔에이를 지체 없이 폐기하여야 한다.
011143,213449,항,78,② 디엔에이감식시료와 그로부터 추출한 디엔에이의 폐기 방법 및 절차에 관하여 필요한 사항은 대통령령으로 정한다.
011143,213449,조문,79,제13조(디엔에이신원확인정보의 삭제)
011143,213449,항,80,"① 디엔에이신원확인정보담당자는 수형인등이 재심에서 무죄, 면소, 공소기각 판결 또는 공소기각 결정이 확정된 경우에는 직권 또는 본인의 신청에 의하여 제5조에 따라 채취되어 데이터베이스에 수록된 디엔에이신원확인정보를 삭제하여야 한다."
011143,213449,항,81,② 디엔에이신원확인정보담당자는 구속피의자등이 다음 각 호의 어느 하나에 해당하는 경우에는 직권 또는 본인의 신청에 의하여 제6조에 따라 채취되어 데이터베이스에 수록된 디엔에이신원확인정보를 삭제하여야 한다.
011143,213449,호,82,"1. 검사의 혐의없음, 죄가안됨 또는 공소권없음의 처분이 있거나, 제5조제1항 각 호의 범죄로 구속된 피의자의 죄명이 수사 또는 재판 중에 같은 항 각 호 외의 죄명으로 변경되는 경우. 다만, 죄가안됨 처분을 하면서 「치료감호법」 제7조제1호에 따라 치료감호의 독립청구를 하는 경우는 제외한다."
011143,213449,호,83,"2. 법원의 무죄, 면소, 공소기각 판결 또는 공소기각 결정이 확정된 경우. 다만, 무죄 판결을 하면서 치료감호를 선고하는 경우는 제외한다."
011143,213449,호,84,3. 법원의 「치료감호법」 제7조제1호에 따른 치료감호의 독립청구에 대한 청구기각 판결이 확정된 경우
011143,213449,항,85,③ 디엔에이신원확인정보담당자는 제8조의2에 따른 수형인등 또는 구속피의자등의 불복절차에서 검사 또는 사법경찰관의 디엔에이감식시료의 채취에 관한 처분 취소결정이 확정된 경우에는 직권 또는 본인의 신청에 의하여 제5조 또는 제6조에 따라 채취되어 데이터베이스에 수록된 디엔에이신원확인정보를 삭제하여야 한다. <신설 2020.1.21>
011143,213449,항,86,④ 디엔에이신원확인정보담당자는 수형인등 또는 구속피의자등이 사망한 경우에는 제5조 또는 제6조에 따라 채취되어 데이터베이스에 수록된 디엔에이신원확인정보를 직권 또는 친족의 신청에 의하여 삭제하여야 한다. <개정 2020.1.21>
011143,213449,항,87,⑤ 디엔에이신원확인정보담당자는 제7조에 따라 채취되어 데이터베이스에 수록된 디엔에이신원확인정보에 관하여 그 신원이 밝혀지는 등의 사유로 더 이상 보존·관리가 필요하지 아니한 경우에는 직권 또는 본인의 신청에 의하여 그 디엔에이신원확인정보를 삭제하여야 한다. <개정 2020.1.21>
011143,213449,항,88,⑥ 디엔에이신원확인정보담당자는 제1항부터 제5항까지의 규정에 따라 디엔에이신원확인정보를 삭제한 경우에는 30일 이내에 본인 또는 신청인에게 그 사실을 통지하여야 한다. <개정 2020.1.21>
011143,213449,항,89,"⑦ 디엔에이신원확인정보의 삭제 방법, 절차 및 통지에 관하여 필요한 사항은 대통령령으로 정한다. <개정 2020.1.21>"
011143,213449,조문,90,제14조(디엔에이신원확인정보데이터베이스관리위원회)
011143,213449,항,91,"① 데이터베이스의 관리·운영에 관한 다음 각 호의 사항을 심의하기 위하여 국무총리 소속으로 디엔에이신원확인정보데이터베이스관리위원회(이하 ""위원회""라 한다)를 둔다."
011143,213449,호,92,"1. 디엔에이감식시료의 수집, 운반, 보관 및 폐기에 관한 사항"
011143,213449,호,93,"2. 디엔에이감식의 방법, 절차 및 감식기술의 표준화에 관한 사항"
011143,213449,호,94,"3. 디엔에이신원확인정보의 표기, 데이터베이스 수록 및 삭제에 관한 사항"
011143,213449,호,95,4. 그 밖에 대통령령으로 정하는 사항
011143,213449,항,96,② 위원회는 위원장 1명을 포함한 7명 이상 9명 이하의 위원으로 구성한다.
011143,213449,항,97,"③ 위원은 다음 각 호의 어느 하나에 해당하는 사람 중에서 국무총리가 위촉하며, 위원장은 국무총리가 위원 중에서 지명한다."
011143,213449,호,98,1. 5급 이상 공무원(고위공무원단에 속하는 일반직공무원을 포함한다) 또는 이에 상당하는 공공기관의 직에 있거나 있었던 사람으로서 디엔에이와 관련한 업무에 종사한 경험이 있는 사람
011143,213449,호,99,2. 대학이나 공인된 연구기관에서 부교수급 이상 또는 이에 상당하는 직에 있거나 있었던 사람으로서 생명과학 또는 의학 분야에서 전문지식과 연구경험이 풍부한 사람
011143,213449,호,100,"3. 그 밖에 윤리학계, 사회과학계, 법조계 또는 언론계 등 분야에서 학식과 경험이 풍부한 사람"
011143,213449,항,101,④ 위원의 임기는 3년으로 한다.
011143,213449,항,102,"⑤ 위원회는 제1항 각 호 사항의 심의에 필요하다고 인정하는 때에는 검찰총장 및 경찰청장에게 관련 자료의 제출을 요청할 수 있고, 디엔에이신원확인정보담당자 등을 위원회의 회의에 참석하게 하여 의견을 들을 수 있다."
011143,213449,항,103,⑥ 위원회는 제1항 각 호의 사항을 심의하여 검찰총장 또는 경찰청장에게 의견을 제시할 수 있다.
011143,213449,항,104,⑦ 제1항부터 제6항까지에서 규정한 사항 외에 위원회의 구성과 운영 등에 필요한 사항은 대통령령으로 정한다.
011143,213449,조문,105,제15조(업무목적 외 사용 등의 금지) 디엔에이신원확인정보담당자는 업무상 취득한 디엔에이감식시료 또는 디엔에이신원확인정보를 업무목적 외에 사용하거나 타인에게 제공 또는 누설하여서는 아니 된다.
011143,213449,조문,106,제16조(벌칙 적용 시 공무원 의제) 디엔에이신원확인정보담당자 중 공무원이 아닌 사람은 「형법」이나 그 밖의 법률에 따른 벌칙을 적용할 때에는 공무원으로 본다.
011143,213449,조문,107,제17조(벌칙)
011143,213449,항,108,① 디엔에이신원확인정보를 거짓으로 작성하거나 변개(變改)한 사람은 7년 이하의 징역 또는 2천만원 이하의 벌금에 처한다.
011143,213449,항,109,"② 이 법에 따라 채취한 디엔에이감식시료를 인멸, 은닉 또는 손상하거나 그 밖의 방법으로 그 효용을 해친 사람은 5년 이하의 징역 또는 700만원 이하의 벌금에 처한다."
011143,213449,항,110,③ 제15조를 위반하여 디엔에이감식시료 또는 디엔에이신원확인정보를 업무목적 외에 사용하거나 타인에게 제공 또는 누설한 사람은 3년 이하의 징역 또는 5년 이하의 자격정지에 처한다.
011143,213449,항,111,④ 다음 각 호의 어느 하나에 해당하는 사람은 2년 이하의 징역 또는 500만원 이하의 벌금에 처한다.
011143,213449,호,112,1. 거짓이나 그 밖의 부정한 방법으로 디엔에이신원확인정보를 열람하거나 제공받은 사람
011143,213449,호,113,2. 제11조에 따라 회보된 디엔에이신원확인정보를 업무목적 외에 사용하거나 타인에게 제공 또는 누설한 사람
011143,213449,항,114,⑤ 디엔에이신원확인정보담당자가 정당한 사유 없이 제12조 또는 제13조를 위반하여 디엔에이감식시료와 추출한 디엔에이를 폐기하지 아니하거나 디엔에이신원확인정보를 삭제하지 아니한 때에는 1년 이하의 징역 또는 3년 이하의 자격정지에 처한다. <개정 2014.1.7>
