법령일련번호,MST,구분,문장번호,내용
001124,213847,조문,1,제1조(목적) 이 법은 특정범죄를 범한 자에 대하여 재범의 위험성을 예방하고 건전한 사회복귀를 촉진하기 위하여 보안관찰처분을 함으로써 국가의 안전과 사회의 안녕을 유지함을 목적으로 한다.
001124,213847,조문,2,"제2조(보안관찰해당범죄) 이 법에서 ""보안관찰해당범죄""라 함은 다음 각호의 1에 해당하는 죄를 말한다."
001124,213847,항,3,
001124,213847,호,4,1. 형법 제88조·제89조(第87條의 未遂犯을 제외한다)·제90조(第87條에 해당하는 罪를 제외한다)·제92조 내지 제98조·제100조(第99條의 未遂犯을 제외한다) 및 제101조(第99條에 해당하는 罪를 제외한다)
001124,213847,호,5,2. 군형법 제5조 내지 제8조·제9조제2항 및 제11조 내지 제16조
001124,213847,호,6,"3. 국가보안법 제4조, 제5조(第1項중 第4條第1項第6號에 해당하는 행위를 제외한다), 제6조, 제9조제1항·제3항(第2項의 未遂犯을 제외한다)·제4항"
001124,213847,조문,7,"제3조(보안관찰처분대상자) 이 법에서 ""보안관찰처분대상자""라 함은 보안관찰해당범죄 또는 이와 경합된 범죄로 금고 이상의 형의 선고를 받고 그 형기합계가 3년 이상인 자로서 형의 전부 또는 일부의 집행을 받은 사실이 있는 자를 말한다."
001124,213847,조문,8,제4조(보안관찰처분)
001124,213847,항,9,①제3조에 해당하는 자중 보안관찰해당범죄를 다시 범할 위험성이 있다고 인정할 충분한 이유가 있어 재범의 방지를 위한 관찰이 필요한 자에 대하여는 보안관찰처분을 한다.
001124,213847,항,10,"②보안관찰처분을 받은 자는 이 법이 정하는 바에 따라 소정의 사항을 주거지 관할경찰서장(이하 ""管轄警察署長""이라 한다)에게 신고하고, 재범방지에 필요한 범위안에서 그 지시에 따라 보안관찰을 받아야 한다."
001124,213847,조문,11,제5조(보안관찰처분의 기간)
001124,213847,항,12,①보안관찰처분의 기간은 2년으로 한다.
001124,213847,항,13,②법무부장관은 검사의 청구가 있는 때에는 보안관찰처분심의위원회의 의결을 거쳐 그 기간을 갱신할 수 있다.
001124,213847,조문,14,제6조(보안관찰처분대상자의 신고)
001124,213847,항,15,"①보안관찰처분대상자는 대통령령이 정하는 바에 따라 그 형의 집행을 받고 있는 교도소, 소년교도소, 구치소, 유치장 또는 군교도소(이하 ""矯導所등""이라 한다) 에서 출소전에 거주예정지 기타 대통령령으로 정하는 사항을 교도소등의 장을 경유하여 거주예정지 관할경찰서장에게 신고하고, 출소후 7일이내에 그 거주예정지 관할경찰서장에게 출소사실을 신고하여야 한다. 제20조제3항에 해당하는 경우에는 법무부장관이 제공하는 거주할 장소(이하 ""居所""라 한다)를 거주예정지로 신고하여야 한다. <개정 2020.2.4>"
001124,213847,항,16,"②보안관찰처분대상자는 교도소등에서 출소한 후 제1항의 신고사항에 변동이 있을 때에는 변동이 있는 날부터 7일이내에 그 변동된 사항을 관할경찰서장에게 신고하여야 한다. 다만, 제20조제3항에 의하여 거소제공을 받은 자가 주거지를 이전하고자 할 때에는 미리 관할경찰서장에게 제18조제4항 단서에 의한 신고를 하여야 한다."
001124,213847,항,17,③교도소등의 장은 제3조에 해당하는 자가 생길 때에는 지체없이 보안관찰처분심의위원회와 거주예정지를 관할하는 검사 및 경찰서장에게 통고하여야 한다.
001124,213847,조문,18,제7조(보안관찰처분의 청구) 보안관찰처분청구는 검사가 행한다.
001124,213847,조문,19,제8조(청구의 방법)
001124,213847,항,20,"①제7조의 규정에 의한 보안관찰처분청구는 검사가 보안관찰처분청구서(이하 ""處分請求書""라 한다)를 법무부장관에게 제출함으로써 행한다."
001124,213847,항,21,②처분청구서에는 다음 사항을 기재하여야 한다.
001124,213847,호,22,"1. 보안관찰처분을 청구받은 자(이하 ""被請求者""라 한다)의 성명 기타 피청구자를 특정할 수 있는 사항"
001124,213847,호,23,2. 청구의 원인이 되는 사실
001124,213847,호,24,3. 기타 대통령령으로 정하는 사항
001124,213847,항,25,③검사가 처분청구서를 제출할 때에는 청구의 원인이 되는 사실을 증명할 수 있는 자료와 의견서를 첨부하여야 한다.
001124,213847,항,26,④검사는 보안관찰처분청구를 한 때에는 지체없이 처분청구서등본을 피청구자에게 송달하여야 한다. 이 경우 송달에 관하여는 민사소송법중 송달에 관한 규정을 준용한다.
001124,213847,조문,27,제9조(조사)
001124,213847,항,28,"①검사는 제7조의 규정에 의한 보안관찰처분청구를 위하여 필요한 때에는 보안관찰처분대상자, 청구의 원인이 되는 사실과 보안관찰처분을 필요로 하는 자료를 조사할 수 있다."
001124,213847,항,29,"②사법경찰관리와 특별사법경찰관리(이하 ""司法警察官吏""라 한다)는 검사의 지휘를 받아 제1항의 규정에 의한 조사를 할 수 있다."
001124,213847,조문,30,제10조(심사)
001124,213847,항,31,①법무부장관은 처분청구서와 자료에 의하여 청구된 사안을 심사한다.
001124,213847,항,32,②법무부장관은 제1항의 규정에 의한 심사를 위하여 필요한 때에는 법무부소속공무원으로 하여금 조사하게 할 수 있다.
001124,213847,항,33,③제2항의 규정에 의하여 조사의 명을 받은 공무원은 다음 각호의 권한을 가진다.
001124,213847,호,34,1. 피청구자 기타 관계자의 소환·심문·조사
001124,213847,호,35,2. 국가기관 기타 공·사단체에의 조회 및 관계자료의 제출요구
001124,213847,조문,36,제11조(보안관찰처분의 면제)
001124,213847,항,37,"①법무부장관은 보안관찰처분대상자중 다음 각호의 요건을 갖춘 자에 대하여는 보안관찰처분을 하지 아니하는 결정(이하 ""免除決定""이라 한다)을 할 수 있다."
001124,213847,호,38,1. 준법정신이 확립되어 있을 것
001124,213847,호,39,2. 일정한 주거와 생업이 있을 것
001124,213847,호,40,3. 대통령령이 정하는 신원보증이 있을 것
001124,213847,항,41,②법무부장관은 제1항의 요건을 갖춘 보안관찰처분대상자의 신청이 있을 때에는 부득이한 사유가 있는 경우를 제외하고는 3월내에 보안관찰처분면제여부를 결정하여야 한다.
001124,213847,항,42,③검사는 제1항제1호 및 제2호의 요건을 갖춘 보안관찰처분대상자의 정상을 참작하여 위험성이 없다고 인정되는 때에는 법무부장관에게 면제결정을 청구할 수 있다.
001124,213847,항,43,④면제결정을 받은 자가 그 면제결정요건에 해당하지 아니하게 된 때에는 검사의 청구에 의하여 법무부장관은 면제결정을 취소할 수 있다.
001124,213847,항,44,"⑤면제결정과 면제결정청구, 면제결정취소청구 및 그 결정에 대하여는 보안관찰처분청구 및 심사결정에 관한 규정을 준용한다."
001124,213847,항,45,⑥보안관찰처분의 면제결정을 받은 자는 그때부터 이 법에 의한 보안관찰처분대상자 또는 피보안관찰자로서의 의무를 면한다.
001124,213847,조문,46,제12조(보안관찰처분심의위원회)
001124,213847,항,47,"①보안관찰처분에 관한 사안을 심의·의결하기 위하여 법무부에 보안관찰처분심의위원회(이하 ""委員會""라 한다)를 둔다."
001124,213847,항,48,②위원회는 위원장 1인과 6인의 위원으로 구성한다.
001124,213847,항,49,"③위원장은 법무부차관이 되고, 위원은 학식과 덕망이 있는 자로 하되, 그 과반수는 변호사의 자격이 있는 자이어야 한다."
001124,213847,항,50,④위원은 법무부장관의 제청으로 대통령이 임명 또는 위촉한다.
001124,213847,항,51,"⑤위촉된 위원의 임기는 2년으로 한다. 다만, 공무원인 위원은 그 직을 면한 때에는 위원의 자격을 상실한다."
001124,213847,항,52,⑥위원중 공무원이 아닌 위원도 이 법 기타 다른 법률의 규정에 의한 벌칙의 적용에 있어서는 공무원으로 본다.
001124,213847,항,53,"⑦위원장은 위원회의 회무를 총괄하고 위원회를 대표하며, 위원회의 회의를 소집하고 그 의장이 된다. <개정 2016.1.19>"
001124,213847,항,54,⑧위원장이 사고가 있을 때에는 미리 그가 지정한 위원이 그 직무를 대행한다.
001124,213847,항,55,⑨위원회는 다음 각호의 사안을 심의·의결한다.
001124,213847,호,56,1. 보안관찰처분 또는 그 기각의 결정
001124,213847,호,57,2. 면제 또는 그 취소결정
001124,213847,호,58,3. 보안관찰처분의 취소 또는 기간의 갱신결정
001124,213847,항,59,⑩위원회의 회의는 위원장을 포함한 재적위원 과반수의 출석으로 개의하고 출석위원 과반수의 찬성으로 의결한다.
001124,213847,항,60,⑪위원회의 운영·서무 기타 필요한 사항은 대통령령으로 정한다.
001124,213847,조문,61,제13조(피청구자의 자료제출등)
001124,213847,항,62,①피청구자는 처분청구서등본을 송달받은 날부터 7일 이내에 법무부장관 또는 위원회에 서면으로 자기에게 이익된 사실을 진술하고 자료를 제출할 수 있다.
001124,213847,항,63,"②위원회는 필요하다고 인정하는 경우에는 피청구자 및 기타 관계자를 출석시켜 심문·조사하거나 공무소 기타 공·사단체에 대하여 조회할 수 있으며, 관계자료의 제출을 요구할 수 있다."
001124,213847,조문,64,제14조(결정)
001124,213847,항,65,①보안관찰처분에 관한 결정은 위원회의 의결을 거쳐 법무부장관이 행한다.
001124,213847,항,66,"②법무부장관은 위원회의 의결과 다른 결정을 할 수 없다. 다만, 보안관찰처분대상자에 대하여 위원회의 의결보다 유리한 결정을 하는 때에는 그러하지 아니하다."
001124,213847,조문,67,제15조(의결서등)
001124,213847,항,68,①위원회의 의결은 이유를 붙이고 위원장과 출석위원이 기명날인하는 문서로써 행한다.
001124,213847,항,69,②법무부장관의 결정은 이유를 붙이고 법무부장관이 기명·날인하는 문서로써 행한다.
001124,213847,조문,70,제16조(결정의 취소등)
001124,213847,항,71,①검사는 법무부장관에게 보안관찰처분의 취소 또는 기간의 갱신을 청구할 수 있다.
001124,213847,항,72,②법무부장관은 제1항의 규정에 의한 청구를 받은 때에는 위원회의 의결을 거쳐 이를 심사·결정하여야 한다.
001124,213847,항,73,③제1항 및 제2항의 규정에 의한 청구와 그 청구의 심사·결정에 대하여는 보안관찰처분청구 및 심사결정에 관한 규정을 준용한다.
001124,213847,조문,74,제17조(보안관찰처분의 집행)
001124,213847,항,75,①보안관찰처분의 집행은 검사가 지휘한다.
001124,213847,항,76,②제1항의 지휘는 결정서등본을 첨부한 서면으로 하여야 한다.
001124,213847,항,77,③검사는 피보안관찰자가 도주하거나 1월 이상 그 소재가 불명한 때에는 보안관찰처분의 집행중지결정을 할 수 있다. 그 사유가 소멸된 때에는 지체없이 그 결정을 취소하여야 한다.
001124,213847,조문,78,제18조(신고사항)
001124,213847,항,79,"①보안관찰처분을 받은 자(이하 ""被保安觀察者""라 한다)는 보안관찰처분결정고지를 받은 날부터 7일 이내에 다음 각호의 사항을 주거지를 관할하는 지구대 또는 파출소의 장(이하 ""지구대·파출소장""이라 한다)을 거쳐 관할경찰서장에게 신고하여야 한다. 제20조제3항에 해당하는 경우에는 법무부장관이 제공하는 거소를 주거지로 신고하여야 한다. <개정 2004.12.23, 2007.5.17>"
001124,213847,호,80,"1. 등록기준지, 주거(실제로 生活하는 居處), 성명, 생년월일, 성별, 주민등록번호"
001124,213847,호,81,2. 가족 및 동거인 상황과 교우관계
001124,213847,호,82,"3. 직업, 월수, 본인 및 가족의 재산상황"
001124,213847,호,83,"4. 학력, 경력"
001124,213847,호,84,5. 종교 및 가입한 단체
001124,213847,호,85,6. 직장의 소재지 및 연락처
001124,213847,호,86,7. 보안관찰처분대상자 신고를 행한 관할경찰서 및 신고일자
001124,213847,호,87,8. 기타 대통령령이 정하는 사항
001124,213847,항,88,②피보안관찰자는 보안관찰처분결정고지를 받은 날이 속한 달부터 매3월이 되는 달의 말일까지 다음 각호의 사항을 지구대·파출소장을 거쳐 관할경찰서장에게 신고하여야 한다. <개정 2004.12.23>
001124,213847,호,89,1. 3월간의 주요활동사항
001124,213847,호,90,"2. 통신·회합한 다른 보안관찰처분대상자의 인적사항과 그 일시, 장소 및 내용"
001124,213847,호,91,3. 3월간에 행한 여행에 관한 사항(申告를 마치고 중지한 旅行에 관한 사항을 포함한다)
001124,213847,호,92,4. 관할경찰서장이 보안관찰과 관련하여 신고하도록 지시한 사항
001124,213847,항,93,③피보안관찰자는 제1항의 신고사항에 변동이 있을 때에는 7일 이내에 지구대·파출소장을 거쳐 관할경찰서장에게 신고하여야 한다. 피보안관찰자가 제1항의 신고를 한 후 제20조제3항에 의하여 거소제공을 받거나 제20조제5항에 의하여 거소가 변경된 때에는 제공 또는 변경된 거소로 이전한 후 7일 이내에 지구대·파출소장을 거쳐 관할경찰서장에게 신고하여야 한다. <개정 2004.12.23>
001124,213847,항,94,"④피보안관찰자가 주거지를 이전하거나 국외여행 또는 10일 이상 주거를 이탈하여 여행하고자 할 때에는 미리 거주예정지, 여행예정지 기타 대통령령이 정하는 사항을 지구대·파출소장을 거쳐 관할경찰서장에게 신고하여야 한다. 다만, 제20조제3항에 의하여 거소제공을 받은 자가 주거지를 이전하고자 할 때에는 제20조제5항에 의하여 거소변경을 신청하여 변경결정된 거소를 거주예정지로 신고하여야 한다. <개정 2004.12.23>"
001124,213847,항,95,⑤관할경찰서장은 제1항 내지 제4항의 규정에 의한 신고를 받은 때에는 신고필증을 교부하여야 한다.
001124,213847,조문,96,제19조(지도)
001124,213847,항,97,①검사 및 사법경찰관리는 피보안관찰자의 재범을 방지하고 건전한 사회복귀를 촉진하기 위하여 다음 각호의 지도를 할 수 있다.
001124,213847,호,98,1. 피보안관찰자와 긴밀한 접촉을 가지고 항상 그 행동 및 환경등을 관찰하는 것
001124,213847,호,99,2. 피보안관찰자에 대하여 신고사항을 이행함에 적절한 지시를 하는 것
001124,213847,호,100,3. 기타 피보안관찰자가 사회의 선량한 일원이 되는데 필요한 조치를 취하는 것
001124,213847,항,101,②검사 및 사법경찰관은 피보안관찰자의 재범방지를 위하여 특히 필요한 경우에는 다음 각호의 조치를 할 수 있다.
001124,213847,호,102,1. 보안관찰해당범죄를 범한 자와의 회합·통신을 금지하는 것
001124,213847,호,103,"2. 집단적인 폭행, 협박, 손괴, 방화등으로 공공의 안녕질서에 직접적인 위협을 가할 것이 명백한 집회 또는 시위장소에의 출입을 금지하는 것"
001124,213847,호,104,3. 피보안관찰자의 보호 또는 조사를 위하여 특정장소에의 출석을 요구하는 것
001124,213847,조문,105,제20조(보호)
001124,213847,항,106,"①검사 및 사법경찰관리는 피보안관찰자가 자조의 노력을 함에 있어, 그의 개선과 자위를 위하여 필요하다고 인정되는 적절한 보호를 할 수 있다."
001124,213847,항,107,②제1항의 보호의 방법은 다음과 같다.
001124,213847,호,108,1. 주거 또는 취업을 알선하는 것
001124,213847,호,109,2. 직업훈련의 기회를 제공하는 것
001124,213847,호,110,3. 환경을 개선하는 것
001124,213847,호,111,4. 기타 본인의 건전한 사회복귀를 위하여 필요한 원조를 하는 것
001124,213847,항,112,③법무부장관은 보안관찰처분대상자 또는 피보안관찰자중 국내에 가족이 없거나 가족이 있어도 인수를 거절하는 자에 대하여는 대통령령이 정하는 바에 의하여 거소를 제공할 수 있다.
001124,213847,항,113,④사회복지사업법에 의한 사회복지시설로서 대통령령이 정하는 시설의 장은 법무부장관으로부터 보안관찰처분대상자 또는 피보안관찰자에 대한 거소제공의 요청을 받은 때에는 정당한 이유없이 이를 거부하여서는 아니된다.
001124,213847,항,114,⑤법무부장관은 제3항에 의하여 거소제공을 받은 자에게 국내에 인수를 희망하는 가족이 생기거나 기타 거소변경의 필요가 있는 때에는 본인의 신청 또는 검사의 청구에 의하여 이미 제공한 거소를 변경할 수 있다. 이 경우 법무부장관은 3월 이내에 거소의 변경여부를 결정하여야 한다.
001124,213847,조문,115,제21조(응급구호) 검사 및 사법경찰관리는 피보안관찰자에게 부상·질병 기타 긴급한 사유가 발생하였을 때에는 대통령령이 정하는 바에 따라 필요한 구호를 할 수 있다.
001124,213847,조문,116,제22조(경고) 검사 및 사법경찰관리는 피보안관찰자가 의무를 위반하였거나 위반할 위험성이 있다고 의심할 상당한 이유가 있는 때에는 그 이행을 촉구하고 형사처벌등 불이익한 처분을 받을 수 있음을 경고할 수 있다.
001124,213847,조문,117,"제23조(행정소송) 이 법에 의한 법무부장관의 결정을 받은 자가 그 결정에 이의가 있을 때에는 행정소송법이 정하는 바에 따라 그 결정이 집행된 날부터 60일 이내에 서울고등법원에 소를 제기할 수 있다. 다만, 제11조의 규정에 의한 면제결정신청에 대한 기각결정을 받은 자가 그 결정에 이의가 있을 때에는 그 결정이 있는 날부터 60일 이내에 서울고등법원에 소를 제기할 수 있다."
001124,213847,조문,118,"제24조(행정소송법의 준용) 제23조의 소송에 관하여 이 법에 규정한 것을 제외하고는 행정소송법을 준용한다. 다만, 행정소송법 제18조의 규정은 준용하지 아니한다. <개정 2002.1.26, 2004.10.16>"
001124,213847,조문,119,제25조(기간의 계산)
001124,213847,항,120,①보안관찰처분의 기간은 보안관찰처분 결정을 집행하는 날부터 계산한다. 이 경우 초일은 산입한다.
001124,213847,항,121,②제18조제1항 내지 제4항의 규정에 의한 신고를 하지 아니한 기간은 보안관찰처분 기간에 산입하지 아니한다.
001124,213847,항,122,"③보안관찰처분의 집행중지결정이 있거나 징역·금고·구류·노역장유치 중에 있는 때, 「사회보호법」에 의한 감호의 집행 중에 있는 때 또는 「치료감호법」에 의한 치료감호의 집행 중에 있는 때에는 보안관찰처분의 기간은 그 진행이 정지된다. <개정 2005.8.4>"
001124,213847,조문,123,제26조(군법피적용자에 대한 특칙등)
001124,213847,항,124,"①군사법원법 제2조제1항 각호의 1에 게기된 자에 대한 보안관찰처분에 관하여는 국방부장관은 법무부장관의, 군검찰부 군검사는 검사의, 군사법경찰관리는 사법경찰관리의 이 법에 의한 직무를 행한다. <개정 2016.1.6>"
001124,213847,항,125,②군사법원법 제2조제1항 각호의 1에 게기된 자에 대한 보안관찰처분을 심의·의결하기 위하여 국방부에 군보안관찰처분심의위원회를 둔다.
001124,213847,항,126,③군보안관찰처분심의위원회의 구성과 운영에 관하여는 제12조의 규정을 준용한다.
001124,213847,항,127,④국방부장관 또는 군검찰부 군검사는 보안관찰처분대상자가 군사법원법 제2조제1항 각호의 1에 게기된 자가 아님이 명백한 때에는 당해 사안을 법무부장관 또는 검사에게 이송한다. 이 경우 이송전에 한 심사 또는 조사는 이송후에도 그 효력에 영향이 없다. <개정 2016.1.6>
001124,213847,항,128,⑤법무부장관 또는 검사는 보안관찰처분대상자가 군사법원법 제2조제1항 각호의 1에 게기된 자임이 명백한 때에는 당해 사안을 국방부장관 또는 군검찰부 군검사에게 이송한다. 이 경우 이송전에 한 심사 또는 조사는 이송후에도 그 효력에 영향이 없다. <개정 2016.1.6>
001124,213847,조문,129,제27조(벌칙)
001124,213847,항,130,①보안관찰처분대상자 또는 피보안관찰자가 보안관찰처분 또는 보안관찰을 면탈할 목적으로 은신 또는 도주한 때에는 3년 이하의 징역에 처한다.
001124,213847,항,131,②정당한 이유없이 제6조제1항·제2항 및 제18조제1항 내지 제4항의 규정에 의한 신고를 하지 아니하거나 허위의 신고를 한 자 또는 그 신고를 함에 있어서 거주예정지나 주거지를 명시하지 아니한 자는 2년 이하의 징역 또는 100만원 이하의 벌금에 처한다.
001124,213847,항,132,③정당한 이유없이 제19조제2항의 조치에 위반한 자는 1년 이하의 징역 또는 50만원 이하의 벌금에 처한다.
001124,213847,항,133,④제20조제4항에 위반한 자는 6월 이하의 징역 또는 50만원 이하의 벌금에 처한다.
001124,213847,항,134,⑤보안관찰처분에 관한 업무에 종사하는 공무원이 정당한 이유없이 그 직무수행을 거부 또는 그 직무를 유기하거나 허위의 보고를 한 때에는 2년 이하의 징역 또는 5년 이하의 자격정지에 처한다.
001124,213847,항,135,"⑥보안관찰처분대상자 또는 피보안관찰자를 은닉하거나 도주하게 한 자는 2년 이하의 징역에 처한다. 다만, 친족이 본인을 위하여 본문의 죄를 범한 때에는 벌하지 아니한다. <개정 2005.3.31>"
001124,213847,항,136,⑦보안관찰처분의 업무에 종사하는 공무원 또는 제11조의 신원보증을 한 자가 정당한 사유없이 보안관찰처분대상자에 관하여 이 법에 의하여 지득한 사실을 공표하거나 누설한 때에는 2년 이하의 징역 또는 5년 이하의 자격정지에 처한다.
