법령일련번호,MST,구분,문장번호,내용
001993,255889,조문,1,제1조(목적) 이 법은 여성기업의 활동과 여성의 창업을 적극적으로 지원하여 경제영역에서 남녀의 실질적인 평등을 도모하고 여성의 경제활동과 여성경제인의 지위 향상을 도모함으로써 국민경제 발전에 이바지함을 목적으로 한다.
001993,255889,조문,2,제2조(정의) 이 법에서 사용하는 용어의 뜻은 다음과 같다. <개정 2016.1.27>
001993,255889,항,3,
001993,255889,호,4,"1. ""여성기업""이란 여성이 소유하고 경영하는 기업으로서 대통령령으로 정하는 기준에 해당하는 기업을 말한다."
001993,255889,호,5,"2. ""여성경제인""이란 기업의 임원으로서 그 기업의 최고의사 결정에 참여하는 여성을 말한다."
001993,255889,호,6,"3. ""공공기관""이란 「중소기업제품 구매촉진 및 판로지원에 관한 법률」 제2조제2호에 따른 공공기관을 말한다."
001993,255889,조문,7,제3조(국가 및 지방자치단체의 책임) 국가 및 지방자치단체는 여성의 창업과 여성기업의 기업활동을 촉진하기 위하여 자금ㆍ인력ㆍ정보ㆍ기술ㆍ판로 등의 분야에서 종합적인 지원과 사업활동 기회가 균등하게 보장될 수 있도록 노력하여야 한다.
001993,255889,조문,8,제4조(차별적 관행의 시정)
001993,255889,항,9,"① 중소벤처기업부장관은 공공기관, 대통령령으로 정하는 중소기업 관련 기관 또는 단체(이하 ""공공기관등""이라 한다)가 여성기업에 불합리한 차별적 관행이나 제도를 시행할 경우 그 시정을 요청할 수 있다. <개정 2017.7.26, 2019.4.23>"
001993,255889,항,10,"② 제1항에 따라 시정을 요청받은 공공기관등은 요청을 받은 날부터 90일 이내에 그 시정 요청사항의 이행계획을 중소벤처기업부장관에게 통보하여야 한다. 다만, 시정 요청사항을 이행할 수 없는 경우에는 그 사유를 중소벤처기업부장관에게 통보하여야 한다. <개정 2019.4.23>"
001993,255889,항,11,"③ 제2항에 따라 이행계획을 통보한 공공기관등은 이행계획에 따라 시정 요청사항을 이행하고, 이행을 완료한 날부터 90일 이내에 그 이행결과를 중소벤처기업부장관에게 통보하여야 한다. <신설 2019.4.23>"
001993,255889,항,12,"④ 중소벤처기업부장관은 필요하다고 인정하면 제1항에 따른 시정 요청, 제2항에 따른 통보 내용 및 제3항에 따른 이행결과를 공표할 수 있다. <신설 2019.4.23>"
001993,255889,조문,13,제5조(여성기업활동 촉진에 관한 기본계획)
001993,255889,항,14,"① 중소벤처기업부장관은 대통령령으로 정하는 바에 따라 여성기업의 활동을 촉진하기 위한 기본계획(이하 ""기본계획""이라 한다)을 5년마다 수립하여야 한다. <개정 2017.7.26, 2020.2.11>"
001993,255889,항,15,② 기본계획에는 다음 각 호의 사항이 포함되어야 한다. <개정 2020.10.20>
001993,255889,호,16,1. 여성기업활동을 촉진하기 위한 기본목표 및 그 추진방향
001993,255889,호,17,2. 여성의 창업을 지원하기 위한 사항
001993,255889,호,18,"3. 여성기업에 대한 자금, 정보, 기술, 인력, 판로 등의 지원에 관한 사항"
001993,255889,호,19,4. 중소기업 지원사업 평가위원회 구성 시 여성위원 비율에 관한 사항
001993,255889,호,20,5. 제1호부터 제4호까지에서 규정한 사항 외에 여성기업 및 여성경제인의 활동을 촉진하기 위하여 필요한 사항
001993,255889,항,21,"③ 중소벤처기업부장관은 기본계획에 따라 연도별 여성기업활동 촉진에 관한 시행계획(이하 ""시행계획""이라 한다)을 수립ㆍ시행하여야 한다. <신설 2020.2.11>"
001993,255889,항,22,"④ 중소벤처기업부장관은 기본계획 및 시행계획을 수립하기 위하여 필요하다고 인정하는 경우에는 관계 행정기관 및 여성기업 지원과 관련된 기관 또는 단체에 대하여 필요한 자료나 의견 등의 제출을 요청할 수 있다. 이 경우 요청을 받은 관계 행정기관 및 여성기업 지원과 관련된 기관 또는 단체는 특별한 사정이 없으면 요청에 따라야 한다. <개정 2017.7.26, 2020.2.11>"
001993,255889,항,23,⑤ 그 밖에 기본계획 및 시행계획의 수립ㆍ시행에 필요한 사항은 대통령령으로 정한다. <신설 2020.2.11>
001993,255889,조문,24,제6조 삭제 <2023.10.31>
001993,255889,조문,25,제7조(실태 조사 및 통계 작성)
001993,255889,항,26,"① 중소벤처기업부장관은 여성기업의 활동 현황 및 실태를 파악하기 위하여 매년 실태 조사를 하고 그 결과를 공표하여야 한다. <개정 2017.7.26, 2021.4.20>"
001993,255889,항,27,② 중소벤처기업부장관은 제1항에 따른 실태 조사 및 관계 자료를 참고하여 여성기업에 관한 통계를 작성ㆍ관리하여야 한다. <신설 2021.4.20>
001993,255889,항,28,"③ 제1항에 따른 실태 조사를 하기 위하여 필요한 경우에는 공공기관ㆍ여성기업 또는 여성단체에 대하여 자료의 제출이나 의견의 진술 등을 요구할 수 있으며, 그 요구를 받은 공공기관ㆍ여성기업 또는 여성단체는 이에 협조하여야 한다."
001993,255889,항,29,"④ 중소벤처기업부장관은 제1항에 따른 실태 조사를 제13조에 따른 한국여성경제인협회, 중소기업 관련 기관 또는 단체에 위탁할 수 있다. <개정 2017.7.26, 2021.4.20>"
001993,255889,항,30,⑤ 제1항에 따른 실태 조사 및 제2항에 따른 통계 작성ㆍ관리의 내용 및 절차 등에 관하여 필요한 사항은 대통령령으로 정한다. <신설 2021.4.20>
001993,255889,조문,31,제8조(여성의 창업지원 특례)
001993,255889,항,32,"① 중소벤처기업부장관은 「중소기업창업 지원법」 제7조제1항에 따른 창업지원종합계획에 여성의 창업촉진을 위한 계획을 포함시켜야 한다. <개정 2017.7.26, 2021.12.28>"
001993,255889,항,33,② 정부는 「중소기업창업 지원법」 제35조제1항에 따라 창업기업등과 창업지원 관련 사업을 하는 자에 대한 지원을 하는 경우 여성창업자 및 여성창업 지원 실적이 우수한 창업지원 관련 사업자를 우대할 수 있다. <개정 2021.12.28>
001993,255889,항,34,"③ 중소벤처기업부장관은 여성의 창업을 촉진하기 위하여 「중소기업창업 지원법」 제53조제1항에 따른 창업보육센터사업자를 지정할 때에는 여성을 위한 창업보육센터사업자를 우선 지정할 수 있다. <개정 2017.7.26, 2021.12.28>"
001993,255889,조문,35,제9조(공공기관의 우선 구매)
001993,255889,항,36,"① 공공기관의 장은 여성기업(「중소기업기본법」 제2조에 따른 중소기업자만 해당한다. 이하 이 조에서 같다)이 직접 생산하는 물품, 제공하는 용역 및 수행하는 공사(이하 이 조에서 ""여성기업제품""이라 한다)의 구매를 촉진하여야 한다. <개정 2018.6.12>"
001993,255889,항,37,② 공공기관의 장이 「중소기업제품 구매촉진 및 판로지원에 관한 법률」 제5조제1항에 따라 작성하는 구매계획에는 여성기업제품의 구매계획을 구분하여 포함시켜야 한다.
001993,255889,항,38,"③ 제2항에 따른 여성기업제품의 구매계획에는 대통령령으로 정하는 비율 이상의 구매목표를 포함시켜야 하며, 공공기관의 장은 해당 구매계획을 이행하여야 한다. <개정 2013.7.30>"
001993,255889,항,39,④ 중소벤처기업부장관은 제3항에 따른 구매계획을 확인한 결과 개선이 필요하다고 인정되는 사항에 대하여는 해당 공공기관의 장에게 그 개선을 권고할 수 있다. 이 경우 해당 공공기관의 장은 특별한 사정이 없으면 구매계획에 이를 반영하여야 한다. <개정 2017.7.26>
001993,255889,항,40,⑤ 제2항부터 제4항까지의 규정에 따른 구매계획과 구매실적의 통보에 필요한 사항은 「중소기업제품 구매촉진 및 판로지원에 관한 법률」 제5조제4항을 준용한다. <개정 2016.1.27>
001993,255889,조문,41,제10조(자금지원 우대)
001993,255889,항,42,①국가 및 지방자치단체는 기업에 대한 자금을 지원할 때 여성기업의 활동과 창업을 촉진하기 위하여 여성기업을 우대하여야 한다. <개정 2016.1.27>
001993,255889,항,43,"② 정부는 여성이 창업 및 기업활동에 필요한 자금을 원활하게 조달할 수 있도록 「신용보증기금법」에 따른 신용보증기금, 「기술보증기금법」에 따른 기술보증기금 및 「지역신용보증재단법」 제9조에 따라 설립한 신용보증재단으로 하여금 여성기업을 대상으로 하는 보증제도를 수립ㆍ운용하도록 할 수 있다. <신설 2016.1.27, 2016.3.29>"
001993,255889,조문,44,"제11조(경영능력 향상 지원) 중소벤처기업부장관은 여성경제인 및 여성기업의 근로자에 대하여 경영능력과 기술수준을 향상시키기 위한 다음 각 호의 연수 및 지도사업 등을 실시할 수 있다. <개정 2017.7.26, 2020.12.8>"
001993,255889,항,45,
001993,255889,호,46,1. 여성경제인의 기업가정신 교육과 관련된 사항
001993,255889,호,47,2. 여성경제인 간의 협력 및 조직화에 관한 사항
001993,255889,호,48,3. 여성기업의 기업환경 개선 및 경쟁력 강화에 관한 사항
001993,255889,호,49,4. 여성경제인의 스마트공장 구축 및 고도화 촉진과 관련된 사항
001993,255889,호,50,5. 여성경제인의 비대면 방식을 통한 제품의 생산ㆍ유통ㆍ판매 또는 서비스 제공 역량 강화에 관한 사항
001993,255889,호,51,6. 여성경제인 및 여성기업 근로자의 디지털 역량강화 교육과 관련된 사항
001993,255889,호,52,7. 그 밖에 여성경제인 및 여성기업 근로자의 경영능력과 기술수준 향상을 위하여 필요한 사항
001993,255889,조문,53,제12조(디자인 개발 지원) 「산업디자인진흥법」 제11조에 따른 한국디자인진흥원은 여성기업의 디자인 개발을 촉진하기 위하여 노력하여야 한다.
001993,255889,조문,54,제12조의2(인식개선 등) 중소벤처기업부장관은 여성기업에 대한 국민의 인식을 높이고 여성기업의 성장 촉진 및 경쟁력 강화를 위하여 다음 각 호의 사업을 추진할 수 있다.
001993,255889,항,55,
001993,255889,호,56,1. 우수 여성경제인 및 여성기업 경쟁력 강화에 공적이 있는 자에 대한 포상
001993,255889,호,57,2. 국민경제 발전에 대한 여성기업의 역할과 기여에 관한 홍보
001993,255889,호,58,3. 그 밖에 여성기업에 대한 인식제고를 위하여 필요한 사업
001993,255889,조문,59,제12조의3(여성기업 주간)
001993,255889,항,60,① 여성경제인의 자긍심을 고양하고 여성기업에 대한 국민의 인식을 높이기 위하여 대통령령으로 정하는 바에 따라 1년 중 1주간을 여성기업 주간으로 한다.
001993,255889,항,61,② 국가와 지방자치단체는 여성기업 주간의 취지에 적합한 기념행사를 개최할 수 있다.
001993,255889,항,62,③ 여성기업 주간의 행사에 필요한 사항은 대통령령으로 정한다.
001993,255889,조문,63,제13조(한국여성경제인협회의 설립 등)
001993,255889,항,64,"① 여성경제인의 공동이익의 증진과 건전한 발전을 도모하고 여성의 기업활동 촉진 업무를 효율적으로 수행하게 하기 위하여 한국여성경제인협회(이하 ""협회""라 한다)를 설립한다."
001993,255889,항,65,② 협회는 법인으로 한다.
001993,255889,항,66,③ 협회를 설립하려면 그 대표자는 대통령령으로 정하는 바에 따라 정관과 그 밖에 필요한 서류를 중소벤처기업부장관에게 제출하여 그 설립허가를 받아야 한다. <개정 2017.7.26>
001993,255889,항,67,④ 협회는 주된 사무소의 소재지에서 설립등기를 함으로써 성립한다.
001993,255889,조문,68,제14조(협회의 업무) 협회는 다음 각 호의 업무를 수행한다. <개정 2017.7.26>
001993,255889,항,69,
001993,255889,호,70,1. 여성경제인에 대한 연수 및 전문여성경제인의 양성
001993,255889,호,71,2. 여성기업에 대한 정보제공
001993,255889,호,72,3. 여성의 창업에 대한 지원 및 촉진 활동
001993,255889,호,73,4. 공동구매 및 판매사업 지원
001993,255889,호,74,5. 여성기업의 해외시장개척 및 외국인투자유치 지원
001993,255889,호,75,6. 외국 여성경제인단체와의 협력
001993,255889,호,76,7. 중소벤처기업부장관이 여성기업의 활동과 여성의 창업을 촉진하기 위하여 위탁하는 사업
001993,255889,호,77,8. 제1호부터 제7호까지에서 규정한 업무 외에 여성의 기업활동을 촉진하기 위한 업무
001993,255889,조문,78,제15조(여성기업종합지원센터의 설치 등)
001993,255889,항,79,"① 협회는 여성의 창업과 여성기업의 활동을 적극적으로 촉진하기 위하여 각종 정보 및 교육ㆍ훈련ㆍ연수ㆍ상담 등의 서비스를 제공할 수 있는 여성기업종합지원센터(이하 ""지원센터""라 한다)를 설치할 수 있다."
001993,255889,항,80,② 국가 또는 지방자치단체는 지원센터의 설치와 운영에 필요한 자금 등을 지원할 수 있다. <개정 2016.1.27>
001993,255889,항,81,③ 지원센터의 설치와 운영에 필요한 사항은 대통령령으로 정한다.
001993,255889,조문,82,제16조(국유ㆍ공유재산의 무상 대부) 국가 또는 지방자치단체는 협회의 사업을 위하여 필요한 경우에는 「국유재산법」 또는 「공유재산 및 물품 관리법」에도 불구하고 국유재산과 공유재산을 무상으로 협회에 대부할 수 있다.
001993,255889,조문,83,제17조(세제 지원) 정부는 협회 및 그 주요 사업에 대하여 「조세특례제한법」에서 정하는 바에 따라 세제상의 지원을 할 수 있다.
001993,255889,조문,84,제18조(유사명칭의 사용금지) 이 법에 따른 협회가 아닌 자는 한국여성경제인협회 또는 이와 비슷한 명칭을 사용하지 못한다.
001993,255889,조문,85,제19조(「민법」의 준용) 협회에 관하여 이 법에 규정된 것을 제외하고는 「민법」 중 사단법인에 관한 규정을 준용한다.
001993,255889,조문,86,제20조(지도ㆍ감독)
001993,255889,항,87,① 중소벤처기업부장관은 협회의 사무에 관하여 지도ㆍ감독할 수 있다. <개정 2017.7.26>
001993,255889,항,88,② 중소벤처기업부장관은 제1항에 따른 지도ㆍ감독을 위하여 필요하다고 인정하면 협회에 대하여 필요한 서류 등의 제출을 요구할 수 있다. <개정 2017.7.26>
001993,255889,조문,89,제20조의2(여성기업의 확인 등)
001993,255889,항,90,① 이 법에 따른 지원을 받고자 하는 자는 중소벤처기업부장관에게 기업이 여성기업에 해당하는지 여부를 확인하여 줄 것을 신청할 수 있다. <개정 2017.7.26>
001993,255889,항,91,"② 중소벤처기업부장관은 제1항에 따라 신청을 받으면 해당 기업이 여성기업에 해당하는지 여부를 조사ㆍ검토하여, 여성기업에 해당하면 이를 확인(이하 ""여성기업의 확인""이라 한다)하여 주어야 한다. 이 경우 유효기간을 명시한 증명서류를 함께 발급할 수 있다. <개정 2017.7.26>"
001993,255889,항,92,③ 다음 각 호의 어느 하나에 해당하는 자는 1년의 기간 내에서 대통령령으로 정하는 기간 내에는 제1항에 따른 신청을 할 수 없다.
001993,255889,호,93,1. 제2항에 따른 조사ㆍ검토 결과 여성기업이 아닌 것으로 밝혀진 자
001993,255889,호,94,2. 제20조의3제1항제1호에 해당하여 여성기업의 확인이 취소된 자
001993,255889,항,95,"④ 그 밖에 여성기업의 확인 절차, 증명서류의 유효기간 및 발급 등 여성기업의 확인에 필요한 사항은 대통령령으로 정한다."
001993,255889,조문,96,제20조의3(여성기업의 확인 취소)
001993,255889,항,97,"① 중소벤처기업부장관은 여성기업의 확인을 받은 자가 다음 각 호의 어느 하나에 해당하면 여성기업의 확인을 취소할 수 있다. 다만, 제1호의 경우에는 여성기업의 확인을 취소하여야 한다. <개정 2017.7.26>"
001993,255889,호,98,1. 거짓이나 그 밖의 부정한 방법으로 여성기업의 확인을 받은 경우
001993,255889,호,99,2. 제2조제1호에 따른 여성기업의 기준에 맞지 아니하게 된 경우
001993,255889,호,100,3. 부도ㆍ폐업 등의 사유로 기업활동을 하지 아니하게 된 경우
001993,255889,항,101,② 중소벤처기업부장관은 제1항에 따라 여성기업의 확인을 취소하려면 청문을 하여야 한다. <개정 2017.7.26>
001993,255889,조문,102,제20조의4(보고와 검사)
001993,255889,항,103,"① 중소벤처기업부장관은 여성기업의 확인을 받은 자가 제20조의3제1항에 따른 여성기업의 확인 취소 사유에 해당하는지 여부를 점검하기 위하여 필요하면 해당 기업에 대하여 관련 자료를 제출ㆍ보고하게 하거나 소속 공무원으로 하여금 사업장, 사무실 등에 출입하여 관련 사항을 검사하도록 할 수 있다. <개정 2017.7.26>"
001993,255889,항,104,② 제1항에 따라 검사를 하는 공무원은 그 권한을 표시하는 증표를 지니고 이를 관계인에게 내보여야 한다.
001993,255889,조문,105,제20조의5(권한의 위임ㆍ위탁)
001993,255889,항,106,① 이 법에 따른 중소벤처기업부장관의 권한은 대통령령으로 정하는 바에 따라 그 일부를 소속 기관의 장 또는 시ㆍ도지사에게 위임하거나 다른 행정기관의 장에게 위탁할 수 있다. <개정 2017.7.26>
001993,255889,항,107,② 제20조의2부터 제20조의4까지의 규정에 따른 중소벤처기업부장관의 업무는 대통령령으로 정하는 바에 따라 그 일부를 협회에 위탁할 수 있다. <개정 2017.7.26>
001993,255889,항,108,③ 제2항에 따라 중소벤처기업부장관으로부터 위탁받은 업무에 종사하는 협회의 임원과 직원은 「형법」 제129조부터 제132조까지의 규정을 적용할 때에는 공무원으로 본다. <개정 2017.7.26>
001993,255889,조문,109,제20조의6(벌칙) 여성기업이 아닌 자로서 거짓이나 그 밖의 부정한 방법으로 이 법에 따른 지원을 받은 자는 3년 이하의 징역 또는 3천만원 이하의 벌금에 처한다.
001993,255889,조문,110,"제20조의7(양벌규정) 법인의 대표자나 법인 또는 개인의 대리인, 사용인, 그 밖의 종업원이 그 법인 또는 개인의 업무에 관하여 제20조의6의 위반행위를 하면 그 행위자를 벌하는 외에 그 법인 또는 개인에게도 해당 조문의 벌금형을 과(科)한다. 다만, 법인 또는 개인이 그 위반행위를 방지하기 위하여 해당 업무에 관하여 상당한 주의와 감독을 게을리하지 아니한 경우에는 그러하지 아니하다."
001993,255889,조문,111,제21조(과태료)
001993,255889,항,112,"① 제20조의4제1항에 따른 자료를 제출하지 아니하거나 거짓된 자료를 제출한 자, 보고를 하지 아니하거나 거짓된 보고를 한 자 또는 검사를 거부ㆍ방해 또는 기피한 자에게는 300만원 이하의 과태료를 부과한다. <신설 2016.1.27>"
001993,255889,항,113,② 제18조를 위반하여 한국여성경제인협회 또는 이와 비슷한 명칭을 사용한 자에게는 100만원 이하의 과태료를 부과한다. <개정 2016.1.27>
001993,255889,항,114,"③ 제1항 및 제2항에 따른 과태료는 중소벤처기업부장관이 부과ㆍ징수한다. <개정 2016.1.27, 2017.7.26>"
