법령일련번호,MST,구분,문장번호,내용
014102,233193,조문,1,제1조(목적) 이 영은 「군사경찰의 직무수행에 관한 법률」에서 위임된 사항과 그 시행에 필요한 사항을 규정함을 목적으로 한다.
014102,233193,조문,2,"제2조(군사경찰) 「군사경찰의 직무수행에 관한 법률」(이하 ""법""이라 한다) 제3조제1호에서 ""대통령령으로 정하는 사람""이란 다음 각 호의 구분에 따라 국방부장관 또는 각 군 참모총장(해병대의 경우에는 해병대사령관을 말한다. 이하 같다)이 군사경찰로 임명한 사람을 말한다. 다만, 병(兵)의 경우에는 군사경찰부대가 설치되어 있는 부대의 장이 군사경찰로 임명한 사람을 말한다."
014102,233193,항,3,
014102,233193,호,4,"1. 국방부, 합동참모본부 및 국방부 직할부대ㆍ기관에 소속된 사람: 국방부장관"
014102,233193,호,5,"2. 육군, 해군(해병대를 포함한다) 및 공군에 소속된 사람: 각 군 참모총장"
014102,233193,조문,6,제3조(증표) 국방부장관 및 각 군 참모총장은 제2조에 따라 군사경찰로 임명한 사람(병은 제외한다)에게 군사경찰 신분을 표시하는 증표를 발급해야 한다.
014102,233193,조문,7,"제4조(군사경찰장구) 법 제3조제5호에서 ""수갑ㆍ포승(捕繩)ㆍ경찰봉ㆍ전자충격기ㆍ전자충격총 및 방패 등 대통령령으로 정하는 장치와 기구""란 다음 각 호의 장치와 기구를 말한다."
014102,233193,항,8,
014102,233193,호,9,1. 장치: 착용형 촬영ㆍ녹화ㆍ녹음 장치
014102,233193,호,10,"2. 기구: 수갑, 포승, 경찰봉, 전자충격기, 전자충격총, 방패, 헬멧 등 보호장구 및 고무탄총"
014102,233193,조문,11,제5조(보고) 군사경찰은 다음 각 호에 해당하는 경우에는 군사경찰부대가 설치되어 있는 부대의 장에게 그 사실을 보고해야 한다.
014102,233193,항,12,
014102,233193,호,13,1. 법 제6조에 따라 군인권보호관에게 협조한 경우
014102,233193,호,14,2. 법 제7조제2항에 따라 동행요구를 한 경우
014102,233193,호,15,3. 법 제7조제3항에 따라 무기 또는 흉기 소지에 관하여 조사한 경우
014102,233193,호,16,4. 법 제8조에 따라 범죄행위를 예방하기 위한 경고를 하거나 범죄행위를 제지한 경우
014102,233193,호,17,5. 법 제9조제1항에 따라 다른 사람의 토지ㆍ건물ㆍ배 또는 차에 출입한 경우
014102,233193,호,18,6. 법 제11조에 따라 위해성 군사경찰장비를 사용한 경우
014102,233193,호,19,7. 법 제13조에 따라 분사기등을 사용한 경우
014102,233193,조문,20,"제6조(군사경찰의 직무수행을 위한 관계 기관 협조) 군사경찰은 법 제5조제1항제3호의 업무를 수행하기 위하여 필요한 경우 경찰관서 등 관계 기관에 신병 인계, 사건 이첩 및 사실조회에 관한 협조를 요청할 수 있다."
014102,233193,조문,21,제7조(군사경찰의 지휘ㆍ감독) 군사경찰부대가 설치되어 있는 부대의 장은 수사의 공정성을 확보하기 위하여 군사경찰이 법 제5조제1항제3호에 따른 직무를 수행할 때 독립성을 보장해야 한다.
014102,233193,조문,22,제8조(교통ㆍ운항ㆍ항행 질서 유지 등)
014102,233193,항,23,① 군사경찰은 법 제10조제1항에 따른 단속을 하기 전에 제3조에 따른 신분을 표시하는 증표를 단속 대상자에게 보여줘야 한다.
014102,233193,항,24,② 군사경찰은 법 제10조제2항에 따른 단속행위를 한 경우 별지 제1호서식의 음주 단속 보고서를 작성해야 한다.
014102,233193,항,25,"③ 제1항 및 제2항에서 규정한 사항 외에 단속행위의 세부 절차와 방법, 단속 결과의 처리 등 필요한 사항은 국방부장관이 정한다."
014102,233193,조문,26,제9조(위해성 군사경찰장비의 종류) 법 제11조제1항 단서에 따른 위해성 군사경찰장비의 종류는 다음 각 호와 같다.
014102,233193,항,27,
014102,233193,호,28,1. 무기
014102,233193,호,29,2. 수갑
014102,233193,호,30,3. 포승
014102,233193,호,31,4. 경찰봉
014102,233193,호,32,5. 전자충격기
014102,233193,호,33,6. 전자충격총
014102,233193,호,34,7. 고무탄총
014102,233193,호,35,8. 최루제와 그 발사장치
014102,233193,조문,36,제10조(위해성 군사경찰장비 및 군사경찰장비의 안전교육) 법 제11조제1항 단서에 따른 위해성 군사경찰장비의 안전교육 기준 및 법 제15조제1항에 따른 군사경찰장비의 사용방법ㆍ관리 및 안전 등에 관한 교육 내용과 방법은 각각 별표 1과 같다.
014102,233193,조문,37,제11조(위해성 군사경찰장비의 안전검사 기준) 법 제11조제1항 단서 및 제15조제2항에 따른 위해성 군사경찰장비의 안전검사 기준은 각각 별표 2와 같다.
014102,233193,조문,38,제12조(위해성 군사경찰장비의 사용기준) 법 제11조제3항에 따른 위해성 군사경찰장비의 사용기준은 다음 각 호와 같다.
014102,233193,항,39,
014102,233193,호,40,1. 수갑 및 포승의 경우: 다음 각 목의 어느 하나에 해당하는 경우에 최소한의 범위에서 사용할 것
014102,233193,목,41,가. 체포ㆍ구속영장을 집행하거나 신체의 자유를 제한하는 판결 또는 처분을 받은 사람을 법률에서 정한 절차에 따라 호송하거나 수용하기 위하여 필요한 경우
014102,233193,목,42,"나. 범인, 술에 취한 사람 또는 정신착란자의 자살 또는 자해기도를 방지하기 위하여 필요한 경우"
014102,233193,호,43,2. 경찰봉의 경우: 생명 또는 신체에 대한 위해를 최소화하도록 주의할 것
014102,233193,호,44,"3. 전자충격기, 전자충격총 및 고무탄총의 경우: 상대방의 얼굴을 향해 전자충격을 가하거나 전극침 또는 고무탄을 발사하지 말 것"
014102,233193,호,45,"4. 최루제와 그 발사장치의 경우: 다음 각 목의 어느 하나에 해당하는 경우에 최소한의 범위에서 사용할 것. 이 경우 30도 이상의 발사각을 유지해야 하며, 1미터 이내의 거리에서 상대방의 얼굴을 향하여 발사해서는 안 된다."
014102,233193,목,46,가. 범인의 체포 또는 도주 방지를 위하여 필요한 경우
014102,233193,목,47,나. 다른 사람 또는 군사경찰의 생명ㆍ신체에 대한 방호를 위하여 필요한 경우
014102,233193,목,48,다. 공무집행에 대한 항거(抗拒)를 억제하기 위하여 필요한 경우
014102,233193,조문,49,제13조(신규 도입 위해성 군사경찰장비의 안전성 검사)
014102,233193,항,50,"① 국방부장관은 위해성 군사경찰장비를 새로 도입하려는 경우 법 제11조제4항에 따라 안전성 검사를 실시하여 새로 도입하려는 위해성 군사경찰장비(이하 이 조에서 ""신규도입장비""라 한다)가 사람의 생명이나 신체에 미치는 영향을 평가해야 한다."
014102,233193,항,51,② 제1항에 따른 안전성 검사는 신규도입장비와 관련된 분야의 외부 전문가가 신규도입장비의 주요 특성이나 작동원리에 기초하여 제시하는 검사방법 및 기준에 따라 실시한다. 이 경우 신규도입장비에 대하여 일반적으로 인정되는 합리적인 검사방법이나 기준이 있을 때에는 그 검사방법이나 기준에 따라 안전성 검사를 실시할 수 있다.
014102,233193,항,52,③ 법 제11조제4항 후단에 따라 안전성 검사에 참여한 외부 전문가는 안전성 검사가 끝난 날부터 30일 이내에 신규도입장비의 안전성 여부에 대한 의견을 국방부장관에게 제출해야 한다.
014102,233193,항,53,④ 국방부장관은 법 제11조제4항 전단에 따라 신규도입장비에 대한 안전성 검사를 실시한 날부터 3개월 이내에 다음 각 호의 내용이 포함된 안전성 검사 결과보고서를 국회 소관 상임위원회에 제출해야 한다.
014102,233193,호,54,1. 신규도입장비의 주요 특성 및 기본적인 작동 원리
014102,233193,호,55,2. 안전성 검사의 방법 및 기준
014102,233193,호,56,3. 안전성 검사에 참여한 외부 전문가의 의견
014102,233193,호,57,4. 안전성 검사 결과 및 종합의견
014102,233193,조문,58,제14조(손실보상의 기준 및 보상금액 등)
014102,233193,항,59,① 법 제17조제1항에 따라 손실보상을 할 때 생명ㆍ신체상의 손실의 경우에는 별표 3의 기준에 따라 보상한다.
014102,233193,항,60,② 법 제17조제1항에 따라 손실보상을 할 때 재산상 손실 중 물건의 멸실ㆍ훼손으로 인한 손실의 경우에는 다음 각 호의 기준에 따라 보상한다.
014102,233193,호,61,1. 손실을 입은 물건을 수리할 수 있는 경우: 수리비에 해당하는 금액
014102,233193,호,62,2. 손실을 입은 물건을 수리할 수 없는 경우: 손실을 입은 당시의 해당 물건의 교환가액
014102,233193,호,63,3. 영업자가 손실을 입은 물건의 수리나 교환으로 인하여 영업을 계속할 수 없는 경우: 영업을 계속할 수 없는 기간 중 영업상 이익에 해당하는 금액
014102,233193,항,64,③ 법 제17조제1항에 따라 손실보상을 할 때 물건의 멸실ㆍ훼손으로 인한 손실 외의 재산상 손실에 대해서는 직무집행과 상당한 인과관계가 있는 범위에서 보상한다.
014102,233193,항,65,④ 법 제17조제1항에 따라 보상금을 지급받을 사람이 동일한 원인으로 다른 법령에 따라 보상금 등을 지급받은 경우에는 그 보상금 등에 해당하는 금액을 제외하고 보상금을 지급한다.
014102,233193,조문,66,제15조(손실보상의 지급절차 및 방법)
014102,233193,항,67,① 법 제17조제1항에 따라 손실을 보상받으려는 사람은 별지 제2호서식의 보상금 지급 청구서에 손실내용과 손실금액을 증명할 수 있는 서류를 첨부하여 손실보상청구 사건 발생지를 작전지역으로 하는 부대의 장에게 제출해야 한다.
014102,233193,항,68,② 제1항에 따라 보상금 지급 청구서를 받은 부대의 장은 해당 청구서를 국방부장관에게 보내야 한다.
014102,233193,항,69,"③ 제2항에 따라 보상금 지급 청구서를 받은 국방부장관은 법 제17조제3항에 따른 손실보상심의위원회의 심의ㆍ의결을 거쳐 보상 여부 및 보상금액을 결정하되, 다음 각 호의 어느 하나에 해당하는 경우에는 그 청구를 각하하는 결정을 해야 한다."
014102,233193,호,70,"1. 청구인이 같은 청구 원인으로 보상신청을 하여 보상금 지급 여부에 대하여 결정을 받은 경우. 다만, 기각 결정을 받은 청구인이 손실을 증명할 수 있는 새로운 증거가 발견되었음을 소명하는 경우는 제외한다."
014102,233193,호,71,"2. 손실보상 청구가 요건과 절차를 갖추지 못한 경우. 다만, 그 잘못된 부분을 시정할 수 있는 경우는 제외한다."
014102,233193,항,72,④ 국방부장관은 제3항에 따른 결정일부터 10일 이내에 다음 각 호의 구분에 따른 통지서에 결정 내용을 적어서 청구인에게 통지해야 한다.
014102,233193,호,73,1. 보상금을 지급하기로 결정한 경우: 별지 제3호서식의 보상금 지급 청구 승인 통지서
014102,233193,호,74,2. 보상금 지급 청구를 각하하거나 보상금을 지급하지 않기로 결정한 경우: 별지 제4호서식의 보상금 지급 청구 각하ㆍ기각 통지서
014102,233193,항,75,⑤ 보상금은 다른 법률에 특별한 규정이 있는 경우를 제외하고는 현금으로 지급해야 한다.
014102,233193,항,76,"⑥ 보상금은 일시금으로 지급하되, 예산 부족 등의 사유로 일시금으로 지급할 수 없는 특별한 사정이 있는 경우에는 청구인의 동의를 받아 분할하여 지급할 수 있다."
014102,233193,항,77,"⑦ 보상금을 지급받은 사람은 보상금을 지급받은 원인과 동일한 원인으로 인한 부상이 악화되거나 새로 발견되어 다음 각 호의 어느 하나에 해당하는 경우에는 보상금의 추가 지급을 청구할 수 있다. 이 경우 보상금 지급 청구, 보상금액 결정, 보상금 지급 결정에 대한 통지, 보상금 지급방법 등에 관하여는 제1항부터 제6항까지의 규정을 준용한다."
014102,233193,호,78,1. 별표 3 제2호에 따른 부상등급이 변경된 경우(부상등급 외의 부상에서 제1급부터 제8급까지의 등급으로 변경된 경우를 포함한다)
014102,233193,호,79,2. 별표 3 제2호에 따른 부상등급 외의 부상에 대하여 부상등급의 변경은 없으나 보상금의 추가 지급이 필요한 경우
014102,233193,항,80,⑧ 제1항부터 제7항까지에서 규정한 사항 외에 손실보상의 청구 및 지급에 필요한 사항은 국방부장관이 정한다.
014102,233193,조문,81,제16조(손실보상심의위원회의 구성)
014102,233193,항,82,"① 법 제17조제3항에 따른 손실보상심의위원회(이하 ""위원회""라 한다)는 위원장 1명을 포함하여 5명 이상 7명 이하의 위원으로 구성한다."
014102,233193,항,83,② 위원회의 위원은 국방부 소속 군사경찰 중 영관급 및 장성급 장교와 다음 각 호의 어느 하나에 해당하는 사람 중에서 국방부장관이 위촉하거나 임명한다. 이 경우 위원의 과반수는 군사경찰이 아닌 사람으로 해야 한다.
014102,233193,호,84,1. 판사ㆍ검사ㆍ군법무관 또는 변호사로 5년 이상 재직한 사람
014102,233193,호,85,2. 「고등교육법」 제2조에 따른 학교에서 법학 또는 행정학을 가르치는 부교수 이상으로 5년 이상 재직한 사람
014102,233193,호,86,3. 손실보상에 관하여 학식과 경험이 풍부한 사람
014102,233193,항,87,③ 위촉위원의 임기는 2년으로 한다.
014102,233193,항,88,"④ 위원회의 사무를 처리하기 위하여 위원회에 간사 1명을 두며, 간사는 소속 공무원 중에서 국방부장관이 임명한다."
014102,233193,조문,89,제17조(위원장)
014102,233193,항,90,① 위원장은 위원 중에서 호선(互選)한다.
014102,233193,항,91,"② 위원장은 위원회를 대표하며, 위원회의 업무를 총괄한다."
014102,233193,항,92,③ 위원장이 부득이한 사유로 직무를 수행할 수 없는 때에는 위원장이 미리 지명한 위원이 그 직무를 대행한다.
014102,233193,조문,93,제18조(위원회의 운영)
014102,233193,항,94,"① 위원장은 위원회의 회의를 소집하고, 그 의장이 된다."
014102,233193,항,95,"② 위원회의 회의는 재적위원 과반수의 출석으로 개의(開議)하고, 출석위원 과반수의 찬성으로 의결한다."
014102,233193,항,96,"③ 위원회는 심의를 위하여 필요한 경우에는 관계 공무원이나 관계 기관에 사실조사나 자료의 제출 등을 요구할 수 있으며, 관계 전문가에게 필요한 정보의 제공이나 의견의 진술 등을 요청할 수 있다."
014102,233193,조문,97,제19조(위원의 제척ㆍ기피ㆍ회피)
014102,233193,항,98,① 위원회의 위원이 다음 각 호의 어느 하나에 해당하는 경우에는 위원회의 심의ㆍ의결에서 제척(除斥)된다.
014102,233193,호,99,1. 위원 또는 그 배우자나 배우자였던 사람이 심의 안건의 청구인인 경우
014102,233193,호,100,2. 위원이 심의 안건의 청구인과 친족이거나 친족이었던 경우
014102,233193,호,101,"3. 위원이 심의 안건에 대하여 증언, 진술, 자문, 용역 또는 감정을 한 경우"
014102,233193,호,102,4. 위원이나 위원이 속한 법인이 심의 안건 청구인의 대리인이거나 대리인이었던 경우
014102,233193,호,103,5. 위원이 해당 심의 안건의 청구인인 법인의 임원인 경우
014102,233193,항,104,"② 청구인은 위원에게 공정한 심의ㆍ의결을 기대하기 어려운 사정이 있는 경우에는 위원회에 기피 신청을 할 수 있고, 위원회는 의결로 기피 여부를 결정한다. 이 경우 기피 신청의 대상인 위원은 그 의결에 참여할 수 없다."
014102,233193,항,105,③ 위원이 제1항 각 호에 따른 제척 사유에 해당하는 경우에는 스스로 해당 안건의 심의ㆍ의결에서 회피(回避)해야 한다.
014102,233193,조문,106,제20조(위원의 해촉) 국방부장관은 위원회의 위원이 다음 각 호의 어느 하나에 해당하는 경우에는 해당 위원을 해촉(解囑)할 수 있다.
014102,233193,항,107,
014102,233193,호,108,1. 심신장애로 인하여 직무를 수행할 수 없게 된 경우
014102,233193,호,109,"2. 직무태만, 품위손상이나 그 밖의 사유로 위원으로 적합하지 않다고 인정되는 경우"
014102,233193,호,110,3. 제19조제1항 각 호의 어느 하나에 해당하는데도 불구하고 회피하지 않은 경우
014102,233193,호,111,4. 제21조를 위반하여 직무상 알게 된 비밀을 누설한 경우
014102,233193,조문,112,제21조(비밀 누설의 금지) 위원회의 회의에 참석한 사람은 직무상 알게 된 비밀을 누설해서는 안 된다.
014102,233193,조문,113,제22조(위원회의 운영 등에 필요한 사항) 제16조부터 제21조까지에서 규정한 사항 외에 위원회의 운영 등에 필요한 사항은 국방부장관이 정한다.
014102,233193,조문,114,제23조(민감정보 및 고유식별정보의 처리) 군사경찰은 법 제5조제1항제3호(범죄의 정보수집에 관한 직무는 제외한다. 이하 이 조에서 같다) 및 제4호에 따른 직무를 수행하기 위하여 불가피한 경우 다음 각 호의 구분에 따른 정보가 포함된 자료를 처리할 수 있다.
014102,233193,항,115,
014102,233193,호,116,"1. 법 제5조제1항제3호의 직무: 「개인정보 보호법 시행령」 제18조제2호에 따른 범죄경력자료에 해당하는 정보, 같은 영 제19조에 따른 주민등록번호, 여권번호, 운전면허의 면허번호 또는 외국인등록번호"
014102,233193,호,117,2. 법 제5조제1항제4호의 직무: 「개인정보 보호법」 제23조에 따른 건강에 관한 정보 또는 같은 법 시행령 제19조제1호에 따른 주민등록번호
