법령일련번호,MST,구분,문장번호,내용
000889,238235,조문,1,제1장 총칙
000889,238235,조문,2,제1조(목적) 이 법은 학교급식 등에 관한 사항을 규정함으로써 학교급식의 질을 향상시키고 학생의 건전한 심신의 발달과 국민 식생활 개선에 기여함을 목적으로 한다.
000889,238235,조문,3,제2조(정의) 이 법에서 사용하는 용어의 정의는 다음과 같다.
000889,238235,항,4,
000889,238235,호,5,"1. ""학교급식""이라 함은 제1조의 목적을 달성하기 위하여 제4조의 규정에 따른 학교 또는 학급의 학생을 대상으로 학교의 장이 실시하는 급식을 말한다."
000889,238235,호,6,"2. ""학교급식공급업자""라 함은 제15조의 규정에 따라 학교의 장과 계약에 의하여 학교급식에 관한 업무를 위탁받아 행하는 자를 말한다."
000889,238235,호,7,"3. ""급식에 관한 경비""라 함은 학교급식을 위한 식품비, 급식운영비 및 급식시설ㆍ설비비를 말한다."
000889,238235,조문,8,제3조(국가ㆍ지방자치단체의 임무)
000889,238235,항,9,"①국가와 지방자치단체는 양질의 학교급식이 안전하게 제공될 수 있도록 행정적ㆍ재정적으로 지원하여야 하며, 영양교육을 통한 학생의 올바른 식생활 관리능력 배양과 전통 식문화의 계승ㆍ발전을 위하여 필요한 시책을 강구하여야 한다."
000889,238235,항,10,"②특별시ㆍ광역시ㆍ도ㆍ특별자치도의 교육감(이하 ""교육감""이라 한다)은 매년 학교급식에 관한 계획을 수립ㆍ시행하여야 한다."
000889,238235,조문,11,"제4조(학교급식 대상) 학교급식은 대통령령으로 정하는 바에 따라 다음 각 호의 어느 하나에 해당하는 학교 또는 학급에 재학하는 학생을 대상으로 실시한다. <개정 2012.3.21, 2019.12.10, 2020.1.29, 2021.3.23>"
000889,238235,항,12,
000889,238235,호,13,"1. 「유아교육법」 제2조제2호에 따른 유치원. 다만, 대통령령으로 정하는 규모 이하의 유치원은 제외한다."
000889,238235,호,14,2.「초ㆍ중등교육법」 제2조제1호부터 제4호까지의 어느 하나에 해당하는 학교
000889,238235,호,15,3.「초ㆍ중등교육법」 제52조의 규정에 따른 근로청소년을 위한 특별학급 및 산업체부설 중ㆍ고등학교
000889,238235,호,16,4. 「초ㆍ중등교육법」 제60조의3에 따른 대안학교
000889,238235,호,17,5. 그 밖에 교육감이 필요하다고 인정하는 학교
000889,238235,조문,18,제5조(학교급식위원회 등)
000889,238235,항,19,①교육감은 학교급식에 관한 다음 각 호의 사항을 심의하기 위하여 그 소속하에 학교급식위원회를 둔다. <개정 2021.12.28>
000889,238235,호,20,1. 제3조제2항의 규정에 따른 학교급식에 관한 계획
000889,238235,호,21,2. 제9조의 규정에 따른 급식에 관한 경비 및 식재료 등의 지원
000889,238235,호,22,3. 그 밖에 학교급식의 운영 및 지원에 관한 사항으로서 교육감이 필요하다고 인정하는 사항
000889,238235,항,23,②제1항의 규정에 따른 학교급식위원회의 구성ㆍ운영 등에 관하여 필요한 사항은 대통령령으로 정한다.
000889,238235,항,24,③특별시장ㆍ광역시장ㆍ도지사ㆍ특별자치도지사 및 시장ㆍ군수ㆍ자치구의 구청장은 제8조제4항의 규정에 따른 학교급식 지원에 관한 중요사항을 심의하기 위하여 그 소속하에 학교급식지원심의위원회를 둘 수 있다.
000889,238235,항,25,④특별자치도지사ㆍ시장ㆍ군수ㆍ자치구의 구청장은 우수한 식자재 공급 등 학교급식을 지원하기 위하여 그 소속하에 학교급식지원센터를 설치ㆍ운영할 수 있다.
000889,238235,항,26,⑤제3항의 규정에 따른 학교급식지원심의위원회의 구성ㆍ운영과 제4항의 규정에 따른 학교급식지원센터의 설치ㆍ운영에 관하여 필요한 사항은 해당지방자치단체의 조례로 정한다.
000889,238235,조문,27,제2장 학교급식 시설ㆍ설비 기준 등
000889,238235,조문,28,제6조(급식시설ㆍ설비)
000889,238235,항,29,"①학교급식을 실시할 학교는 학교급식을 위하여 필요한 시설과 설비를 갖추어야 한다. 다만, 둘 이상의 학교가 인접하여 있는 경우에는 학교급식을 위한 시설과 설비를 공동으로 할 수 있다. <개정 2021.3.23>"
000889,238235,항,30,②제1항의 규정에 따른 시설ㆍ설비의 종류와 기준은 대통령령으로 정한다.
000889,238235,조문,31,제7조(영양교사의 배치 등)
000889,238235,항,32,"①제6조의 규정에 따라 학교급식을 위한 시설과 설비를 갖춘 학교는 「초ㆍ중등교육법」 제21조제2항의 규정에 따른 영양교사와 「식품위생법」 제53조제1항에 따른 조리사를 둔다. 다만, 제4조제1호에 따른 유치원에 두는 영양교사의 배치기준 등에 관하여 필요한 사항은 대통령령으로 정한다. <개정 2009.2.6, 2020.1.29>"
000889,238235,항,33,②교육감은 학교급식에 관한 업무를 전담하게 하기 위하여 그 소속하에 학교급식에 관한 전문지식이 있는 직원을 둘 수 있다.
000889,238235,항,34,③ 교육감은 제1항 단서의 영양교사의 배치기준 등에 따른 유치원 중 일정 규모 이하 유치원에 대한 급식관리를 지원하기 위하여 특별시ㆍ광역시ㆍ특별자치시ㆍ도 및 특별자치도의 교육청 또는 「지방교육자치에 관한 법률」 제34조 및 「제주특별자치도 설치 및 국제자유도시 조성을 위한 특별법」 제80조에 따른 교육지원청에 영양교사를 둘 수 있다. <신설 2021.12.28>
000889,238235,항,35,④ 제3항에 따라 영양교사가 급식관리를 지원하는 유치원의 규모 및 지원의 범위 등에 필요한 사항은 대통령령으로 정한다. <신설 2021.12.28>
000889,238235,조문,36,제8조(경비부담 등)
000889,238235,항,37,"①학교급식의 실시에 필요한 급식시설ㆍ설비비는 해당 학교의 설립ㆍ경영자가 부담하되, 국가 또는 지방자치단체가 지원할 수 있다. <개정 2021.3.23>"
000889,238235,항,38,"②급식운영비는 해당 학교의 설립ㆍ경영자가 부담하는 것을 원칙으로 하되, 대통령령으로 정하는 바에 따라 보호자(친권자, 후견인 그 밖에 법률에 따라 학생을 부양할 의무가 있는 자를 말한다. 이하 같다)가 그 경비의 일부를 부담할 수 있다. <개정 2021.3.23>"
000889,238235,항,39,③학교급식을 위한 식품비는 보호자가 부담하는 것을 원칙으로 한다.
000889,238235,항,40,④특별시장ㆍ광역시장ㆍ도지사ㆍ특별자치도지사 및 시장ㆍ군수ㆍ자치구의 구청장은 학교급식에 품질이 우수한 농수산물 사용 등 급식의 질 향상과 급식시설ㆍ설비의 확충을 위하여 식품비 및 시설ㆍ설비비 등 급식에 관한 경비를 지원할 수 있다. <개정 2019.4.23>
000889,238235,조문,41,제9조(급식에 관한 경비의 지원)
000889,238235,항,42,①국가 또는 지방자치단체는 제8조의 규정에 따라 보호자가 부담할 경비의 전부 또는 일부를 지원할 수 있다.
000889,238235,항,43,"②제1항의 규정에 따라 보호자가 부담할 경비를 지원하는 경우에는 다음 각 호의 어느 하나에 해당하는 학생을 우선적으로 지원한다. <개정 2007.10.17, 2010.7.23, 2021.3.23>"
000889,238235,호,44,"1. 학생 또는 그 보호자가 「국민기초생활 보장법」 제2조에 따른 수급권자이거나 차상위계층에 속하는 학생, 「한부모가족지원법」 제5조의 규정에 따른 보호대상자인 학생"
000889,238235,호,45,2.「도서ㆍ벽지 교육진흥법」 제2조의 규정에 따른 도서벽지에 있는 학교와 그에 준하는 지역으로서 대통령령으로 정하는 지역의 학교에 재학하는 학생
000889,238235,호,46,3.「농어업인 삶의 질 향상 및 농어촌지역 개발촉진에 관한 특별법」 제3조제4호에 따른 농어촌학교와 그에 준하는 지역으로서 대통령령으로 정하는 지역의 학교에 재학하는 학생
000889,238235,호,47,4. 그 밖에 교육감이 필요하다고 인정하는 학생
000889,238235,항,48,③ 교육감은 「재난 및 안전관리 기본법」 제3조제1호에 따른 재난이 발생하여 학교급식이 어려운 경우에는 제5조제1항에 따른 학교급식위원회의 심의를 거쳐 대통령령으로 정하는 바에 따라 학생의 가정에 식재료 등을 지원할 수 있다. 이 경우 지원 범위는 제8조제4항 및 제9조제1항에 따라 국가 또는 지방자치단체가 지원한 급식에 관한 경비에 한정한다. <신설 2021.12.28>
000889,238235,조문,49,제3장 학교급식 관리ㆍ운영
000889,238235,조문,50,제10조(식재료)
000889,238235,항,51,①학교급식에는 품질이 우수하고 안전한 식재료를 사용하여야 한다.
000889,238235,항,52,"②식재료의 품질관리기준 그 밖에 식재료에 관하여 필요한 사항은 교육부령으로 정한다. <개정 2008.2.29, 2013.3.23>"
000889,238235,조문,53,제11조(영양관리)
000889,238235,항,54,①학교급식은 학생의 발육과 건강에 필요한 영양을 충족하고 올바른 식생활습관 형성에 도움을 줄 수 있도록 다양한 식품으로 구성되어야 한다. <개정 2021.12.28>
000889,238235,항,55,"②학교급식의 영양관리기준은 교육부령으로 정하고, 식품구성기준은 필요한 경우 교육감이 정한다. <개정 2008.2.29, 2013.3.23, 2021.12.28>"
000889,238235,조문,56,제12조(위생ㆍ안전관리)
000889,238235,항,57,"①학교급식은 식단작성, 식재료 구매ㆍ검수ㆍ보관ㆍ세척ㆍ조리, 운반, 배식, 급식기구 세척 및 소독 등 모든 과정에서 위해한 물질이 식품에 혼입되거나 식품이 오염되지 아니하도록 위생과 안전관리를 철저히 하여야 한다. <개정 2021.3.23>"
000889,238235,항,58,"②학교급식의 위생ㆍ안전관리기준은 교육부령으로 정한다. <개정 2008.2.29, 2013.3.23>"
000889,238235,조문,59,"제13조(식생활 지도 등) 학교의 장은 올바른 식생활습관의 형성, 식량생산 및 소비에 관한 이해 증진 및 전통 식문화의 계승ㆍ발전을 위하여 학생에게 식생활 관련 교육 및 지도를 하며, 보호자에게는 관련 정보를 제공한다. <개정 2021.12.28>"
000889,238235,조문,60,"제14조(영양상담) 학교의 장은 식생활에서 기인하는 영양불균형을 시정하고 질병을 사전에 예방하기 위하여 저체중 및 성장부진, 빈혈, 과체중 및 비만학생 등을 대상으로 영양상담과 필요한 지도를 실시한다."
000889,238235,조문,61,제15조(학교급식의 운영방식)
000889,238235,항,62,"①학교의 장은 학교급식을 직접 관리ㆍ운영하되, 「유아교육법」 제19조의3에 따른 유치원운영위원회 및 「초ㆍ중등교육법」 제31조에 따른 학교운영위원회의 심의ㆍ자문을 거쳐 일정한 요건을 갖춘 자에게 학교급식에 관한 업무를 위탁하여 이를 행하게 할 수 있다. 다만, 식재료의 선정 및 구매ㆍ검수에 관한 업무는 학교급식 여건상 불가피한 경우를 제외하고는 위탁하지 아니한다. <개정 2020.1.29>"
000889,238235,항,63,②제1항의 규정에 따라 의무교육기관에서 업무위탁을 하고자 하는 경우에는 미리 관할청의 승인을 얻어야 한다.
000889,238235,항,64,"③제1항의 규정에 따른 학교급식에 관한 업무위탁의 범위, 학교급식공급업자가 갖추어야 할 요건 그 밖에 업무위탁에 관하여 필요한 사항은 대통령령으로 정한다."
000889,238235,조문,65,제16조(품질 및 안전을 위한 준수사항)
000889,238235,항,66,"①학교의 장과 그 학교의 학교급식 관련 업무를 담당하는 관계 교직원(이하 ""학교급식관계교직원""이라 한다) 및 학교급식공급업자는 학교급식의 품질 및 안전을 위하여 다음 각 호의 어느 하나에 해당하는 식재료를 사용하여서는 아니된다. <개정 2007.4.11, 2009.6.9, 2011.7.21, 2021.11.30>"
000889,238235,호,67,1. 「농수산물의 원산지 표시 등에 관한 법률」 제5조제1항에 따른 원산지 표시를 거짓으로 적은 식재료
000889,238235,호,68,2. 「농수산물 품질관리법」 제56조에 따른 유전자변형농수산물의 표시를 거짓으로 적은 식재료
000889,238235,호,69,3.「축산법」 제40조의 규정에 따른 축산물의 등급을 거짓으로 기재한 식재료
000889,238235,호,70,"4. 「농수산물 품질관리법」 제5조제2항에 따른 표준규격품의 표시, 같은 법 제14조제3항에 따른 품질인증의 표시 및 같은 법 제34조제3항에 따른 지리적표시를 거짓으로 적은 식재료"
000889,238235,항,71,"②학교의 장과 그 소속 학교급식관계교직원 및 학교급식공급업자는 다음 사항을 지켜야 한다. <개정 2008.2.29, 2013.3.23, 2021.3.23>"
000889,238235,호,72,"1. 제10조제2항의 규정에 따른 식재료의 품질관리기준, 제11조제2항의 규정에 따른 영양관리기준 및 제12조제2항의 규정에 따른 위생ㆍ안전관리기준"
000889,238235,호,73,2. 그 밖에 학교급식의 품질 및 안전을 위하여 필요한 사항으로서 교육부령으로 정하는 사항
000889,238235,항,74,"③ 학교의 장과 그 소속 학교급식관계교직원 및 학교급식공급업자는 학교급식에 알레르기를 유발할 수 있는 식재료가 사용되는 경우에는 이 사실을 급식 전에 급식 대상 학생에게 알리고, 급식 시에 표시하여야 한다. <신설 2013.5.22>"
000889,238235,항,75,④ 알레르기를 유발할 수 있는 식재료의 종류 등 제3항에 따른 공지 및 표시와 관련하여 필요한 사항은 교육부령으로 정한다. <신설 2013.5.22>
000889,238235,조문,76,제17조(생산품의 직접사용 등) 학교에서 작물재배ㆍ동물사육 그 밖에 각종 생산활동으로 얻은 생산품이나 그 생산품의 매각대금은 다른 법률의 규정에도 불구하고 학교급식을 위하여 직접 사용할 수 있다. <개정 2021.3.23>
000889,238235,조문,77,제4장 보칙
000889,238235,조문,78,제18조(학교급식 운영평가)
000889,238235,항,79,"①교육부장관 또는 교육감은 학교급식 운영의 내실화와 질적 향상을 위하여 학교급식의 운영에 관한 평가를 실시할 수 있다. <개정 2008.2.29, 2013.3.23>"
000889,238235,항,80,②제1항의 규정에 따른 평가의 방법ㆍ기준 그 밖에 학교급식 운영평가에 관하여 필요한 사항은 대통령령으로 정한다.
000889,238235,조문,81,제19조(출입ㆍ검사ㆍ수거 등)
000889,238235,항,82,"①교육부장관 또는 교육감은 필요하다고 인정하는 때에는 식품위생 또는 학교급식 관계공무원으로 하여금 학교급식 관련 시설에 출입하여 식품ㆍ시설ㆍ서류 또는 작업상황 등을 검사 또는 열람을 하게 할 수 있으며, 검사에 필요한 최소량의 식품을 무상으로 수거하게 할 수 있다. <개정 2008.2.29, 2013.3.23>"
000889,238235,항,83,"②제1항의 규정에 따라 출입ㆍ검사ㆍ열람 또는 수거를 하고자 하는 공무원은 그 권한을 표시하는 증표를 지니고, 이를 관계인에게 내보여야 한다."
000889,238235,항,84,"③제1항의 규정에 따른 검사 등의 결과 제16조제2항제1호ㆍ제2호 또는 같은 조 제3항의 규정을 위반한 때에는 교육부장관 또는 교육감은 해당학교의 장 또는 학교급식공급업자에게 시정을 명할 수 있다. <개정 2008.2.29, 2013.3.23, 2013.5.22>"
000889,238235,조문,85,"제20조(권한의 위임) 이 법에 의한 교육부장관 또는 교육감의 권한은 그 일부를 대통령령으로 정하는 바에 따라 교육감 또는 교육장에게 위임할 수 있다. <개정 2008.2.29, 2013.3.23, 2021.3.23>"
000889,238235,조문,86,제21조(행정처분 등의 요청)
000889,238235,항,87,"①교육부장관 또는 교육감은 「식품위생법」ㆍ「농수산물 품질관리법」ㆍ「축산법」ㆍ「축산물위생관리법」의 규정에 따라 허가 및 신고ㆍ지정 또는 인증을 받은 자가 제19조의 규정에 따른 검사 등의 결과 각 해당법령을 위반한 경우에는 관계행정기관의 장에게 행정처분 등의 필요한 조치를 할 것을 요청할 수 있다. <개정 2008.2.29, 2010.5.25, 2011.7.21, 2013.3.23>"
000889,238235,항,88,"②제1항의 규정에 따라 요청을 받은 관계행정기관의 장은 특별한 사유가 없으면 그 요청을 따라야 하며, 그 조치결과를 교육부장관 또는 해당 교육감에게 알려야 한다. <개정 2008.2.29, 2013.3.23, 2021.3.23>"
000889,238235,조문,89,"제22조(징계) 학교급식의 적정한 운영과 안전성 확보를 위하여 징계의결 요구권자는 관할학교의 장 또는 그 소속 교직원 중 다음 각 호의 어느 하나에 해당하는 자에 대하여 해당 징계사건을 관할하는 징계위원회에 그 징계를 요구하여야 한다. <개정 2008.2.29, 2013.3.23, 2021.3.23>"
000889,238235,항,90,
000889,238235,호,91,1. 고의 또는 과실로 식중독 등 위생ㆍ안전상의 사고를 발생하게 한 자
000889,238235,호,92,2. 학교급식 관련 계약상의 계약해지 사유가 발생하였음에도 불구하고 정당한 사유 없이 계약해지를 하지 아니한 자
000889,238235,호,93,3. 제19조제3항의 규정에 따라 교육부장관 또는 교육감으로부터 시정명령을 받았음에도 불구하고 정당한 사유 없이 이를 이행하지 아니한 자
000889,238235,호,94,4. 학교급식과 관련하여 비리가 적발된 자
000889,238235,조문,95,제5장 벌칙
000889,238235,조문,96,제23조(벌칙)
000889,238235,항,97,①제16조제1항제1호 또는 제2호의 규정을 위반한 학교급식공급업자는 7년 이하의 징역 또는 1억원 이하의 벌금에 처한다. <개정 2008.3.21>
000889,238235,항,98,②제16조제1항제3호의 규정을 위반한 학교급식공급업자는 5년 이하의 징역 또는 5천만원 이하의 벌금에 처한다. <개정 2008.3.21>
000889,238235,항,99,③다음 각 호의 어느 하나에 해당하는 자는 3년 이하의 징역 또는 3천만원 이하의 벌금에 처한다.
000889,238235,호,100,1. 제16조제1항제4호의 규정을 위반한 학교급식공급업자
000889,238235,호,101,2. 제19조제1항의 규정에 따른 출입ㆍ검사ㆍ열람 또는 수거를 정당한 사유 없이 거부하거나 방해 또는 기피한 자
000889,238235,조문,102,"제24조(양벌규정) 법인의 대표자나 법인 또는 개인의 대리인, 사용인, 그 밖의 종업원이 그 법인 또는 개인의 업무에 관하여 제23조의 위반행위를 하면 그 행위자를 벌하는 외에 그 법인 또는 개인에게도 해당 조문의 벌금형을 과(科)한다. 다만, 법인 또는 개인이 그 위반행위를 방지하기 위하여 해당 업무에 관하여 상당한 주의와 감독을 게을리하지 아니한 경우에는 그러하지 아니하다."
000889,238235,조문,103,제25조(과태료)
000889,238235,항,104,①제16조제2항제1호의 규정을 위반하여 제19조제3항의 규정에 따른 시정명령을 받았음에도 불구하고 정당한 사유없이 이를 이행하지 아니한 학교급식공급업자에게는 500만원 이하의 과태료를 부과한다. <개정 2021.3.23>
000889,238235,항,105,"②제16조제2항제2호 또는 같은 조 제3항의 규정을 위반하여 제19조제3항의 규정에 따른 시정명령을 받았음에도 불구하고 정당한 사유 없이 이를 이행하지 아니한 학교급식공급업자에게는 300만원 이하의 과태료를 부과한다. <개정 2013.5.22, 2021.3.23>"
000889,238235,항,106,"③제1항 및 제2항의 규정에 따른 과태료는 대통령령으로 정하는 바에 따라 교육부장관 또는 교육감이 부과ㆍ징수한다. <개정 2008.2.29, 2013.3.23, 2021.3.23>"
000889,238235,항,107,④ 삭제 <2010.3.17>
000889,238235,항,108,⑤ 삭제 <2010.3.17>
000889,238235,항,109,⑥ 삭제 <2010.3.17>
