법령일련번호,MST,구분,문장번호,내용
011995,250087,조문,1,제1조(목적) 이 법은 생활이 어려운 사람에게 주거급여를 실시하여 국민의 주거안정과 주거수준 향상에 이바지함을 목적으로 한다.
011995,250087,조문,2,"제2조(정의) 이 법에서 사용하는 용어의 뜻은 다음과 같다. <개정 2015.8.11, 2016.1.19>"
011995,250087,항,3,
011995,250087,호,4,"1. ""주거급여""란 「국민기초생활 보장법」 제7조제1항제2호의 주거급여로서 주거안정에 필요한 임차료, 수선유지비, 그 밖의 수급품을 지급하는 것을 말한다."
011995,250087,호,5,"2. ""수급권자""란 주거급여를 받을 수 있는 자격을 가진 사람을 말한다."
011995,250087,호,6,"3. ""수급자""란 주거급여를 받는 사람을 말한다."
011995,250087,호,7,"4. ""수급품""이란 이 법에 따라 수급자에게 지급하거나 대여하는 금전 또는 물품을 말한다."
011995,250087,호,8,"5. ""보장기관""이란 주거급여를 실시하는 국가 또는 지방자치단체를 말한다."
011995,250087,호,9,6. 삭제 <2018.1.16>
011995,250087,호,10,"7. ""소득인정액""이란 「국민기초생활 보장법」 제2조제9호의 소득인정액을 말한다."
011995,250087,호,11,"8. ""주택등""이란 「주택법」 제2조제1호의 주택 및 「주택법」 제2조제4호의 준주택을 포함하여 거주를 목적으로 하는 시설을 말하며, 그 범위와 종류는 국토교통부장관이 정한다."
011995,250087,조문,12,제3조(국가와 지방자치단체의 의무) 국가와 지방자치단체는 다음 각 호의 사항을 고려하여 주거급여에 관한 정책을 수립ㆍ시행하여야 한다.
011995,250087,항,13,
011995,250087,호,14,1. 수급자가 쾌적하고 안전한 주거생활을 할 수 있도록 할 것
011995,250087,호,15,2. 주거급여에 필요한 재원을 조성할 것
011995,250087,조문,16,제4조(다른 법률과의 관계) 주거급여에 관하여 이 법에서 정하지 아니한 사항에 대하여는 「국민기초생활 보장법」에 따른다.
011995,250087,조문,17,제5조(수급권자의 범위)
011995,250087,항,18,"① 수급권자는 소득인정액이 「국민기초생활 보장법」 제20조제2항에 따른 중앙생활보장위원회의 심의ㆍ의결을 거쳐 결정하는 금액(이하 이 항에서 ""주거급여 선정기준""이라 한다) 이하인 사람으로 한다. 이 경우 주거급여 선정기준은 기준 중위소득의 100분의 43 이상으로 한다. <개정 2014.12.30, 2018.1.16>"
011995,250087,항,19,② 삭제 <2018.1.16>
011995,250087,조문,20,제6조(보장기관)
011995,250087,항,21,① 주거급여는 수급권자 또는 수급자의 거주지를 관할하는 특별시장ㆍ광역시장ㆍ특별자치시장ㆍ도지사ㆍ특별자치도지사와 시장ㆍ군수ㆍ구청장이 실시한다.
011995,250087,항,22,"② 수급권자나 수급자가 거주지를 변경하는 경우의 처리방법과 보장기관 간의 협조, 그 밖에 업무처리에 필요한 사항은 국토교통부령으로 정한다."
011995,250087,항,23,③ 보장기관은 수급권자ㆍ수급자에 대한 조사와 수급자 결정 및 급여의 실시 등 이 법에 따른 보장업무를 수행하게 하기 위하여 「사회복지사업법」 제14조에 따른 사회복지 전담공무원을 배치하여야 한다.
011995,250087,조문,24,제7조(임차료의 지급)
011995,250087,항,25,"① 제2조제1호의 임차료(이하 ""임차료""라 한다)는 타인의 주택등에 거주하는 사람으로서 국토교통부장관이 정하는 사람에게 지급한다."
011995,250087,항,26,"② 임차료의 지급기준은 국토교통부장관이 수급자의 가구규모, 소득인정액, 거주형태, 임차료 부담수준 및 제3항의 지역별 기준임대료 등을 고려하여 정한다."
011995,250087,항,27,"③ 국토교통부장관은 임차료의 지급수준을 정하기 위하여 가구규모, 「주거기본법」 제17조의 최저주거기준 등을 고려하여 지역별 기준임대료를 정할 수 있다. <개정 2015.6.22>"
011995,250087,항,28,"④ 임차료는 「국민기초생활 보장법」 제27조의2제1항에 따라 수급자 명의의 지정된 계좌로 지급하여야 한다. 다만, 수급자가 국가, 지방자치단체, 한국토지주택공사 또는 지방공기업이 임대하는 주택등을 임차한 경우에는 해당 수급자와 임대차계약을 체결한 임대인 명의의 지정된 계좌로 지급할 수 있으며, 국토교통부령으로 정하는 불가피한 사유가 있는 경우에는 국토교통부령으로 정하는 바에 따라 그 지급방법을 달리할 수 있다."
011995,250087,조문,29,제7조의2(주거급여의 분리 지급)
011995,250087,항,30,"① 수급자의 미혼자녀 중 19세 이상 30세 미만인 자(이하 이 조에서 ""청년가구원""이라 한다)가 수급자와 거주지를 달리하는 경우에는 수급자와 분리하여 별도의 임차료를 지급할 수 있다."
011995,250087,항,31,② 제1항에 따른 청년가구원의 범위 및 임차료의 분리 지급 기준ㆍ방법 등에 관하여 필요한 사항은 국토교통부장관이 정한다.
011995,250087,조문,32,제8조(수선유지비의 지급)
011995,250087,항,33,"① 제2조제1호의 수선유지비(이하 ""수선유지비""라 한다)는 주택등을 소유하고 그 주택등에 거주하는 사람에게 지급한다."
011995,250087,항,34,"② 수선유지비의 지급기준은 국토교통부장관이 수급자의 가구규모, 소득인정액, 수선유지비 소요액, 주택의 노후도 등을 고려하여 정한다."
011995,250087,항,35,"③ 수선유지비를 현금으로 지급하는 경우에는 「국민기초생활 보장법」 제27조의2제1항에 따라 수급자 명의의 지정된 계좌로 지급하여야 한다. 다만, 국토교통부령으로 정하는 불가피한 사유가 있는 경우에는 국토교통부령으로 정하는 바에 따라 그 지급방법을 달리할 수 있다."
011995,250087,항,36,④ 수선유지비의 지급 절차 및 방법 등에 관하여 필요한 사항은 국토교통부령으로 정한다.
011995,250087,조문,37,"제9조(주거급여의 실시) 주거급여의 신청, 결정, 변경 등 주거급여의 실시 등에 관한 사항은 제10조부터 제14조까지에서 정한 것을 제외하고는 「국민기초생활 보장법」을 준용한다."
011995,250087,조문,38,제10조(신청조사)
011995,250087,항,39,"① 특별자치시장ㆍ특별자치도지사ㆍ시장ㆍ군수ㆍ구청장이 임차료의 지급 신청을 받아 「국민기초생활 보장법」 제22조제1항의 신청에 의한 조사를 하는 경우 다음 각 호의 사항을 포함하여 조사(이하 ""신청조사""라 한다)할 수 있다."
011995,250087,호,40,1. 해당 주택등의 임대차계약에 관한 사항
011995,250087,호,41,2. 그 밖에 임차료의 지급에 필요한 사항으로서 국토교통부령으로 정하는 사항
011995,250087,항,42,② 특별자치시장ㆍ특별자치도지사ㆍ시장ㆍ군수ㆍ구청장이 수선유지비의 지급 신청을 받아 신청조사를 하는 경우 다음 각 호의 사항을 포함하여 조사할 수 있다.
011995,250087,호,43,"1. 해당 주택등의 구조 안전성, 방수, 단열 등 물리적 상태에 관한 사항"
011995,250087,호,44,2. 그 밖에 수선유지비의 지급에 필요한 사항으로서 국토교통부령으로 정하는 사항
011995,250087,조문,45,제11조(확인조사)
011995,250087,항,46,"① 특별자치시장ㆍ특별자치도지사ㆍ시장ㆍ군수ㆍ구청장은 주거급여의 적정성을 확인하기 위하여 매년 연간 조사계획을 수립하여 다음 각 호의 사항을 조사(이하 ""확인조사""라 한다)하여야 한다."
011995,250087,호,47,1. 제10조제1항제1호에 따른 임대차계약에 관한 사항
011995,250087,호,48,2. 제10조제2항제1호에 따른 주택등의 물리적 상태에 관한 사항
011995,250087,호,49,3. 그 밖에 주거급여의 실시에 필요한 사항으로서 국토교통부령으로 정하는 사항
011995,250087,항,50,② 조사의 주기 등 확인조사에 필요한 사항은 국토교통부장관이 정한다.
011995,250087,조문,51,제12조(조사의 의뢰)
011995,250087,항,52,"① 특별자치시장ㆍ특별자치도지사ㆍ시장ㆍ군수ㆍ구청장은 신청조사 및 확인조사를 주택임대, 주택개량 등 주거복지 업무의 전문성과 경험을 갖춘 기관에 의뢰할 수 있다."
011995,250087,항,53,"② 제1항에 따른 의뢰기관, 의뢰의 내용ㆍ범위 등에 관하여 필요한 사항은 국토교통부장관이 정한다."
011995,250087,조문,54,제13조(조사의 방법ㆍ절차 등)
011995,250087,항,55,"① 특별자치시장ㆍ특별자치도지사ㆍ시장ㆍ군수ㆍ구청장과 제12조에 따라 신청조사 및 확인조사를 의뢰받아 수행하는 기관(이하 이 조에서 ""보장기관등""이라 한다)은 신청조사 및 확인조사에 필요한 경우 수급권자ㆍ수급자, 그 밖의 관계인에게 임대차 계약을 증명하는 자료 등 국토교통부령으로 정하는 자료의 제출을 요구할 수 있다."
011995,250087,항,56,② 신청조사 및 확인조사를 하는 사람은 필요한 경우 수급자의 주거에 출입하여 거주 여부 및 주택등의 상태 등을 조사할 수 있다. 이 경우 신청조사 및 확인조사를 하는 사람은 그 권한을 표시하는 증표를 지니고 이를 관계인에게 보여주어야 한다.
011995,250087,항,57,③ 보장기관등은 신청조사 및 확인조사를 하기 위하여 토지ㆍ건물 등 관련 전산망 또는 자료를 이용하려는 경우에는 관계 기관의 장에게 협조를 요청할 수 있다. 이 경우 관계 기관의 장은 특별한 사유가 없으면 이에 따라야 한다.
011995,250087,항,58,④ 보장기관등은 신청조사 및 확인조사의 업무를 위하여 「개인정보 보호법」 제24조에 따른 고유식별정보 등 대통령령으로 정하는 개인정보가 포함된 자료를 처리할 수 있다.
011995,250087,항,59,⑤ 보장기관등의 소속 직원 또는 소속 직원이었던 사람은 제1항부터 제3항까지의 규정에 따라 얻은 정보와 자료를 이 법에서 정한 목적 외에 다른 용도로 사용하거나 다른 사람 또는 기관에 제공하거나 누설하여서는 아니 된다. <개정 2017.11.28>
011995,250087,항,60,"⑥ 보장기관등은 제1항부터 제3항까지의 규정에 따른 조사 결과를 대장으로 작성하여 갖추어 두어야 하며, 그 밖에 조사에 필요한 사항은 국토교통부장관이 정한다. 다만, 전산정보처리조직에 의하여 관리되는 경우에는 전산 파일로 대체할 수 있다. <개정 2017.11.28>"
011995,250087,항,61,⑦ 그 밖의 신청조사 및 확인조사의 방법ㆍ절차에 관하여 필요한 사항은 국토교통부장관이 정한다.
011995,250087,조문,62,제14조(주거급여신청의 각하 및 주거급여의 중지)
011995,250087,항,63,① 보장기관은 수급권자가 제13조에 따른 자료제출 요구 또는 조사를 2회 이상 거부ㆍ방해 또는 기피하면 주거급여신청을 각하(却下)할 수 있다.
011995,250087,항,64,② 보장기관은 수급자가 다음 각 호의 어느 하나에 해당하는 경우에는 대통령령으로 정하는 바에 따라 그 다음 달에 속하는 주거급여일부터 주거급여의 전부 또는 일부를 중지할 수 있다.
011995,250087,호,65,1. 수급자가 제13조에 따른 자료제출 요구 또는 조사를 2회 이상 거부ㆍ방해 또는 기피하는 경우
011995,250087,호,66,2. 수급자가 지급받은 임차료를 다른 용도로 사용하여 국토교통부령으로 정하는 기간 이상으로 차임(借賃)을 연체한 경우
011995,250087,항,67,③ 보장기관이 제1항에 따라 주거급여신청을 각하하는 경우와 제2항에 따라 주거급여를 중지하는 경우에는 서면으로 그 이유를 구체적으로 밝혀 수급권자ㆍ수급자에게 통지하여야 한다.
011995,250087,조문,68,제15조(금융정보등의 제공)
011995,250087,항,69,"① 국토교통부장관은 「금융실명거래 및 비밀보장에 관한 법률」 제4조제1항과 「신용정보의 이용 및 보호에 관한 법률」 제32조제1항에도 불구하고 수급권자가 「국민기초생활 보장법」 제21조제3항에 따라 제출한 동의 서면을 전자적 형태로 바꾼 문서에 의하여 금융기관등(「금융실명거래 및 비밀보장에 관한 법률」 제2조제1호에 따른 금융회사등, 「신용정보의 이용 및 보호에 관한 법률」 제25조에 따른 신용정보집중기관을 말한다. 이하 이 조에서 같다)의 장에게 금융정보ㆍ신용정보 또는 보험정보(이하 ""금융정보등""이라 한다)의 제공을 요청할 수 있다. <개정 2018.1.16>"
011995,250087,항,70,② 국토교통부장관은 「국민기초생활 보장법」 제23조에 따른 확인조사와 이 법 제11조에 따른 확인조사를 위하여 필요하다고 인정하는 경우 「금융실명거래 및 비밀보장에 관한 법률」 제4조제1항과 「신용정보의 이용 및 보호에 관한 법률」 제32조제1항에도 불구하고 대통령령으로 정하는 기준에 따라 인적사항을 적은 문서 또는 정보통신망으로 금융기관등의 장에게 수급자의 금융정보등을 제공하도록 요청할 수 있다. <개정 2018.1.16>
011995,250087,항,71,③ 제1항 및 제2항에 따라 금융정보등의 제공을 요청받은 금융기관등의 장은 「금융실명거래 및 비밀보장에 관한 법률」 제4조와 「신용정보의 이용 및 보호에 관한 법률」 제32조에도 불구하고 명의인의 금융정보등을 제공하여야 한다.
011995,250087,항,72,"④ 제3항에 따라 금융정보등을 제공한 금융기관등의 장은 금융정보등의 제공 사실을 명의인에게 통보하여야 한다. 다만, 명의인이 동의한 경우에는 「금융실명거래 및 비밀보장에 관한 법률」 제4조의2제1항과 「신용정보의 이용 및 보호에 관한 법률」 제35조에도 불구하고 통보하지 아니할 수 있다."
011995,250087,항,73,"⑤ 제1항부터 제3항까지의 규정에 따른 금융정보등의 제공요청 및 제공은 「정보통신망 이용촉진 및 정보보호 등에 관한 법률」 제2조제1항제1호에 따른 정보통신망을 이용하여야 한다. 다만, 정보통신망의 손상 등 불가피한 사유가 있는 경우에는 그러하지 아니하다."
011995,250087,항,74,⑥ 제1항부터 제3항까지의 규정에 따른 업무에 종사하고 있거나 종사하였던 사람은 업무를 수행하면서 취득한 금융정보등을 이 법에서 정한 목적 외의 다른 용도로 사용하거나 다른 사람 또는 기관에 제공하거나 누설하여서는 아니 된다.
011995,250087,항,75,⑦ 제1항부터 제3항까지와 제5항에 따른 금융정보등의 제공요청 및 제공 등에 필요한 사항은 대통령령으로 정한다.
011995,250087,항,76,⑧ 국토교통부장관은 제1항 및 제2항의 업무를 보건복지부장관에게 위탁할 수 있다.
011995,250087,조문,77,제16조(시범사업)
011995,250087,항,78,① 국토교통부장관은 임차료를 지급하는 시범사업을 실시할 수 있다. 이 경우 시범사업에 따라 임차료를 지급한 경우에는 「국민기초생활 보장법」 제7조제1항제2호의 주거급여를 실시한 것으로 본다.
011995,250087,항,79,"② 시범사업의 대상, 지급기준 등 제1항에 따른 시범사업의 시행에 필요한 사항은 국토교통부장관이 정한다."
011995,250087,조문,80,제17조(주거급여 지급업무의 전산화)
011995,250087,항,81,"① 국토교통부장관은 주거급여에 필요한 각종 자료 또는 정보의 효율적 처리와 기록ㆍ관리업무의 전산화를 위하여 정보시스템(이하 ""정보시스템""이라 한다)을 구축ㆍ운영할 수 있다."
011995,250087,항,82,② 제1항에 따른 정보시스템은 「사회복지사업법」 제6조의2에 따른 정보시스템과 전자적으로 연계하여 활용할 수 있다.
011995,250087,항,83,"③ 국토교통부장관은 정보시스템을 구축ㆍ운영하기 위하여 다음 각 호의 자료를 수집ㆍ관리ㆍ보유할 수 있으며, 관련 기관 및 단체에 필요한 자료의 제공을 요청할 수 있다. 이 경우 요청을 받은 기관 및 단체는 특별한 사유가 없으면 그 요청에 따라야 한다."
011995,250087,호,84,1. 임차료 및 수선유지비를 지급받기 위하여 수급자가 제출하는 서류(「개인정보 보호법」 제24조에 따른 고유식별정보 등 대통령령으로 정하는 개인정보를 포함한다)
011995,250087,호,85,2. 임차료 및 수선유지비의 지급 여부 및 지급액에 관한 자료
011995,250087,호,86,3. 신청조사 및 확인조사의 결과
011995,250087,호,87,4. 제15조에 따른 금융정보등의 자료
011995,250087,호,88,5. 그 밖에 임차료 및 수선유지비를 지급하는 데 필요한 자료로서 국토교통부령으로 정하는 자료
011995,250087,항,89,"④ 국토교통부장관은 제1항에 따른 정보시스템 구축ㆍ운영 업무를 신청조사 및 확인조사와의 연계성, 정보시스템 관련 업무의 전문성 등을 고려하여 국토교통부장관이 정하는 기관에 위탁할 수 있다. 이 경우 그에 필요한 경비의 전부 또는 일부를 지원할 수 있다."
011995,250087,항,90,⑤ 그 밖에 정보시스템의 구축ㆍ운영에 필요한 사항은 국토교통부장관이 정한다.
011995,250087,조문,91,제18조(지도ㆍ감독 등) 국토교통부장관은 필요한 경우에는 주거급여와 관련된 사항에 관하여 지방자치단체의 장을 지도ㆍ감독하거나 지방자치단체의 장에게 필요한 보고를 하게 할 수 있다.
011995,250087,조문,92,제19조(주거급여의 부담) 주거급여를 실시하기 위한 비용은 국가 및 지방자치단체가 「국민기초생활 보장법」 제43조에 따라 부담한다.
011995,250087,조문,93,제20조(비용의 징수 및 반환명령)
011995,250087,항,94,① 보장기관은 속임수나 그 밖의 부정한 방법으로 주거급여를 받거나 타인으로 하여금 주거급여를 받게 한 경우에는 「국민기초생활 보장법」 제46조에 따라 비용을 징수할 수 있다. <개정 2018.1.16>
011995,250087,항,95,"② 보장기관은 수급자에게 이미 지급한 수급품 중 과잉지급분이 발생한 경우, 「국민기초생활 보장법」 제27조제2항에 따라 긴급급여를 실시하였으나 조사 결과에 따라 주거급여를 실시하지 아니하기로 결정한 경우에는 「국민기초생활 보장법」 제47조에 따라 반환을 명할 수 있다."
011995,250087,조문,96,제21조(벌칙) 제15조제6항을 위반하여 금융정보등을 사용ㆍ제공 또는 누설한 사람은 5년 이하의 징역 또는 5천만원 이하의 벌금에 처한다. <개정 2017.11.28>
011995,250087,조문,97,제22조(벌칙) 정당한 접근권한이 없이 또는 허용된 접근권한을 넘어 정보시스템의 정보를 훼손ㆍ멸실ㆍ변경ㆍ위조하거나 검색ㆍ복제한 사람은 3년 이하의 징역 또는 3천만원 이하의 벌금에 처한다.
011995,250087,조문,98,제23조(벌칙) 제13조제5항을 위반하여 정보 또는 자료를 사용ㆍ제공 또는 누설한 사람은 3년 이하의 징역 또는 3천만원 이하의 벌금에 처한다. <개정 2017.11.28>
011995,250087,항,99,
011995,250087,호,100,1. 삭제 <2017.11.28>
011995,250087,호,101,2. 삭제 <2017.11.28>
011995,250087,조문,102,제24조(벌칙) 속임수나 그 밖의 부정한 방법으로 주거급여를 받거나 타인으로 하여금 주거급여를 받게 한 사람은 1년 이하의 징역 또는 1천만원 이하의 벌금에 처한다.
011995,250087,조문,103,"제25조(양벌규정) 법인의 대표자나 법인 또는 개인의 대리인, 사용인, 그 밖의 종업원이 그 법인 또는 개인의 업무에 관하여 제21조부터 제24조까지의 어느 하나에 해당하는 위반행위를 하면 그 행위자를 벌하는 외에 그 법인 또는 개인에게도 해당 조문의 벌금형을 과(科)한다. 다만, 법인 또는 개인이 그 위반행위를 방지하기 위하여 해당 업무에 관하여 상당한 주의와 감독을 게을리하지 아니한 경우에는 그러하지 아니하다."
