법령일련번호,MST,구분,문장번호,내용
009351,241979,조문,1,제1장 총칙
009351,241979,조문,2,제1조(목적) 이 법은 전통적으로 내려오는 소싸움을 활성화하고 소싸움경기에 관한 사항을 규정함으로써 농촌지역의 개발과 축산발전의 촉진에 이바지함을 목적으로한다.
009351,241979,조문,3,제2조(정의) 이 법에서 사용하는 용어의 뜻은 다음과 같다.
009351,241979,항,4,
009351,241979,호,5,"1. ""소싸움""이란 소싸움경기장에서 싸움소 간의 힘겨루기를 말한다."
009351,241979,호,6,"2. ""소싸움경기""란 소싸움에 대하여 소싸움경기 투표권을 발매(發賣)하고, 소싸움경기 투표 적중자에게 환급금을 지급하는 행위를 말한다."
009351,241979,호,7,"3. ""싸움소""란 소싸움경기에 출전하게 할 목적으로 소싸움경기 시행자에게 등록된 소를 말한다."
009351,241979,호,8,"4. ""싸움소 주인""이란 싸움소를 소유하거나 소유할 목적으로 소싸움경기 시행자에게 등록한 자를 말한다."
009351,241979,호,9,"5. ""조교사""란 소싸움경기 시행자의 면허를 받아 싸움소를 관리하고 조련하는 사람을 말한다."
009351,241979,호,10,"6. ""심판""이란 소싸움경기 시행자의 면허를 받아 소싸움을 관리ㆍ운영하고 그 경기결과를 판정하는 사람을 말한다."
009351,241979,호,11,"7. ""소싸움경기 투표권""이란 소싸움경기에서 소싸움 결과를 적중시켜 환급금을 받으려는 사람의 청구에 의하여 소싸움경기 시행자가 발매하는 투표방법ㆍ싸움소번호 및 금액 등이 적혀 있는 표권을 말한다."
009351,241979,호,12,"8. ""환급금""이란 소싸움경기에서 그 경기의 결과가 확정되었을 때 소싸움경기 시행자가 소싸움경기 투표권 발매금액 중에서 발매수득금 및 각종 세금을 공제한 후 소싸움경기 투표권을 구매하고 그 결과를 적중시킨 사람에게 지급하는 금액을 말한다."
009351,241979,호,13,"9. ""단위투표금액""이란 소싸움경기 투표권 발매의 기본단위로서 최저 발매금액을 말한다."
009351,241979,조문,14,제3조(소싸움경기에 관한 중장기종합발전계획의 수립ㆍ시행 등)
009351,241979,항,15,"① 제6조에 따른 소싸움경기 시행자는 소싸움경기장의 운영, 주변 여건의 정비 및 싸움소 사육농가 육성 등 소싸움경기의 활성화를 위한 중장기종합발전계획을 수립ㆍ시행하여야 한다."
009351,241979,항,16,② 제1항에 따른 계획의 주요 사항을 심의하기 위하여 소싸움경기 시행자는 그 소속으로 소싸움경기활성화 심의위원회를 둘 수 있다.
009351,241979,항,17,③ 제2항에 따른 소싸움경기활성화 심의위원회의 기능ㆍ구성 및 운영 등에 관하여 필요한 사항은 해당 지방자치단체의 조례로 정한다.
009351,241979,조문,18,제4조(다른 법률과의 관계)
009351,241979,항,19,① 소싸움에 관하여는 「동물보호법」 제10조제2항 및 제97조제2항제1호(「동물보호법」 제10조제2항을 위반한 사람만 해당한다)을 적용하지 아니한다. <개정 2022.4.26>
009351,241979,항,20,② 소싸움경기 투표권의 발매에 관하여는 「사행행위 등 규제 및 처벌 특례법」을 적용하지 아니한다.
009351,241979,조문,21,제2장 소싸움경기의 시행 등
009351,241979,조문,22,제5조(소싸움경기의 시행원칙) 소싸움경기의 경기 운영 및 방법 등을 정할 때에는 싸움소의 생명과 안전이 우선적으로 고려되어야 한다.
009351,241979,조문,23,제6조(소싸움경기의 시행)
009351,241979,항,24,① 소싸움경기는 지방자치단체(지방자치단체가 「지방공기업법」에 따라 설립한 지방공사 및 지방공단을 포함한다. 이하 같다)가 농림축산식품부장관의 허가를 받아 시행한다.
009351,241979,항,25,"② 제1항에 따라 소싸움경기의 시행허가를 받은 지방자치단체(이하 ""경기 시행자""라 한다)는 매년 대통령령으로 정하는 바에 따라 소싸움경기 개최계획서를 작성하여 농림축산식품부장관의 승인을 받아야 한다."
009351,241979,조문,26,제7조(소싸움경기 투표권의 발매)
009351,241979,항,27,"① 경기 시행자는 농촌지역 개발 및 축산업 발전 등에 필요한 재원(財源)을 조성하기 위하여 소싸움경기 투표권[이하 ""우권""(牛券)이라 한다]을 발매할 수 있다."
009351,241979,항,28,② 우권의 단위투표금액 및 발매방법 등에 관하여 필요한 사항은 대통령령으로 정한다.
009351,241979,조문,29,제8조(소싸움경기 투표방법)
009351,241979,항,30,"① 소싸움경기 투표방법은 단승식, 시간적중 단승식, 복수경기승식, 시간적중 복수경기승식 및 특별투표 적중식의 5종으로 한다."
009351,241979,항,31,"② 제1항에 따른 각 소싸움경기 투표방법에서 투표적중의 결정, 실시방법 등에 관하여 필요한 사항은 농림축산식품부령으로 정한다."
009351,241979,조문,32,제9조(소싸움경기장의 설치)
009351,241979,항,33,"① 경기 시행자가 소싸움경기장을 설치하려면 대통령령으로 정하는 요건을 갖추어 농림축산식품부장관의 허가를 받아야 한다. 이를 변경하려는 경우에도 또한 같다. 다만, 농림축산식품부령으로 정하는 경미한 사항을 변경하려는 경우에는 그러하지 아니하다."
009351,241979,항,34,② 농림축산식품부장관은 제1항의 허가를 할 때에 다른 소싸움경기장과의 인접성 및 전국 소싸움경기장의 적정 규모 등을 종합적으로 고려하여야 한다.
009351,241979,항,35,③ 농림축산식품부장관은 소싸움경기장의 설비가 적합하지 아니하여 소싸움경기장의 질서 및 안전 유지나 소싸움경기의 공정성 확보에 지장이 있다고 인정하면 경기 시행자에게 설비의 변경 등에 필요한 조치를 명할 수 있다.
009351,241979,항,36,④ 농림축산식품부장관은 제1항에 따라 소싸움경기장의 설치허가를 받은 자가 허가받은 날부터 1년 이내에 정당한 사유 없이 그 소싸움경기장의 설치를 시작하지 아니하였을 때에는 그 허가를 취소할 수 있다. 이 경우 농림축산식품부장관은 청문을 하여야 한다. <개정 2020.2.11>
009351,241979,항,37,⑤ 경기 시행자는 소싸움경기를 개최할 때에는 소싸움경기장에 입장하는 사람에 대하여 농림축산식품부령으로 정하는 바에 따라 입장료를 징수할 수 있다.
009351,241979,조문,38,제10조(싸움소 및 싸움소 주인의 등록과 심판 및 조교사의 면허 등)
009351,241979,항,39,① 소싸움에 싸움소를 출전시키려는 싸움소 주인은 싸움소의 종류ㆍ특성 및 가축전염병 검사 등에 관한 사항을 농림축산식품부령으로 정하는 바에 따라 경기 시행자에게 등록하여야 한다.
009351,241979,항,40,② 싸움소 주인이 되려는 자는 경기 시행자에게 등록하여야 한다.
009351,241979,항,41,"③ 경기 시행자는 싸움소 주인이 다음 각 호의 어느 하나에 해당하는 경우에는 제2항에 따른 등록을 취소할 수 있다. 이 경우 제1호, 제5호, 제6호 또는 제7호에 해당할 때에는 청문을 하여야 한다."
009351,241979,호,42,1. 거짓이나 그 밖의 부정한 방법으로 등록하였을 때
009351,241979,호,43,2. 사망하였을 때
009351,241979,호,44,3. 제5항제1호부터 제3호까지의 어느 하나의 경우에 해당하게 되었을 때
009351,241979,호,45,4. 금고 이상의 형을 선고받았을 때
009351,241979,호,46,5. 제4항에 따른 정지명령을 이행하지 아니하거나 이를 2회 이상 받았을 때
009351,241979,호,47,6. 경기 시행자에 소속된 공무원 또는 임직원이 되거나 소싸움경기와 관련된 사무에 종사하게 되었을 때
009351,241979,호,48,7. 그 밖에 소싸움경기의 공정성을 현저히 해치는 행위로서 농림축산식품부령으로 정하는 행위를 하였을 때
009351,241979,항,49,④ 경기 시행자는 싸움소 주인이 다음 각 호의 어느 하나에 해당하는 경우에는 6개월의 범위에서 기간을 정하여 그 활동의 정지를 명할 수 있다.
009351,241979,호,50,"1. 주민등록 신고사항(법인의 경우 명칭, 주소, 대표자 및 정관)에 변경이 생겼을 때에 14일 이내에 경기 시행자에게 변경신고를 하지 아니한 경우"
009351,241979,호,51,2. 정당한 사유 없이 계속하여 6개월 이상 싸움소를 소유하지 아니한 경우
009351,241979,호,52,3. 그 밖에 업무상 준수의무를 위반하거나 품위를 손상한 경우
009351,241979,항,53,⑤ 다음 각 호의 어느 하나에 해당하는 자는 제2항에 따른 싸움소 주인으로 등록할 수 없다. <개정 2014.3.18>
009351,241979,호,54,1. 피성년후견인 또는 피한정후견인
009351,241979,호,55,2. 파산선고를 받고 복권되지 아니한 사람
009351,241979,호,56,3. 이 법을 위반하여 벌금 이상의 형을 선고받은 자
009351,241979,호,57,4. 금고 이상의 실형을 선고받고 그 집행이 끝나거나(집행이 끝난 것으로 보는 경우를 포함한다) 집행이 면제된 날부터 5년이 지나지 아니한 사람
009351,241979,호,58,5. 금고 이상의 형의 집행유예를 선고받고 그 유예기간이 끝난 날부터 2년이 지나지 아니한 사람
009351,241979,호,59,6. 제3항제1호ㆍ제5호 또는 제7호에 따라 등록이 취소된 날부터 3년이 지나지 아니한 자
009351,241979,항,60,⑥ 조교사 또는 심판에 종사하려는 사람은 경기 시행자(지방공사 및 지방공단이 경기 시행자인 경우에는 해당 지방자치단체의 장을 말한다)로부터 조교사 또는 심판의 면허를 받아야 한다.
009351,241979,항,61,⑦ 싸움소 및 싸움소 주인의 등록과 심판 및 조교사의 자격ㆍ선발ㆍ면허 및 훈련 등에 관하여 필요한 사항은 대통령령으로 정한다.
009351,241979,항,62,⑧ 경기 시행자는 제1항 또는 제2항에 따라 등록을 하거나 제6항에 따라 면허를 받으려는 자에 대하여 농림축산식품부령으로 정하는 바에 따라 수수료를 징수할 수 있다.
009351,241979,조문,63,제11조(환급금)
009351,241979,항,64,① 경기 시행자는 우권을 구매하고 그 결과를 적중시킨 사람에게 대통령령으로 정하는 바에 따라 해당 우권 발매금액 중에서 환급금을 지급한다.
009351,241979,항,65,② 제1항에 따른 환급금액이 우권의 권면금액보다 적은 경우에는 그 권면금액을 환급금액으로 한다.
009351,241979,항,66,③ 소싸움경기의 결과를 적중시킨 사람이 없는 경우의 발매금액은 대통령령으로 정하는 바에 따라 해당 소싸움경기의 우권을 구매한 사람에게 되돌려주어야 한다. <개정 2020.2.11>
009351,241979,항,67,"④ 제1항 및 제3항에 따라 환급금을 지급할 때 10원 미만은 반올림하여 계산하되, 그 이익금과 손실금은 각각 경기 시행자의 수입과 지출로 계산한다."
009351,241979,항,68,⑤ 제1항 및 제3항에 따른 환급금의 채권은 그 지급 개시일부터 1년간 행사하지 아니하면 시효로 소멸한다.
009351,241979,조문,69,제12조(투표의 무효)
009351,241979,항,70,① 소싸움경기에 대한 투표는 우권을 발매한 후 해당 소싸움경기에 다음 각 호의 어느 하나에 해당하는 사유가 발생하였을 때에는 무효로 한다.
009351,241979,호,71,1. 출전한 싸움소가 한 마리가 되거나 없게 되었을 때
009351,241979,호,72,2. 소싸움이 성립되지 아니하였을 때
009351,241979,호,73,3. 2개 이상의 소싸움경기에 투표하는 소싸움경기 투표방법에서 1개 이상의 경기에 제1호 또는 제2호의 사유가 발생하였을 때
009351,241979,항,74,② 제1항에 따라 무효로 되는 우권을 소지한 사람은 경기 시행자에게 구매금액의 반환을 청구할 수 있다.
009351,241979,항,75,③ 제2항에 따른 청구권은 해당 우권 발매일부터 1년간 행사하지 아니하면 시효로 소멸한다.
009351,241979,조문,76,제13조(발매수득금) 경기 시행자는 우권의 발매금액에 대하여 농림축산식품부장관이 정하는 비율의 금액을 소싸움경기 개최에 따른 운영경비 등으로 거두어들일 수 있다. 이 경우 거두어들이는 금액은 발매금액의 100분의 20을 초과할 수 없다.
009351,241979,조문,77,제14조(손실보전준비금)
009351,241979,항,78,① 경기 시행자는 우권 발매금액의 100분의 1을 초과하지 아니하는 범위에서 농림축산식품부령으로 정하는 바에 따라 손실보전준비금을 적립하여야 한다.
009351,241979,항,79,② 경기 시행자는 제1항에 따른 손실보전준비금을 손실보전에 충당하려는 경우에는 농림축산식품부장관의 승인을 받아야 한다.
009351,241979,조문,80,제15조(수익금의 사용)
009351,241979,항,81,① 경기 시행자는 매 사업연도 결산상 이익금을 다음 각 호의 용도로 사용하여야 한다.
009351,241979,호,82,1. 「축산법」 제44조에 따른 축산발전기금에의 출연
009351,241979,호,83,2. 소싸움경기의 유지ㆍ확장을 위한 투자적립금
009351,241979,호,84,3. 그 밖에 농림축산식품부장관이 정하는 지역개발사업
009351,241979,항,85,② 제1항에 따른 이익금의 배분 및 사용 등에 필요한 사항은 대통령령으로 정한다.
009351,241979,조문,86,제16조(소싸움경기 시행의 위탁 등)
009351,241979,항,87,"① 경기 시행자는 소싸움경기의 효율적 수행을 위하여 필요하다고 인정하면 우권 판매, 소싸움경기장 운영ㆍ관리, 홍보 등 소싸움경기사업의 일부를 경기의 공정성과 건전성을 벗어나지 아니하는 범위에서 농림축산식품부장관의 승인을 받은 단체 또는 개인에게 위탁하여 운영하게 할 수 있다."
009351,241979,항,88,"② 경기 시행자는 제1항에 따라 소싸움경기사업을 위탁받은 자(이하 ""수탁사업자""라 한다)가 다음 각 호의 어느 하나에 해당하거나 그 사실을 알게 되었을 때에는 그 위탁을 해제하여야 한다."
009351,241979,호,89,1. 거짓 또는 부정한 방법으로 위탁을 받거나 위탁사업을 한 경우
009351,241979,호,90,2. 사정이 변경되어 위탁사업을 계속 시행하기가 불가능하거나 현저히 공익을 해칠 우려가 있다고 인정되는 경우
009351,241979,호,91,3. 이 법 또는 이 법에 따른 명령이나 처분을 위반한 경우
009351,241979,항,92,③ 경기 시행자는 수탁사업자에게 위탁운영에 드는 경비를 지급할 수 있다.
009351,241979,조문,93,제17조(소싸움경기의 규정) 경기 시행자는 이 법에서 정하는 사항 외에 소싸움경기의 시행에 필요한 규정을 정할 수 있다.
009351,241979,조문,94,제3장 보칙
009351,241979,조문,95,제18조(소싸움경기장의 단속 등)
009351,241979,항,96,① 경기 시행자는 소싸움경기의 공정한 운영과 소싸움경기장의 질서유지 등을 위하여 필요한 조치를 하여야 한다.
009351,241979,항,97,② 경기 시행자는 소싸움경기의 시행 전에 제10조제1항에 따른 등록사항 등에 따라 싸움소에 관한 정보와 자료 등을 수집ㆍ분류ㆍ분석하고 이를 일반인이 이용할 수 있도록 제공하여야 한다.
009351,241979,항,98,③ 제1항에 따른 조치 및 제2항에 따른 정보ㆍ자료 등의 제공에 필요한 사항은 대통령령으로 정한다.
009351,241979,조문,99,제19조(심판ㆍ조교사 등의 복지 등)
009351,241979,항,100,① 경기 시행자는 심판 및 조교사와 그 밖에 소싸움경기에 종사하는 사람의 복지와 안전을 위하여 필요한 조치를 하여야 한다.
009351,241979,항,101,② 제1항에 따른 복지와 안전을 위한 조치 등에 관하여 필요한 사항은 대통령령으로 정한다.
009351,241979,조문,102,제20조(사업계획의 승인 등)
009351,241979,항,103,① 경기 시행자는 다음 연도 소싸움경기 시행에 관한 운영계획 및 수입지출예산서를 작성하여 매 연도 말까지 농림축산식품부장관의 승인을 받아야 한다. 이를 변경하려는 경우에도 또한 같다.
009351,241979,항,104,② 경기 시행자는 매 사업연도 종료 후 2개월 이내에 소싸움경기 시행실적과 결산보고서를 농림축산식품부장관에게 제출하여야 한다.
009351,241979,조문,105,제21조(명령ㆍ처분ㆍ검사 등)
009351,241979,항,106,① 농림축산식품부장관은 이 법을 시행하기 위하여 필요하다고 인정할 때에는 경기 시행자에게 소싸움경기의 감독에 필요한 명령 또는 처분을 할 수 있다. 이 경우 경기 시행자가 시ㆍ군ㆍ구(자치구를 말한다)인 경우에는 특별시장ㆍ광역시장 또는 도지사를 거쳐 명령 또는 처분을 할 수 있다.
009351,241979,항,107,② 농림축산식품부장관은 소싸움경기의 원활한 시행을 위하여 필요하다고 인정할 때에는 경기 시행자로 하여금 소싸움경기의 운영상황을 보고하게 하거나 소속 공무원으로 하여금 경기 시행자의 사무소 또는 소싸움경기장에 출입하여 장부ㆍ서류 또는 그 밖에 필요한 물건을 검사하게 할 수 있다. <개정 2019.12.10>
009351,241979,항,108,③ 제2항에 따라 검사를 하는 공무원은 그 권한을 표시하는 증표를 지니고 이를 관계인에게 보여주어야 한다.
009351,241979,항,109,④ 제1항에 따른 농림축산식품부장관의 명령 또는 처분을 이행하지 아니하거나 위반한 경우 농림축산식품부장관은 지방자치단체의 장에게 해당 공무원 또는 지방공사 및 지방공단의 임직원에 대한 징계를 요구할 수 있다.
009351,241979,조문,110,제22조(유사행위의 금지) 경기 시행자가 아닌 자는 우권 또는 이와 유사한 것을 발매하거나 소싸움 결과의 적중자에게 금전을 지급하는 소싸움경기를 시행하여서는 아니 된다.
009351,241979,조문,111,제23조(우권의 구매 제한 등)
009351,241979,항,112,① 경기 시행자는 미성년자에게 우권을 발매하여서는 아니 된다.
009351,241979,항,113,② 다음 각 호의 어느 하나에 해당하는 자는 우권을 구매ㆍ알선하거나 양도받아서는 아니 된다.
009351,241979,호,114,1. 경기 시행자의 임직원(경기 시행자가 지방자치단체인 경우에는 관계 공무원)
009351,241979,호,115,2. 소싸움경기 시행에 관하여 감독의 지위에 있는 사람
009351,241979,호,116,"3. 심판, 조교사"
009351,241979,호,117,"4. 조교사 등이 고용하여 싸움소를 관리하는 사람(이하 ""싸움소 관리원""이라 한다)"
009351,241979,호,118,5. 수탁사업자
009351,241979,호,119,6. 그 밖에 소싸움경기에 종사하는 사람
009351,241979,항,120,③ 제2항제2호ㆍ제5호 및 제6호에 해당하는 자의 범위는 대통령령으로 정한다.
009351,241979,조문,121,제4장 벌칙
009351,241979,조문,122,제24조(벌칙) 위계(僞計) 또는 위력(威力)을 사용하여 소싸움경기의 공정성을 해치거나 공정한 시행을 방해한 자는 5년 이하의 징역 또는 5천만원 이하의 벌금에 처한다. <개정 2015.2.3>
009351,241979,조문,123,제25조(벌칙)
009351,241979,항,124,"① 심판, 조교사 또는 싸움소 관리원이 다음 각 호의 어느 하나에 해당하는 행위를 하였을 때에는 5년 이하의 징역 또는 5천만원 이하의 벌금에 처한다. <개정 2015.2.3, 2020.2.11>"
009351,241979,호,125,1. 업무에 관하여 부정한 청탁을 받고 재물 또는 재산상의 이익을 수수(收受)ㆍ요구 또는 약속하였을 때
009351,241979,호,126,2. 업무에 관하여 부정한 청탁을 받고 제3자에게 재물 또는 재산상의 이익을 제공하게 하거나 그 제공을 요구 또는 약속하였을 때
009351,241979,항,127,"② 심판, 조교사 또는 싸움소 관리원이 제1항제1호의 죄를 저질러 부정한 행위를 하였을 때에는 7년 이하의 징역 또는 7천만원 이하의 벌금에 처한다. <개정 2015.2.3, 2020.2.11>"
009351,241979,조문,128,제26조(벌칙)
009351,241979,항,129,① 다음 각 호의 어느 하나에 해당하는 자는 3년 이하의 징역 또는 3천만원 이하의 벌금에 처한다. <개정 2015.2.3>
009351,241979,호,130,1. 제22조를 위반한 자(지방자치단체는 제외한다)
009351,241979,호,131,2. 소싸움경기에 관하여 영리를 목적으로 도박을 한 자 또는 이를 방조한 자
009351,241979,호,132,3. 제23조제2항 각 호의 어느 하나에 해당하는 자로서 제2호에 따른 행위의 상대가 된 자
009351,241979,항,133,② 제1항의 미수범은 처벌한다.
009351,241979,조문,134,제27조(벌칙) 제25조에 따른 재물 또는 재산상의 이익을 약속ㆍ제공하거나 제공의 의사를 표시한 자는 2년 이하의 징역 또는 2천만원 이하의 벌금에 처한다. <개정 2015.2.3>
009351,241979,조문,135,제28조(벌칙) 제23조를 위반한 자는 1년 이하의 징역 또는 1천만원 이하의 벌금에 처한다. <개정 2015.2.3>
009351,241979,조문,136,제29조(벌금의 병과) 제26조제1항의 경우에 징역형과 벌금형은 병과(倂科)할 수 있다.
009351,241979,조문,137,제30조(자격정지의 병과) 제25조 및 제27조의 죄에는 10년 이하의 자격정지를 병과할 수 있다.
009351,241979,조문,138,"제31조(몰수ㆍ추징) 제25조 및 제27조에 따른 재물은 몰수한다. 다만, 재물을 몰수하는 것이 불가능하거나 재산상의 이익을 취득한 경우에는 그 가액(價額)을 추징한다."
009351,241979,조문,139,제32조(과태료)
009351,241979,항,140,① 다음 각 호의 어느 하나에 해당하는 자에게는 300만원 이하의 과태료를 부과한다.
009351,241979,호,141,1. 제6조제1항을 위반하여 허가를 받지 아니하거나 거짓으로 허가를 받은 자
009351,241979,호,142,2. 제6조제2항 또는 제14조제2항을 위반하여 승인을 받지 아니하거나 거짓으로 승인을 받은 자
009351,241979,호,143,3. 제9조제1항을 위반하여 허가 또는 변경허가를 받지 아니하거나 거짓으로 허가 또는 변경허가를 받은 자
009351,241979,호,144,4. 제10조제1항 또는 제2항에 따른 등록을 받지 아니하거나 거짓으로 등록을 받은 자
009351,241979,호,145,5. 제10조제6항을 위반하여 면허를 받지 아니하거나 거짓으로 면허를 받은 사람
009351,241979,호,146,6. 제21조제2항에 따른 보고를 하지 아니하거나 거짓된 보고를 한 자 또는 검사를 거부ㆍ방해 또는 기피한 자
009351,241979,항,147,② 제1항에 따른 과태료는 대통령령으로 정하는 바에 따라 농림축산식품부장관 또는 지방자치단체의 장이 부과ㆍ징수한다.
