법령일련번호,MST,구분,문장번호,내용
002032,199538,조문,1,"제1조(목적) 이 법은 수도권매립지관리공사의 설립 및 운영 등에 관한 사항을 규정하여 수도권매립지를 효율적으로 관리함으로써 수도권에서 배출되는 폐기물의 적절한 처리와 자원화를 촉진하고, 수도권매립지 주변지역 주민을 위하여 쾌적한 생활환경을 조성하는 데에 이바지함을 목적으로 한다."
002032,199538,조문,2,제2조(정의) 이 법에서 사용하는 용어의 뜻은 다음과 같다.
002032,199538,항,3,
002032,199538,호,4,"1. ""수도권매립지""란 인천광역시 서구 오류동ㆍ왕길동ㆍ백석동ㆍ경서동 및 검암동과 경기도 김포시 양촌면에 있는 광역폐기물처리시설을 말한다."
002032,199538,호,5,"2. ""수도권""이란 서울특별시, 인천광역시, 경기도의 관할구역으로서 수도권매립지에 「폐기물관리법」에 따른 폐기물(이하 ""폐기물""이라 한다)을 반입(搬入)하는 지역을 말한다."
002032,199538,조문,6,제3조(책무)
002032,199538,항,7,"① 국가는 수도권에서 배출되는 폐기물을 적절하게 처리하기 위하여 수도권매립지의 설치ㆍ관리 실태를 감독하고, 폐기물의 자원화를 촉진하기 위하여 노력하여야 한다."
002032,199538,항,8,"② 서울특별시장, 인천광역시장, 경기도지사(이하 ""시ㆍ도지사""라 한다)는 관할구역에서 배출되는 폐기물의 발생 및 처리 실태를 파악하고, 폐기물을 자원화하고 적절하게 처리하기 위하여 노력하여야 하며, 수도권매립지를 적절하게 관리하기 위하여 협조하여야 한다."
002032,199538,항,9,③ 수도권매립지에 폐기물을 반입하는 시ㆍ도지사 또는 시장ㆍ군수ㆍ자치구청장은 매립에 필요한 복토재(覆土材)의 확보 및 주민 지원 사업 등이 원활하게 이루어질 수 있도록 협조하여야 한다.
002032,199538,조문,10,제4조(수도권매립지 종합환경관리계획)
002032,199538,항,11,"① 환경부장관은 수도권매립지를 적절하게 관리하기 위하여 5년마다 수도권매립지 종합환경관리계획(이하 ""종합계획""이라 한다)을 수립하여야 한다."
002032,199538,항,12,② 종합계획에는 다음 각 호의 사항이 포함되어야 한다.
002032,199538,호,13,1. 수도권매립지의 사용 계획
002032,199538,호,14,2. 수도권에서 배출되는 폐기물의 자원화 촉진 대책
002032,199538,호,15,3. 오염방지시설의 설치 및 관리
002032,199538,호,16,4. 수도권매립지의 건설 및 운영 재원 조달에 관한 사항
002032,199538,호,17,5. 수도권매립지 주변지역 주민에 대한 지원 사업
002032,199538,호,18,6. 수도권매립지 주변지역의 오염 저감(低減) 계획
002032,199538,호,19,7. 그 밖에 수도권매립지의 적절한 관리에 필요하다고 인정되는 사항
002032,199538,항,20,③ 환경부장관은 종합계획을 수립할 때에는 미리 시ㆍ도지사의 의견을 듣고 관계 행정기관의 장과 협의하여야 한다.
002032,199538,조문,21,제5조(수도권매립지 환경관리계획)
002032,199538,항,22,"① 제7조에 따른 수도권매립지관리공사는 2년마다 다음 각 호의 사항이 포함된 수도권매립지 환경관리계획(이하 ""관리계획""이라 한다)을 수립하여 환경부장관의 승인을 받아야 하며, 승인받은 사항을 변경할 때에도 또한 같다. 다만, 대통령령으로 정하는 경미한 사항을 변경할 때에는 그러하지 아니하다."
002032,199538,호,23,1. 수도권매립지 사용 현황
002032,199538,호,24,"2. 수도권매립지에 반입되는 폐기물의 종류, 반입량 및 반입 기준"
002032,199538,호,25,3. 수도권매립지 기반시설의 공사 시행에 관한 사항
002032,199538,호,26,4. 수도권매립지 주변 환경 보전에 관한 사항
002032,199538,호,27,5. 수도권매립지 사후 관리에 관한 사항
002032,199538,호,28,6. 그 밖에 수도권매립지의 관리에 관한 사항
002032,199538,항,29,② 제7조에 따른 수도권매립지관리공사가 관리계획을 수립할 때에는 미리 시ㆍ도지사와 협의하여야 한다.
002032,199538,조문,30,제6조(다른 법률과의 관계) 수도권매립지의 설치ㆍ관리 및 주민 지원에 관하여 이 법에서 규정한 것을 제외하고는 「폐기물관리법」 및 「폐기물처리시설 설치촉진 및 주변지역지원 등에 관한 법률」에 따른다.
002032,199538,조문,31,제7조(수도권매립지관리공사의 설립 및 법인격)
002032,199538,항,32,"① 수도권매립지를 환경상 안전하고 효율적으로 관리하기 위하여 수도권매립지관리공사(이하 ""공사""라 한다)를 설립한다."
002032,199538,항,33,② 공사는 법인으로 한다.
002032,199538,조문,34,제8조(사무소)
002032,199538,항,35,① 공사의 주된 사무소의 소재지는 정관으로 정한다.
002032,199538,항,36,② 공사는 그 업무 수행을 위하여 필요하면 이사회의 의결을 거쳐 필요한 곳에 지사나 사무소를 둘 수 있다.
002032,199538,조문,37,제9조(정관)
002032,199538,항,38,① 공사의 정관에는 다음 각 호의 사항이 포함되어야 한다.
002032,199538,호,39,1. 목적
002032,199538,호,40,2. 명칭
002032,199538,호,41,3. 사무소의 소재지
002032,199538,호,42,4. 사업에 관한 사항
002032,199538,호,43,5. 임원 및 직원에 관한 사항
002032,199538,호,44,6. 이사회 및 운영위원회에 관한 사항
002032,199538,호,45,7. 재무 회계에 관한 사항
002032,199538,호,46,8. 자본금에 관한 사항
002032,199538,호,47,9. 정관의 변경에 관한 사항
002032,199538,호,48,10. 공고의 방법에 관한 사항
002032,199538,호,49,"11. 규약ㆍ규정의 제정, 개정 및 폐지에 관한 사항"
002032,199538,호,50,12. 그 밖에 대통령령으로 정하는 사항
002032,199538,항,51,② 공사는 정관을 변경하려면 환경부장관의 인가를 받아야 한다.
002032,199538,조문,52,제10조(설립등기)
002032,199538,항,53,① 공사는 주된 사무소의 소재지에서 설립등기를 함으로써 성립한다.
002032,199538,항,54,② 제1항에 따른 공사의 설립등기에 필요한 사항은 대통령령으로 정한다.
002032,199538,항,55,③ 공사는 등기가 필요한 사항에 관하여는 등기한 후가 아니면 제3자에게 대항하지 못한다.
002032,199538,조문,56,제11조(유사 명칭 등의 사용 금지) 이 법에 따른 공사가 아닌 자는 수도권매립지관리공사 또는 이와 유사한 명칭을 사용하지 못한다.
002032,199538,조문,57,제12조(임원)
002032,199538,항,58,"① 공사에 임원으로 사장 1명, 이사 3명 이내 및 감사 1명을 둔다."
002032,199538,항,59,② 사장과 감사는 환경부장관이 임면(任免)한다.
002032,199538,항,60,③ 이사는 환경부장관의 승인을 받아 사장이 임면한다.
002032,199538,항,61,"④ 사장의 임기는 3년, 이사와 감사의 임기는 2년으로 하되, 각각 1년을 단위로 연임할 수 있다. 이 경우 임면권자는 제13조에 따른 직무의 수행실적을 고려하여 연임 여부를 결정한다."
002032,199538,조문,62,제13조(임원의 직무)
002032,199538,항,63,"① 사장은 공사를 대표하며, 그 업무를 총괄한다."
002032,199538,항,64,"② 이사는 정관으로 정하는 바에 따라 공사의 업무를 나누어 맡고, 사장이 부득이한 사유로 직무를 수행할 수 없을 때에는 정관으로 정하는 순위에 따라 그 직무를 대행한다."
002032,199538,항,65,③ 감사는 공사의 업무와 회계를 감사한다.
002032,199538,조문,66,"제14조(사장의 대표권 제한) 공사의 이익과 사장의 이익이 상반되는 사항에 대하여는 사장이 공사를 대표하지 못하며, 감사가 공사를 대표한다."
002032,199538,조문,67,제14조의2(대리인의 선임) 사장은 정관으로 정하는 바에 따라 직원 중에서 공사의 업무에 관한 재판상 또는 재판 외의 행위를 할 수 있는 권한을 가진 대리인을 선임할 수 있다.
002032,199538,조문,68,제15조(임원의 결격사유)
002032,199538,항,69,① 다음 각 호의 어느 하나에 해당하는 사람은 공사의 임원이 될 수 없다.
002032,199538,호,70,1. 「국가공무원법」 제33조 각 호의 어느 하나에 해당하는 사람
002032,199538,호,71,2. 「공공기관의 운영에 관한 법률」 제34조제1항제2호에 해당하는 사람
002032,199538,항,72,② 임원이 제1항 각 호의 어느 하나에 해당하게 되거나 임명 당시 그에 해당하였던 사람으로 밝혀졌을 때에는 당연히 퇴직한다.
002032,199538,항,73,③ 제2항에 따라 퇴직한 임원이 퇴직 전에 관여한 행위는 그 효력을 잃지 아니한다.
002032,199538,조문,74,제15조의2(임직원의 겸직 제한 등)
002032,199538,항,75,① 공사의 임원 및 직원은 그 직무 외에 영리를 목적으로 하는 업무에 종사하지 못한다.
002032,199538,항,76,② 공사의 사장 및 감사가 환경부장관의 허가를 받은 경우와 공사의 이사 및 직원이 사장의 허가를 받은 경우에는 그 직무 외에 비영리를 목적으로 하는 업무에 종사할 수 있다.
002032,199538,조문,77,제16조(직원의 임면) 공사의 직원은 정관으로 정하는 바에 따라 사장이 임면한다.
002032,199538,조문,78,제17조(벌칙 적용 시의 공무원 의제) 공사의 임원 및 직원은 「형법」 제129조부터 제132조까지의 규정을 적용할 때에는 공무원으로 본다.
002032,199538,조문,79,제17조의2(비밀누설 금지 등) 공사의 임원 및 직원과 공사의 임원 또는 직원이었던 사람은 그 직무상 알게 된 비밀을 누설하거나 도용(盜用)하여서는 아니 된다.
002032,199538,조문,80,제18조(이사회)
002032,199538,항,81,① 공사의 업무에 관한 중요 사항을 의결하기 위하여 공사에 이사회를 둔다.
002032,199538,항,82,② 이사회는 사장을 포함한 이사로 구성한다.
002032,199538,항,83,③ 감사는 이사회에 출석하여 필요한 의견을 진술할 수 있다.
002032,199538,항,84,④ 이사회의 운영에 필요한 사항은 정관으로 정한다.
002032,199538,조문,85,제19조(사업)
002032,199538,항,86,① 공사는 다음 각 호의 사업을 한다.
002032,199538,호,87,1. 수도권매립지에 반입되는 폐기물의 처리
002032,199538,호,88,2. 「폐기물관리법」 제2조제8호에 따른 폐기물처리시설 및 이에 부속되는 시설의 설치ㆍ관리
002032,199538,호,89,3. 폐기물을 자원화하기 위한 시설의 설치 및 운영
002032,199538,호,90,4. 주민 지원 기금의 조성 및 주변 영향 지역에 대한 지원
002032,199538,호,91,5. 다음 각 목의 결정 및 징수
002032,199538,목,92,가. 수도권매립지에 반입되는 폐기물의 처리에 필요한 반입수수료
002032,199538,목,93,나. 「폐기물처리시설 설치촉진 및 주변지역지원 등에 관한 법률」 제8조에 따른 가산금
002032,199538,목,94,"다. 시ㆍ도지사, 시장ㆍ군수ㆍ자치구청장 또는 수도권매립지에 폐기물을 반입하는 자로부터 징수하는 폐기물처리시설의 설치에 필요한 부담금"
002032,199538,호,95,6. 수도권매립지 및 주변지역의 환경 관리
002032,199538,호,96,7. 오염방지시설의 설치 및 관리
002032,199538,호,97,8. 복토용 흙과 모래를 확보하기 위한 취토장(取土場)의 개발 및 운영
002032,199538,호,98,9. 수도권매립지의 사후 관리
002032,199538,호,99,"10. 수도권매립지 안의 「도시공원 및 녹지 등에 관한 법률」 제2조제4호에 따른 공원시설, 「체육시설의 설치ㆍ이용에 관한 법률」 제2조제1호에 따른 체육시설, 「문화예술진흥법」 제2조제1항제3호에 따른 문화시설 등의 설치 및 운영"
002032,199538,호,100,11. 그 밖에 수도권매립지의 설치ㆍ관리와 관련하여 국가나 지방자치단체로부터 위탁받은 업무
002032,199538,호,101,"12. 제1호부터 제11호까지의 사업을 위한 조사ㆍ연구, 기술개발, 설계, 책임감리, 환경오염물질의 측정ㆍ분석 및 기술지원 등 부수(附隨)된 업무"
002032,199538,항,102,② 공사는 제1항 각 호의 사업을 효율적으로 하기 위하여 필요하면 환경부장관의 승인을 받아 제1항 각 호의 사업과 관련된 사업에 출자하거나 출연(出捐)할 수 있다.
002032,199538,항,103,③ 공사는 환경부장관의 승인을 받아 제1항 각 호의 사업을 위탁할 수 있다.
002032,199538,항,104,④ 제2항에 따른 출자나 출연에 필요한 사항은 대통령령으로 정한다.
002032,199538,조문,105,제20조(사업 재원) 공사의 재원은 다음 각 호의 자금으로 한다.
002032,199538,항,106,
002032,199538,호,107,"1. 제19조제1항제5호에 따른 반입수수료, 가산금 및 부담금"
002032,199538,호,108,"2. 국가, 지방자치단체의 보조금"
002032,199538,호,109,3. 제19조의 사업을 하여 생긴 수익금
002032,199538,호,110,4. 제22조에 따른 차입금
002032,199538,호,111,5. 제23조에 따른 채권 발행으로 조성한 자금
002032,199538,호,112,6. 그 밖의 수입금
002032,199538,조문,113,제21조(보조금) 국가나 지방자치단체는 공사의 사업에 대하여 예산의 범위에서 보조금을 지급할 수 있다.
002032,199538,조문,114,제22조(자금의 차입 등) 공사는 환경부장관의 승인을 받아 제19조에 따른 사업 수행에 필요한 자금을 차입(국제기구나 외국정부 또는 외국인으로부터의 차입을 포함한다)할 수 있다.
002032,199538,조문,115,제23조(채권의 발행)
002032,199538,항,116,① 공사는 환경부장관의 승인을 받아 채권을 발행할 수 있다.
002032,199538,항,117,② 환경부장관은 제1항에 따른 채권 발행을 승인할 때에는 미리 기획재정부장관과 협의하여야 한다.
002032,199538,항,118,"③ 채권의 소멸시효는 상환일부터 기산하여 원금은 5년, 이자는 2년으로 완성된다."
002032,199538,항,119,④ 그 밖에 채권 발행에 필요한 사항은 대통령령으로 정한다.
002032,199538,조문,120,제24조(운영위원회)
002032,199538,항,121,"① 이사회의 의결에 앞서 제19조에 따른 사업에 관한 중요 사항을 심의하기 위하여 공사에 운영위원회(이하 ""위원회""라 한다)를 둔다."
002032,199538,항,122,② 위원회는 위원장과 위원으로 구성한다.
002032,199538,항,123,"③ 위원장은 공사의 사장이 되며, 위원은 다음 각 호의 사람을 환경부장관이 임명하거나 위촉한다."
002032,199538,호,124,1. 환경부장관이 추천하는 관계 공무원 1명
002032,199538,호,125,2. 시ㆍ도지사가 추천하는 관계 공무원 각 2명
002032,199538,호,126,3. 수도권매립지 주변지역의 주민이 추천하는 주민대표 6명
002032,199538,호,127,4. 환경부장관과 수도권매립지 주변지역의 주민대표가 추천하는 관련 전문가 각 1명 및 시ㆍ도지사가 추천하는 관련 전문가 1명
002032,199538,항,128,④ 환경부장관은 특별한 사유가 없으면 제3항에 따라 추천받은 위원의 임명 또는 위촉을 거부할 수 없다.
002032,199538,항,129,⑤ 위원은 비상근으로 한다.
002032,199538,항,130,⑥ 제3항제3호 및 제4호의 위원의 임기는 2년으로 하되 연임할 수 있다.
002032,199538,항,131,⑦ 위원회는 다음 각 호의 사항을 심의한다.
002032,199538,호,132,1. 수도권매립지에 반입되는 폐기물의 반입수수료
002032,199538,호,133,"2. 수도권매립지에 반입되는 폐기물의 종류, 반입량, 반입 기준 및 반입 대상 구역"
002032,199538,호,134,3. 수도권매립지 주변 환경 보전을 위한 시설물의 설치 및 지원에 관한 사항
002032,199538,호,135,4. 그 밖에 공사의 사장이 심의가 필요하다고 인정하여 위원회의 회의에 부치는 사항
002032,199538,항,136,⑧ 위원회의 운영에 관하여 그 밖에 필요한 사항은 대통령령으로 정한다.
002032,199538,조문,137,제25조(사업연도) 공사의 사업연도는 정부의 회계연도에 따른다.
002032,199538,조문,138,제26조(사업계획 등의 승인) 공사는 대통령령으로 정하는 바에 따라 매 사업연도의 사업계획 및 예산안을 작성하여 환경부장관의 승인을 받아야 한다. 이를 변경할 때에도 또한 같다.
002032,199538,조문,139,제27조(결산서의 제출) 공사는 매 사업연도의 결산서를 작성하여 환경부장관이 지정하는 공인회계사의 회계감사를 받아 다음 사업연도 2월 말일까지 환경부장관에게 제출하여야 한다.
002032,199538,조문,140,제28조(업무의 지도ㆍ감독)
002032,199538,항,141,① 환경부장관은 다음 각 호의 사항에 대하여 공사를 지도ㆍ감독한다.
002032,199538,호,142,1. 제19조에 따라 공사가 하는 사업의 적절한 수행에 관한 사항
002032,199538,호,143,2. 환경부 소관 업무와 직접 관련되는 사업의 적절한 수행에 관한 사항
002032,199538,항,144,② 환경부장관은 공사의 업무ㆍ회계 및 재산에 관한 사항을 보고하게 하거나 소속 공무원에게 공사의 장부ㆍ서류 및 그 밖의 물건을 검사하게 할 수 있다.
002032,199538,조문,145,제29조(「민법」의 준용) 공사에 관하여 이 법 및 「공공기관의 운영에 관한 법률」에서 정한 것을 제외하고는 「민법」 중 재단법인에 관한 규정을 준용한다.
002032,199538,조문,146,제29조의2(벌칙) 제17조의2를 위반하여 직무상 알게 된 비밀을 누설하거나 도용한 사람은 2년 이하의 징역 또는 2천만원 이하의 벌금에 처한다. <개정 2017.12.12>
002032,199538,조문,147,제30조(과태료)
002032,199538,항,148,① 제11조를 위반한 자에게는 100만원 이하의 과태료를 부과한다.
002032,199538,항,149,② 제1항에 따른 과태료는 환경부장관이 부과ㆍ징수한다.
