법령일련번호,MST,구분,문장번호,내용
013128,203628,조문,1,제1조(목적) 이 법은 제2조에 따른 사건의 진상규명을 위하여 독립적인 지위를 가지는 특별검사의 임명과 직무 등에 관하여 필요한 사항을 규정함을 목적으로 한다.
013128,203628,조문,2,제2조(특별검사의 수사대상) 이 법에 따른 특별검사의 수사대상은 다음 각 호의 사건 및 그와 관련된 사건에 한정한다.
013128,203628,항,3,
013128,203628,호,4,1. 드루킹 및 드루킹과 연관된 단체 회원 등이 저지른 불법 여론조작행위
013128,203628,호,5,2. 제1호 사건의 수사과정에서 범죄혐의자로 밝혀진 관련자들에 의한 불법행위
013128,203628,호,6,3. 드루킹의 불법자금과 관련된 행위
013128,203628,호,7,4. 제1호부터 제3호까지의 의혹 등과 관련한 수사과정에서 인지된 관련 사건
013128,203628,조문,8,제3조(특별검사의 임명)
013128,203628,항,9,① 국회의장은 제2조 각 호의 사건을 수사하기 위하여 이 법 시행일부터 3일 이내에 1명의 특별검사를 임명할 것을 대통령에게 서면으로 요청하여야 한다.
013128,203628,항,10,② 대통령은 제1항에 따른 요청서를 받은 날부터 3일 이내에 1명의 특별검사를 임명하기 위한 후보자추천을 「국회법」 제33조에 따른 교섭단체 중 자유한국당·바른미래당·평화와 정의의 의원 모임에 서면으로 의뢰하여야 한다.
013128,203628,항,11,③ 자유한국당·바른미래당·평화와 정의의 의원 모임은 제2항에 따른 특별검사후보자추천의뢰서를 받은 때에는 의뢰서를 받은 날부터 5일 이내에 15년 이상 「법원조직법」 제42조제1항제1호의 직에 있던 변호사 중에서 「변호사법」 제78조에 따른 대한변호사협회로부터 서면으로 4명의 추천을 받아 자유한국당·바른미래당·평화와 정의의 의원 모임이 합의한 2명의 특별검사후보자를 대통령에게 서면으로 추천하여야 한다.
013128,203628,항,12,④ 대통령은 제3항에 따른 특별검사후보자추천서를 받은 때에는 추천서를 받은 날부터 3일 이내에 추천후보자 중에서 1명을 특별검사로 임명하여야 한다.
013128,203628,조문,13,제4조(특별검사의 결격사유) 다음 각 호의 어느 하나에 해당하는 사람은 특별검사로 임명될 수 없다.
013128,203628,항,14,
013128,203628,호,15,1. 대한민국 국민이 아닌 사람
013128,203628,호,16,2. 「국가공무원법」 제2조 또는 「지방공무원법」 제2조에 따른 공무원
013128,203628,호,17,3. 특별검사 임명일 전 1년 이내에 제2호의 직에 있었던 사람
013128,203628,호,18,4. 정당의 당적을 가진 사람이거나 가졌던 사람
013128,203628,호,19,5. 「공직선거법」에 따라 실시하는 선거에 후보자(예비후보자를 포함한다)로 등록한 사람
013128,203628,호,20,6. 「국가공무원법」 제33조 각 호의 어느 하나에 해당하는 사람
013128,203628,조문,21,"제5조(특별검사의 정치적 중립 및 직무상 독립) 특별검사는 정치적으로 중립을 지켜야 하고, 독립하여 그 직무를 수행한다."
013128,203628,조문,22,제6조(특별검사의 직무범위와 권한 등)
013128,203628,항,23,① 특별검사의 직무범위는 다음 각 호와 같다.
013128,203628,호,24,1. 제2조 각 호의 사건에 관한 수사와 공소제기 여부의 결정 및 공소유지
013128,203628,호,25,2. 제7조에 따라 임명된 특별검사보 및 특별수사관과 관계 기관으로부터 파견 받은 공무원에 대한 지휘·감독
013128,203628,항,26,② 특별검사는 직무의 범위를 이탈하여 제2조 각 호의 사건과 관련되지 아니하는 사람을 소환·조사할 수 없다.
013128,203628,항,27,"③ 특별검사는 그 직무를 수행하기 위하여 필요한 경우에는 대검찰청, 경찰청 등 관계 기관의 장에게 제2조 각 호의 사건과 관련된 사건의 수사기록 및 증거 등 자료의 제출과 수사 활동의 지원 등 수사협조를 요청할 수 있다."
013128,203628,항,28,"④ 특별검사는 그 직무를 수행하기 위하여 필요한 경우에는 대검찰청, 경찰청 등 관계 기관의 장에게 소속 공무원의 파견근무와 이에 관련된 지원을 요청할 수 있다. 다만, 파견검사의 수는 13명, 파견검사를 제외한 파견공무원의 수는 35명 이내로 한다."
013128,203628,항,29,⑤ 제3항 및 제4항의 요청을 받은 관계 기관의 장은 반드시 이에 응하여야 한다. 관계 기관의 장이 이에 불응할 경우 특별검사는 징계의결요구권자에게 관계 기관의 장에 대한 징계절차를 개시할 것을 요청할 수 있다.
013128,203628,항,30,"⑥ 「형사소송법」, 「검찰청법」, 「군사법원법」과 그 밖의 법령 중 검사와 군검사의 권한에 관한 규정은 이 법의 규정에 반하지 아니하는 한 특별검사의 경우에 준용한다."
013128,203628,조문,31,제7조(특별검사보와 특별수사관)
013128,203628,항,32,① 특별검사는 7년 이상 「법원조직법」 제42조제1항제1호의 직에 있던 변호사 중에서 6명의 특별검사보후보자를 선정하여 대통령에게 특별검사보로 임명할 것을 요청할 수 있다. 이 경우 대통령은 3일 이내에 그 후보자 중에서 3명을 특별검사보로 임명하여야 한다.
013128,203628,항,33,② 특별검사보는 특별검사의 지휘·감독에 따라 제2조 각 호의 사건과 관련된 수사 및 공소제기된 사건의 공소유지를 담당하고 특별수사관 및 관계 기관으로부터 파견 받은 공무원에 대한 지휘·감독을 한다.
013128,203628,항,34,③ 특별검사는 그 직무를 수행하기 위하여 필요한 경우에는 35명 이내의 특별수사관을 임명할 수 있다.
013128,203628,항,35,④ 특별수사관은 제2조 각 호의 사건 수사의 범위에서 사법경찰관의 직무를 수행한다.
013128,203628,항,36,"⑤ 특별검사보와 특별수사관의 결격사유에 관하여는 제4조를, 특별검사보의 권한에 관하여는 제6조제6항을 각각 준용한다."
013128,203628,항,37,"⑥ 특별검사는 수사완료 후 공소유지를 위한 경우에는 특별검사보, 특별수사관 등 특별검사의 업무를 보조하는 인원을 최소한의 범위로 유지하여야 한다."
013128,203628,조문,38,제8조(특별검사등의 의무)
013128,203628,항,39,"① 특별검사, 특별검사보 및 특별수사관(이하 ""특별검사등""이라 한다)과 제6조제4항에 따라 파견된 공무원 및 특별검사의 직무보조를 위하여 채용된 사람은 직무상 알게 된 비밀을 재직 중과 퇴직 후에 누설하여서는 아니 된다."
013128,203628,항,40,② 특별검사등과 제6조제4항에 따라 파견된 공무원 및 특별검사의 직무보조를 위하여 채용된 사람은 제9조제3항·제4항 및 제11조에 따른 경우를 제외하고는 수사내용을 공표하거나 누설하여서는 아니 된다.
013128,203628,항,41,③ 제6조제4항에 따라 파견된 공무원은 파견되어 직무를 수행하는 가운데 알게 된 정보를 소속 기관에 보고하여서는 아니 된다.
013128,203628,항,42,④ 특별검사등은 영리를 목적으로 하는 업무에 종사할 수 없고 다른 직무를 겸할 수 없다.
013128,203628,항,43,"⑤ 「형사소송법」, 「검찰청법」, 「군사법원법」과 그 밖의 법령 중 검사의 의무에 관한 규정은 이 법에 반하지 아니하는 한 특별검사와 특별검사보의 경우에 준용한다."
013128,203628,조문,44,제9조(수사기간 등)
013128,203628,항,45,"① 특별검사는 임명된 날부터 20일 동안 수사에 필요한 시설의 확보, 특별검사보의 임명요청 등 직무수행에 필요한 준비를 할 수 있다."
013128,203628,항,46,② 특별검사는 제1항에 따른 준비기간이 만료된 날의 다음 날부터 60일 이내에 제2조 각 호의 사건에 관한 수사를 완료하고 공소제기 여부를 결정하여야 한다.
013128,203628,항,47,"③ 특별검사는 제2항의 기간 이내에 수사를 완료하지 못하거나 공소제기 여부를 결정하기 어려운 경우에는 대통령에게 그 사유를 보고하고, 대통령의 승인을 받아 1회에 한정하여 수사기간을 30일 연장할 수 있다."
013128,203628,항,48,"④ 제3항에 따른 보고 및 승인요청은 수사기간 만료 3일 전에 하여야 하고, 대통령은 수사기간 만료 전에 승인 여부를 특별검사에게 통지하여야 한다."
013128,203628,항,49,"⑤ 특별검사는 수사기간 이내에 수사를 완료하지 못하거나 공소제기 여부를 결정하지 못한 경우 수사기간 만료일부터 3일 이내에 사건을 관할 지방검찰청 검사장에게 인계하여야 한다. 이 경우 비용지출 및 활동내역 등에 대한 보고에 관하여는 제17조를 준용하되, 그 보고기간의 기산일은 사건 인계일로 한다."
013128,203628,항,50,⑥ 제5항에 따라 사건을 인계받은 관할 지방검찰청 검사장은 신속하게 수사를 완료하여 공소제기 여부를 결정하고 공소제기된 사건의 공소유지를 담당한다. 이 경우 사건의 처리보고에 관하여는 제11조를 준용한다.
013128,203628,조문,51,제10조(재판기간 등)
013128,203628,항,52,"① 특별검사가 공소제기한 사건의 재판은 다른 재판에 우선하여 신속히 하여야 하고, 그 판결의 선고는 제1심에서는 공소제기일부터 3개월 이내에, 제2심 및 제3심에서는 전심의 판결 선고일부터 각각 2개월 이내에 하여야 한다."
013128,203628,항,53,"② 제1항의 경우 「형사소송법」 제361조, 제361조의3제1항·제3항, 제377조 및 제379조제1항·제4항의 기간은 각각 7일로 한다."
013128,203628,조문,54,제11조(사건의 처리보고) 특별검사는 제2조 각 호의 사건에 대하여 공소를 제기하지 아니하는 결정을 하였을 경우와 공소를 제기하였을 경우 및 해당 사건의 판결이 확정되었을 경우에는 각각 10일 이내에 이를 대통령과 국회에 서면으로 보고하여야 한다.
013128,203628,조문,55,제12조(사건의 대국민보고) 특별검사 또는 특별검사의 명을 받은 특별검사보는 제2조 각 호의 사건에 대하여 국민의 알권리 보장을 위하여 피의사실 외의 수사과정에 관한 언론브리핑을 실시할 수 있다.
013128,203628,조문,56,제13조(보수 등)
013128,203628,항,57,① 특별검사의 보수와 대우는 고등검사장의 예에 준한다.
013128,203628,항,58,② 특별검사보의 보수와 대우는 검사장의 예에 준한다.
013128,203628,항,59,③ 특별수사관의 보수와 대우는 3급부터 5급까지 상당의 별정직 국가공무원의 예에 준한다.
013128,203628,항,60,④ 정부는 예비비에서 특별검사의 퇴직 시까지 특별검사 등의 직무수행에 필요한 경비를 지급한다.
013128,203628,항,61,⑤ 특별검사는 특별검사 등의 직무수행에 필요한 사무실과 통신시설 등 장비의 제공을 국가 또는 공공기관에 요청할 수 있다. 이 경우 요청을 받은 기관은 정당한 사유가 없는 한 이에 따라야 한다.
013128,203628,조문,62,제14조(퇴직 등)
013128,203628,항,63,"① 특별검사는 정당한 사유가 없는 한 퇴직할 수 없고, 퇴직하고자 하는 경우에는 서면에 의하여야 한다."
013128,203628,항,64,"② 대통령은 특별검사가 사망하거나 제1항에 따라 사퇴서를 제출하는 경우에는 지체 없이 이를 국회에 통보하여야 하고, 제3조제2항부터 제4항까지에 따른 임명절차에 따라 후임 특별검사를 임명하여야 한다. 이 경우 후임 특별검사는 전임 특별검사의 직무를 승계한다."
013128,203628,항,65,"③ 제2항에 따라 후임 특별검사를 임명하는 경우 제9조의 수사기간 산정에 있어서는 전임·후임 특별검사의 수사기간을 합산하되, 특별검사가 사퇴서를 제출한 날부터 후임 특별검사가 임명되는 날까지의 기간은 수사기간에 산입하지 아니한다."
013128,203628,항,66,④ 특별검사등은 제11조에 따라 공소를 제기하지 아니하는 결정을 하거나 판결이 확정되어 보고서를 제출한 때에 당연히 퇴직한다.
013128,203628,조문,67,제15조(해임 등)
013128,203628,항,68,① 대통령은 다음 각 호의 어느 하나에 해당하는 경우를 제외하고는 특별검사 또는 특별검사보를 해임할 수 없다.
013128,203628,호,69,1. 제4조 각 호에 따른 결격사유가 발견된 경우
013128,203628,호,70,2. 직무수행이 현저히 곤란한 신체적·정신적 질환이 있다고 인정되는 경우
013128,203628,호,71,3. 특별검사가 직무수행을 위하여 또는 제7조제6항에 따라 필요하다고 인정하여 대통령에게 특별검사보의 해임을 요청하는 경우
013128,203628,호,72,4. 제8조제5항을 위반한 경우
013128,203628,항,73,"② 대통령은 특별검사를 해임한 경우에는 지체 없이 이를 국회에 통보하고 제3조제2항부터 제4항까지에 따른 임명절차에 따라 후임 특별검사를 임명하여야 한다. 이 경우 직무승계에 관하여는 제14조제2항 후단을, 수사기간의 산정에 관하여는 같은 조 제3항을 각각 준용한다."
013128,203628,항,74,③ 대통령은 특별검사보가 사망하거나 특별검사보를 해임한 경우에는 지체 없이 제7조제1항에 따라 후임 특별검사보를 임명하여야 한다.
013128,203628,항,75,④ 특별검사는 직무수행을 위하여 필요한 때에는 특별수사관을 해임하거나 파견공무원에 대하여 소속 기관의 장에게 교체를 요청할 수 있다.
013128,203628,조문,76,제16조(신분보장) 특별검사와 특별검사보는 탄핵 또는 금고 이상의 형을 선고받지 아니하고는 파면되지 아니한다.
013128,203628,조문,77,"제17조(회계보고 등) 특별검사는 공소를 제기하지 아니하는 결정을 하였을 경우와 공소를 제기한 사건의 판결이 확정되었을 경우에는 10일 이내에 비용지출 및 활동내역 등에 관한 사항을 대통령에게 서면으로 보고하고, 보관하고 있는 업무 관련 서류 등을 검찰총장에게 인계하여야 한다. 다만, 공소를 제기한 경우에는 그 공소제기일까지의 비용지출 및 활동내역 등에 관한 사항을 10일 이내에 대통령에게 서면으로 중간보고하여야 한다."
013128,203628,조문,78,제18조(재판관할) 제2조 각 호의 사건에 관한 제1심 재판은 서울중앙지방법원 합의부의 전속관할로 한다.
013128,203628,조문,79,제19조(이의신청)
013128,203628,항,80,"① 제2조 각 호의 사건의 수사대상이 된 사람 또는 그 배우자, 직계 존속·비속, 동거인, 변호인은 제6조제2항을 위반한 경우 등 특별검사의 직무범위 이탈에 대하여 서울고등법원에 이의신청을 할 수 있다."
013128,203628,항,81,"② 제1항에 따른 이의신청은 이유를 기재한 서면으로 하되, 특별검사를 경유하여야 한다."
013128,203628,항,82,③ 제2항에 따라 이의신청서를 접수한 특별검사는 다음 각 호의 구분에 따라 이를 처리한다.
013128,203628,호,83,"1. 신청이 이유 있는 것으로 인정한 때에는 신청내용에 따라 즉시 시정하고, 이를 서울고등법원과 이의신청인에게 서면으로 통지하여야 한다."
013128,203628,호,84,2. 신청이 이유 없는 것으로 인정한 때에는 신청서를 접수한 때부터 24시간 이내에 신청서에 의견서를 첨부하여 서울고등법원에 이를 송부하여야 한다.
013128,203628,항,85,④ 제3항제2호에 따라 송부된 신청서를 접수한 서울고등법원은 접수한 때부터 48시간 이내에 다음 각 호의 구분에 따라 이를 결정하여야 한다. 이 경우 법원은 필요한 때에는 수사기록의 열람 등 증거조사를 할 수 있다.
013128,203628,호,86,1. 신청이 이유 없는 것으로 인정한 때에는 신청을 기각한다.
013128,203628,호,87,2. 신청이 이유 있는 것으로 인정한 때에는 신청대상 조사내용이 특별검사의 직무범위를 이탈하였음을 인용한다.
013128,203628,항,88,⑤ 제4항제2호에 따른 인용결정이 있는 경우에는 특별검사는 해당 결정의 취지에 반하는 수사 활동을 하여서는 아니 된다.
013128,203628,항,89,⑥ 제4항의 결정에 대하여는 항고할 수 없다.
013128,203628,항,90,⑦ 제1항에 따른 이의신청에도 불구하고 특별검사의 수사활동은 정지되지 아니한다.
013128,203628,항,91,"⑧ 제1항에 따른 이의신청인은 이의신청과 동시에 또는 그와 별도로 이유를 소명한 서면으로 서울고등법원에 해당 처분 등의 효력이나 그 집행 또는 절차의 속행의 전부 또는 일부 정지를 신청할 수 있고, 법원은 지체 없이 이에 대하여 결정하여야 한다."
013128,203628,항,92,⑨ 서울고등법원이 제4항 또는 제8항의 결정을 한 때에는 이의신청인과 특별검사에게 서면으로 통지하여야 한다.
013128,203628,조문,93,제20조(벌칙) 위계 또는 위력으로 특별검사 등의 직무수행을 방해한 사람은 5년 이하의 징역에 처한다.
013128,203628,조문,94,제21조(벌칙)
013128,203628,항,95,"① 특별검사등이나 제6조제4항에 따라 파견된 공무원 또는 특별검사의 직무보조를 위하여 채용된 사람이 제8조제1항을 위반하여 직무상 알게 된 비밀을 누설한 때에는 3년 이하의 징역, 5년 이하의 자격정지 또는 3천만원 이하의 벌금에 처한다."
013128,203628,항,96,"② 특별검사등이나 제6조제4항에 따라 파견된 공무원 또는 특별검사의 직무보조를 위하여 채용된 사람이 제8조제2항을 위반하여 수사내용을 공표하거나 누설한 때에는 3년 이하의 징역, 5년 이하의 자격정지 또는 3천만원 이하의 벌금에 처한다."
013128,203628,항,97,"③ 제6조제4항에 따라 파견된 공무원이 제8조제3항을 위반하여 직무수행 중 알게 된 정보를 소속 기관에 보고한 때에는 3년 이하의 징역, 5년 이하의 자격정지 또는 3천만원 이하의 벌금에 처한다."
013128,203628,조문,98,제22조(벌칙 적용에서 공무원 의제) 특별검사등 및 특별검사의 직무보조를 위하여 채용된 사람은 「형법」이나 그 밖의 법률에 따른 벌칙의 적용에서는 공무원으로 본다.
