법령일련번호,MST,구분,문장번호,내용
001021,253967,조문,1,"제1조(목적) 이 법은 기부금품(寄附金品)의 모집절차 및 사용방법 등에 관하여 필요한 사항을 규정함으로써 성숙한 기부문화를 조성하고 건전한 기부금품 모집제도를 정착시키며, 모집된 기부금품이 적정하게 사용될 수 있게 함을 목적으로 한다."
001021,253967,조문,2,제2조(정의) 이 법에서 사용하는 용어의 뜻은 다음과 같다.
001021,253967,항,3,
001021,253967,호,4,"1. ""기부금품""이란 환영금품, 축하금품, 찬조금품(贊助金品) 등 명칭이 어떠하든 반대급부 없이 취득하는 금전이나 물품을 말한다. 다만, 다음 각 목의 어느 하나에 해당하는 것은 제외한다."
001021,253967,목,5,"가. 법인, 정당, 사회단체, 종친회(宗親會), 친목단체 등이 정관, 규약 또는 회칙 등에 따라 소속원으로부터 가입금, 일시금, 회비 또는 그 구성원의 공동이익을 위하여 모은 금품"
001021,253967,목,6,"나. 사찰, 교회, 향교, 그 밖의 종교단체가 그 고유활동에 필요한 경비에 충당하기 위하여 신도(信徒)로부터 모은 금품"
001021,253967,목,7,"다. 국가, 지방자치단체, 법인, 정당, 사회단체 또는 친목단체 등이 소속원이나 제3자에게 기부할 목적으로 그 소속원으로부터 모은 금품"
001021,253967,목,8,"라. 학교기성회(學校期成會), 후원회, 장학회 또는 동창회 등이 학교의 설립이나 유지 등에 필요한 경비에 충당하기 위하여 그 구성원으로부터 모은 금품"
001021,253967,호,9,"2. ""기부금품의 모집""이란 서신, 광고, 그 밖의 방법으로 기부금품의 출연(出捐)을 타인에게 의뢰ㆍ권유 또는 요구하는 행위를 말한다."
001021,253967,호,10,"3. ""모집자""란 제4조에 따라 기부금품의 모집을 등록한 자를 말한다."
001021,253967,호,11,"4. ""모집종사자""란 모집자로부터 지시ㆍ의뢰를 받아 기부금품의 모집에 종사하는 자를 말한다."
001021,253967,조문,12,"제3조(다른 법률과의 관계) 다음 각 호의 법률에 따른 기부금품의 모집에 대하여는 이 법을 적용하지 아니한다. <개정 2010.6.8, 2016.2.3, 2021.10.19>"
001021,253967,항,13,
001021,253967,호,14,1. 「정치자금법」
001021,253967,호,15,2. 「결핵예방법」
001021,253967,호,16,3. 「보훈기금법」
001021,253967,호,17,4. 「문화예술진흥법」
001021,253967,호,18,5. 「한국국제교류재단법」
001021,253967,호,19,6. 「사회복지공동모금회법」
001021,253967,호,20,7. 「재해구호법」
001021,253967,호,21,8. 「문화유산과 자연환경자산에 관한 국민신탁법」
001021,253967,호,22,9. 「식품등 기부 활성화에 관한 법률」
001021,253967,호,23,10. 「한국장학재단 설립 등에 관한 법률」
001021,253967,호,24,11. 「고향사랑 기부금에 관한 법률」
001021,253967,조문,25,제4조(기부금품의 모집등록)
001021,253967,항,26,"①1천만원 이상의 금액으로서 대통령령으로 정하는 금액 이상의 기부금품을 모집하려는 자는 다음의 사항을 적은 모집ㆍ사용계획서를 작성하여 대통령령으로 정하는 바에 따라 행정안전부장관 또는 특별시장ㆍ광역시장ㆍ도지사ㆍ특별자치도지사(이하 ""등록청""이라 한다)에게 등록하여야 한다. 모집ㆍ사용계획서의 내용을 변경하려는 경우에도 또한 같다. <개정 2008.2.29, 2013.3.23, 2014.11.19, 2017.7.26>"
001021,253967,호,27,"1. 모집자의 성명, 주소, 주민등록번호 및 연락처(모집자가 법인 또는 단체인 경우에는 그 명칭, 주된 사무소의 소재지와 대표자의 성명, 주소, 주민등록번호 및 연락처)"
001021,253967,호,28,"2. 모집목적, 모집금품의 종류와 모집목표액, 모집지역, 모집방법, 모집기간, 모집금품의 보관방법 등을 구체적으로 밝힌 모집계획. 이 경우 모집기간은 1년 이내로 하여야 한다."
001021,253967,호,29,"3. 모집비용의 예정액 명세와 조달방법, 모집금품의 사용방법 및 사용기한 등을 구체적으로 밝힌 모집금품 사용계획"
001021,253967,호,30,4. 모집사무소를 두는 경우에는 그 소재지
001021,253967,호,31,5. 그 밖에 대통령령으로 정하는 기부금품의 모집에 필요한 사항
001021,253967,항,32,②제1항에 따른 등록은 다음 각 호의 어느 하나에 해당하는 사업의 경우에만 할 수 있다. 이 경우 같은 사업을 위하여 둘 이상의 등록청에 등록하여서는 아니 된다.
001021,253967,호,33,1. 국제적으로 행하여지는 구제사업
001021,253967,호,34,2. 천재지변이나 그 밖에 이에 준하는 재난(「재난 및 안전 관리기본법」 제3조제1호가목에 따른 재해는 제외한다)의 구휼사업(救恤事業)
001021,253967,호,35,3. 불우이웃돕기 등 자선사업
001021,253967,호,36,4. 영리 또는 정치ㆍ종교 활동이 아닌 사업으로서 다음 각 목의 어느 하나에 해당하는 사업
001021,253967,목,37,"가. 교육, 문화, 예술, 과학 등의 진흥을 위한 사업"
001021,253967,목,38,나. 소비자 보호 등 건전한 경제활동에 관한 사업
001021,253967,목,39,다. 환경보전에 관한 사업
001021,253967,목,40,라. 사회적 약자의 권익 신장에 관한 사업
001021,253967,목,41,마. 보건ㆍ복지 증진을 위한 사업
001021,253967,목,42,"바. 남북통일, 평화구축 등 국제교류ㆍ협력에 관한 사업"
001021,253967,목,43,"사. 시민참여, 자원봉사 등 건전한 시민사회 구축에 관한 사업"
001021,253967,목,44,아. 그 밖에 공익을 목적으로 하는 사업으로서 대통령령으로 정하는 사업
001021,253967,항,45,③다음 각 호의 어느 하나에 해당하는 자는 제1항에 따른 등록을 할 수 없다.
001021,253967,호,46,"1. 미성년자, 금치산자 또는 한정치산자"
001021,253967,호,47,2. 파산선고를 받은 자로서 복권되지 아니한 자
001021,253967,호,48,3. 금고 이상의 실형을 선고받고 그 집행이 끝나거나(집행이 끝난 것으로 보는 경우를 포함한다) 그 집행을 받지 아니하기로 확정된 날부터 2년이 지나지 아니한 자
001021,253967,호,49,4. 집행유예를 선고받고 그 유예기간 중에 있는 자
001021,253967,호,50,5. 제10조제1항에 따라 등록말소가 된 후 1년이 지나지 아니한 자(법인이나 단체가 등록말소된 경우에는 등록말소사유가 발생한 당시의 대표자나 임원을 포함한다)
001021,253967,호,51,6. 대표자나 임원이 제1호부터 제5호까지의 어느 하나에 해당하는 법인이나 단체
001021,253967,항,52,④등록청은 제1항에 따른 등록신청을 받은 경우에는 모집ㆍ사용계획서의 내용이 제2항에 적합한지와 신청인이 제3항에 따라 등록을 할 수 없는 자가 아닌지를 확인한 후 신청인에게 등록증을 내주어야 한다.
001021,253967,항,53,"⑤특별시장ㆍ광역시장ㆍ도지사 또는 특별자치도지사는 제4항에 따라 등록증을 내준 경우에는 그 사실을 지체 없이 행정안전부장관에게 알려야 한다. <개정 2008.2.29, 2013.3.23, 2014.11.19, 2017.7.26>"
001021,253967,조문,54,제5조(국가 등 기부금품 모집ㆍ접수 제한 등)
001021,253967,항,55,"①국가나 지방자치단체 및 그 소속 기관ㆍ공무원과 국가 또는 지방자치단체에서 출자ㆍ출연하여 설립된 법인ㆍ단체는 기부금품을 모집할 수 없다. 다만, 대통령령으로 정하는 국가 또는 지방자치단체에서 출자ㆍ출연하여 설립된 법인ㆍ단체는 기부금품을 모집할 수 있다."
001021,253967,항,56,"②국가 또는 지방자치단체 및 그 소속 기관ㆍ공무원과 국가 또는 지방자치단체에서 출자ㆍ출연하여 설립된 법인ㆍ단체는 자발적으로 기탁하는 금품이라도 법령에 다른 규정이 있는 경우 외에는 이를 접수할 수 없다. 다만, 다음 각 호의 어느 하나에 해당하면 이를 접수할 수 있다. <개정 2023.8.16>"
001021,253967,호,57,1. 대통령령으로 정하는 바에 따라 사용용도와 목적을 지정하여 자발적으로 기탁하는 경우로서 제3항에 따른 기부심사위원회의 심의를 거친 경우
001021,253967,호,58,2. 모집자의 의뢰에 의하여 단순히 기부금품을 접수하여 모집자에게 전달하는 경우
001021,253967,호,59,3. 제1항 단서에 따른 대통령령으로 정하는 국가 또는 지방자치단체에서 출자ㆍ출연하여 설립한 법인ㆍ단체가 기부금품을 접수하는 경우
001021,253967,항,60,"③다음 각 호의 기관이나 지방자치단체의 장은 제2항에 따라 자발적으로 기탁하는 금품의 접수 여부를 심사하기 위하여 필요한 경우 기부심사위원회(이하 이 조에서 ""위원회""라 한다)를 구성ㆍ운영할 수 있다. <개정 2008.2.29, 2013.3.23, 2014.11.19, 2017.7.26, 2023.8.16>"
001021,253967,호,61,"1. 국회, 대법원, 헌법재판소 및 중앙선거관리위원회"
001021,253967,호,62,2. 행정안전부 및 대통령령으로 정하는 기관
001021,253967,항,63,④위원회의 위원에는 민간인 위원이 포함되어야 한다. <개정 2023.8.16>
001021,253967,항,64,⑤ 제3항 각 호의 기관이나 지방자치단체의 장은 위원회의 구성 목적을 달성하였다고 인정하는 경우에는 위원회를 해산할 수 있다. <신설 2023.8.16>
001021,253967,항,65,"⑥제3항부터 제5항까지에서 규정한 사항 외에 위원회의 구성ㆍ운영 등에 필요한 사항은 국회규칙, 대법원규칙, 헌법재판소규칙, 중앙선거관리위원회규칙, 대통령령 또는 그 지방자치단체의 조례로 정한다. <개정 2023.8.16>"
001021,253967,조문,66,제6조(기부금품 출연 강요의 금지 등)
001021,253967,항,67,①모집자나 모집종사자는 다른 사람에게 기부금품을 낼 것을 강요하여서는 아니 된다.
001021,253967,항,68,②모집종사자는 자신의 모집행위가 모집자를 위한 것임을 표시하여야 한다.
001021,253967,조문,69,제7조(기부금품의 접수장소 등)
001021,253967,항,70,"①기부금품은 국가기관, 지방자치단체, 언론기관, 금융기관, 그 밖의 공개된 장소에서 접수하여야 한다."
001021,253967,항,71,"②모집자나 모집종사자는 기부금품의 접수사실을 장부에 적고, 기부자에게 영수증을 내주어야 하며, 제14조제2항에 따라 기부금품의 모집 및 사용 결과가 공개되는 사실을 알려야 한다. 다만, 익명기부 등 기부자를 알 수 없는 경우에는 그러하지 아니하다. <개정 2010.6.8>"
001021,253967,항,72,③모집종사자는 기부금품의 모집을 중단하거나 끝낸 후 5일 이내에 모집자에게 접수명세와 접수금품을 인계하여야 한다.
001021,253967,조문,73,제8조(기부금품의 모집에 관한 정보의 공개) 등록청은 「공공기관의 정보공개에 관한 법률」 제7조에 따라 기부금품의 모집과 사용에 관한 정보를 공개하여야 한다.
001021,253967,조문,74,제9조(검사 등)
001021,253967,항,75,"①등록청은 기부금품의 모집 또는 접수행위가 이 법 또는 이 법에 따른 명령에 위반하는지를 확인하기 위하여 필요하다고 인정하면 모집자나 모집종사자에게 관계 서류, 장부, 그 밖의 사업보고서를 제출하게 하거나 소속 공무원에게 모집자의 사무소나 모금장소 등에 출입하여 장부 등을 검사하도록 할 수 있다. 다만, 모집자의 모집목표액이 대통령령으로 정하는 금액 이상인 경우에는 모집기간 중 1회 이상 검사하도록 하여야 한다. <개정 2010.6.8>"
001021,253967,항,76,②제1항에 따라 검사를 행하는 공무원은 그 권한을 표시하는 증표를 지니고 이를 관계인에게 내보여야 한다.
001021,253967,조문,77,제10조(등록의 말소 등)
001021,253967,항,78,"①등록청은 모집자나 모집종사자가 다음 각 호의 어느 하나에 해당하면 제4조제1항에 따른 등록을 말소할 수 있으며, 등록을 말소하면 모집된 금품을 기부자에게 반환할 것을 명령하여야 한다."
001021,253967,호,79,1. 모집자가 속임수나 그 밖의 부정한 방법으로 제4조제1항에 따른 등록을 한 경우
001021,253967,호,80,2. 제4조제2항 후단을 위반하여 같은 사업을 위한 기부금품의 모집을 둘 이상의 등록청에 등록한 경우
001021,253967,호,81,3. 모집자가 제4조제1항에 따른 모집ㆍ사용계획서와 달리 기부금품을 모집한 경우
001021,253967,호,82,"4. 모집자가 제4조제3항 각 호의 어느 하나의 결격사유에 해당하는 경우. 다만, 법인 또는 단체의 대표자 또는 임원 중 제4조제3항제6호에 해당하는 자가 있는 경우에는 해당 등록을 말소할 사유가 발생한 날부터 3개월 이내에 그 대표자나 임원을 개임(改任)한 경우에는 그러하지 아니하다."
001021,253967,호,83,5. 모집자나 모집종사자가 제6조제1항을 위반하여 기부금품을 낼 것을 강요한 경우
001021,253967,호,84,6. 모집자나 모집종사자가 제7조제1항을 위반하여 공개된 장소가 아닌 장소에서 기부금품을 접수한 경우
001021,253967,호,85,7. 모집자나 모집종사자가 제9조제1항에 따른 관계 서류 등의 제출명령을 따르지 아니하거나 관계 공무원의 출입ㆍ검사를 거부ㆍ기피 또는 방해한 경우
001021,253967,호,86,"8. 모집자가 제12조제1항을 위반하여 기부금품을 모집목적 외의 용도로 사용하거나, 승인을 받지 아니하고 기부금품을 모집목적과 유사한 용도로 사용한 경우"
001021,253967,호,87,9. 모집자나 모집종사자가 제14조제1항에 따른 장부ㆍ서류 등을 갖추어두지 아니한 경우
001021,253967,호,88,10. 모집자가 제14조제2항에 따른 공개의무를 이행하지 아니하거나 거짓으로 공개한 경우
001021,253967,항,89,②제1항에 따라 반환명령을 받은 모집자가 모집금품을 기부한 자를 알 수 없는 경우에는 대통령령으로 정하는 바에 따라 등록청의 승인을 받아 모집목적과 유사한 용도에 처분하여야 한다. 이 경우 등록청은 모집금품을 처분하려는 용도가 당초의 모집 목적과 같은 사업(제4조제2항의 구분에 따른 사업을 말한다)에 해당되면 승인을 하여야 한다.
001021,253967,조문,90,제11조(청문) 등록청은 제10조에 따라 모집자의 등록을 말소하려면 청문을 하여야 한다.
001021,253967,조문,91,제12조(기부금품의 사용)
001021,253967,항,92,"①모집된 기부금품은 제13조에 따라 모집비용에 충당하는 경우 외에는 모집목적 외의 용도로 사용할 수 없다. 다만, 다음 각 호의 어느 하나에 해당하면 대통령령으로 정하는 바에 따라 등록청의 승인을 받아 등록한 모집목적과 유사한 용도로 사용할 수 있다."
001021,253967,호,93,1. 기부금품의 모집목적을 달성할 수 없는 경우
001021,253967,호,94,2. 모집된 기부금품을 그 목적에 사용하고 남은 금액이 있는 경우
001021,253967,항,95,②등록청은 제1항 단서에 따라 모집금품을 사용하려는 용도가 당초의 모집목적과 같은 사업(제4조제2항의 구분에 따른 사업을 말한다)에 해당되면 승인을 하여야 한다.
001021,253967,조문,96,"제13조(모집비용 충당비율) 모집자는 모집된 기부금품의 규모에 따라 100분의 15 이내의 범위에서 대통령령으로 정하는 비율을 초과하지 아니하는 기부금품의 일부를 기부금품의 모집, 관리, 운영, 사용, 결과보고 등에 필요한 비용에 충당할 수 있다."
001021,253967,조문,97,제14조(공개의무와 회계감사 등)
001021,253967,항,98,①모집자와 모집종사자는 대통령령으로 정하는 바에 따라 기부금품의 모집상황과 사용명세를 나타내는 장부ㆍ서류 등을 작성하고 갖추어 두어야 한다.
001021,253967,항,99,"②모집자가 기부금품의 모집을 중단하거나 끝낸 때, 모집된 기부금품을 사용하거나 제12조제1항 단서에 따라 다른 목적에 사용한 때에는 대통령령으로 정하는 바에 따라 그 결과를 공개하여야 한다."
001021,253967,항,100,"③모집자가 기부금품의 사용을 끝낸 때에는 대통령령으로 정하는 바에 따라 모집상황과 사용명세 등에 대한 보고서에 「공인회계사법」 제7조에 따라 등록한 공인회계사나 「주식회사의 외부감사에 관한 법률」 제3조에 따른 감사인이 작성한 감사보고서를 첨부하여 등록청에 제출하여야 한다. 다만, 모집된 기부금품이 대통령령으로 정하는 금액 이하이면 감사보고서의 첨부를 생략할 수 있다."
001021,253967,항,101,"④특별시장ㆍ광역시장ㆍ도지사 또는 특별자치도지사는 제3항에 따른 보고서를 제출받은 경우에는 이를 행정안전부장관에게 통보하여야 한다. <개정 2008.2.29, 2013.3.23, 2014.11.19, 2017.7.26>"
001021,253967,조문,102,제15조(권한의 위임)
001021,253967,항,103,"①행정안전부장관은 이 법에 따른 권한의 일부를 대통령령으로 정하는 바에 따라 특별시장ㆍ광역시장ㆍ도지사 또는 특별자치도지사에게 위임할 수 있다. <개정 2008.2.29, 2013.3.23, 2014.11.19, 2017.7.26>"
001021,253967,항,104,"②제1항에 따라 권한을 위임받은 특별시장ㆍ광역시장 또는 도지사는 행정안전부장관의 승인을 받아 위임받은 권한의 일부를 해당 지방자치단체의 규칙으로 정하는 바에 따라 시장ㆍ군수 또는 구청장에게 재위임(再委任)할 수 있다. <개정 2008.2.29, 2013.3.23, 2014.11.19, 2017.7.26>"
001021,253967,조문,105,제16조(벌칙)
001021,253967,항,106,①다음 각 호의 어느 하나에 해당하는 자는 3년 이하의 징역이나 3천만원 이하의 벌금에 처한다. <개정 2010.6.8>
001021,253967,호,107,"1. 제4조제1항에 따른 등록을 하지 아니하였거나, 속임수나 그 밖의 부정한 방법으로 등록을 하고 기부금품을 모집한 자"
001021,253967,호,108,2. 제6조제1항을 위반하여 기부금품을 낼 것을 강요한 자
001021,253967,호,109,3. 제10조제1항에 따른 반환명령에 따르지 아니한 자
001021,253967,호,110,4. 제10조제2항에 따른 승인을 받지 아니하고 기부금품을 등록한 모집목적과 유사한 용도로 처분하거나 승인을 받은 내용과 달리 기부금품을 처분한 자
001021,253967,호,111,5. 제12조제1항을 위반하여 기부금품을 모집목적 외의 용도로 사용하거나 등록청의 승인을 받지 아니하고 기부금품을 등록한 모집목적과 유사한 용도로 사용한 자
001021,253967,호,112,6. 제13조에 따른 비율을 초과하여 모집금품을 모집비용에 충당한 자
001021,253967,호,113,6의2. 제14조제2항에 따른 공개의무를 이행하지 아니하거나 거짓으로 공개한 자
001021,253967,호,114,7. 제14조제3항에 따른 감사보고서와 모집상황이나 사용명세 등에 대한 보고서를 제출하지 아니한 자
001021,253967,항,115,②다음 각 호의 어느 하나에 해당하는 자는 1년 이하의 징역이나 1천만원 이하의 벌금에 처한다.
001021,253967,호,116,1. 제5조제1항을 위반하여 기부금품을 모집한 자
001021,253967,호,117,2. 제7조제2항에 따른 장부에 기부금품의 접수사실을 거짓으로 적은 자
001021,253967,호,118,3. 제14조제1항에 따른 장부나 서류 등을 갖추어 두지 아니한 자
001021,253967,호,119,4. 삭제 <2010.6.8>
001021,253967,조문,120,"제17조(양벌규정) 법인의 대표자나 법인 또는 개인의 대리인, 사용인, 그 밖의 종업원이 그 법인 또는 개인의 업무에 관하여 제16조의 위반행위를 하면 그 행위자를 벌하는 외에 그 법인 또는 개인에게도 해당 조문의 벌금형을 과(科)한다. 다만, 법인 또는 개인이 그 위반행위를 방지하기 위하여 해당 업무에 관하여 상당한 주의와 감독을 게을리하지 아니한 경우에는 그러하지 아니하다."
001021,253967,조문,121,제18조(과태료)
001021,253967,항,122,①다음 각 호의 어느 하나에 해당하는 자에게는 500만원 이하의 과태료를 부과한다.
001021,253967,호,123,1. 제6조제2항을 위반하여 모집행위가 모집자를 위한 것임을 표시하지 아니한 모집종사자
001021,253967,호,124,2. 제7조제1항을 위반하여 공개된 장소가 아닌 장소에서 기부금품을 접수한 자
001021,253967,호,125,3. 제9조제1항에 따른 관계 서류 등의 제출명령에 따르지 아니하거나 관계공무원의 출입ㆍ검사를 거부ㆍ기피 또는 방해한 자
001021,253967,항,126,②제1항에 따른 과태료는 대통령령으로 정하는 바에 따라 등록청이 부과ㆍ징수한다.
001021,253967,항,127,③ 삭제 <2009.4.1>
001021,253967,항,128,④ 삭제 <2009.4.1>
001021,253967,항,129,⑤ 삭제 <2009.4.1>
