법령일련번호,MST,구분,문장번호,내용
013617,252887,조문,1,제1조(목적) 이 법은 선박교통관제에 필요한 사항을 규정함으로써 선박교통의 안전 및 항만운영의 효율성을 높이고 해양환경을 보호하는 데 이바지함을 목적으로 한다.
013617,252887,조문,2,제2조(정의) 이 법에서 사용하는 용어의 정의는 다음과 같다.
013617,252887,항,3,
013617,252887,호,4,"1. ""선박교통관제""란 선박교통의 안전을 증진하고 해양환경과 해양시설을 보호하기 위하여 선박의 위치를 탐지하고 선박과 통신할 수 있는 설비를 설치ㆍ운영함으로써 선박의 동정을 관찰하며 선박에 대하여 안전에 관한 정보 및 항만의 효율적 운영에 필요한 항만운영정보를 제공하는 것을 말한다."
013617,252887,호,5,"2. ""선박교통관제구역""이란 선박교통관제를 시행하기 위하여 해양경찰청장이 해양수산부장관과 협의하여 고시하는 수역을 말한다."
013617,252887,호,6,"3. ""선박교통관제사""란 해양수산부령으로 정하는 자격을 갖추고 선박교통관제를 시행하는 사람을 말한다."
013617,252887,조문,7,제3조(적용범위) 이 법은 대한민국의 「영해 및 접속수역법」 제1조 및 제3조에 따른 영해 및 내수(해상항행선박이 항행을 계속할 수 없는 하천ㆍ호수ㆍ늪 등은 제외한다)에 있는 선박 중에서 제13조에 따른 관제대상선박에 대하여 적용한다.
013617,252887,조문,8,제4조(국가의 책무) 국가는 선박교통의 안전 및 효율성을 높이고 해양환경을 보호하기 위하여 선박교통관제에 필요한 시책을 마련하고 시행하여야 한다.
013617,252887,조문,9,제5조(선박소유자의 책무)
013617,252887,항,10,① 선박소유자는 국가의 선박교통관제에 관한 시책에 협력하여 자기가 소유ㆍ관리하거나 운영하는 선박이 선박교통관제에 따르도록 운항자에 대하여 다음 각 호의 사항을 포함하는 교육ㆍ훈련 등을 실시하고 제반 안전규정을 준수하여야 한다.
013617,252887,호,11,"1. 선박교통관제의 목적ㆍ용어, 통신절차 및 정보교환 방법"
013617,252887,호,12,2. 선박교통관제의 관련 규정 및 제반 준수사항
013617,252887,호,13,3. 국내 선박교통관제 운영 현황
013617,252887,호,14,4. 그 밖에 해양수산부령으로 정하는 사항
013617,252887,항,15,② 제1항에 따른 운항자에 대한 교육ㆍ훈련의 내용ㆍ방법 등 교육에 필요한 사항은 대통령령으로 정한다.
013617,252887,조문,16,제6조(국제 교류ㆍ협력의 증진) 해양경찰청장은 선박교통관제 관련 국제기구 및 외국의 정부ㆍ단체 등과 선박교통관제에 관한 정보교환 및 공동 조사ㆍ연구 등 국제 교류ㆍ협력의 증진을 위하여 관계 중앙행정기관의 의견을 들어 필요한 조치를 할 수 있다.
013617,252887,조문,17,제7조(다른 법률과의 관계) 선박교통관제에 관하여는 다른 법률에 특별한 규정이 있는 경우를 제외하고는 이 법에 따른다.
013617,252887,조문,18,제8조(선박교통관제 기본계획)
013617,252887,항,19,"① 해양경찰청장은 선박교통관제 기본계획(이하 ""기본계획""이라 한다)을 5년 단위로 수립하여야 한다."
013617,252887,항,20,② 기본계획은 「해사안전기본법」 제7조제1항에 따른 국가해사안전기본계획의 내용에 부합되어야 한다. <개정 2023.7.25>
013617,252887,항,21,③ 기본계획에는 다음 각 호의 사항이 포함되어야 한다.
013617,252887,호,22,1. 선박교통관제 정책의 기본방향 및 목표
013617,252887,호,23,2. 선박교통관제 운영에 관한 사항
013617,252887,호,24,3. 선박교통관제를 위한 시설의 구축 및 유지ㆍ관리에 관한 사항
013617,252887,호,25,4. 선박교통관제사의 교육ㆍ훈련에 관한 사항
013617,252887,호,26,5. 선박교통관제 관련 국제 협력에 관한 사항
013617,252887,호,27,6. 선박교통관제의 중장기 발전계획에 관한 사항
013617,252887,호,28,7. 그 밖에 선박교통관제에 관한 사항으로서 해양경찰청장이 필요하다고 인정하는 사항
013617,252887,항,29,④ 해양경찰청장은 기본계획을 수립하거나 변경하는 경우 관계 중앙행정기관의 장과 협의하여야 한다.
013617,252887,항,30,"⑤ 해양경찰청장은 기본계획의 수립을 위하여 필요한 경우 관계 중앙행정기관의 장, 「공공기관의 운영에 관한 법률」 제4조에 따른 공공기관의 장, 그 밖의 관계 기관에 자료의 제출, 의견의 진술 또는 그 밖에 필요한 협력을 요청할 수 있다."
013617,252887,항,31,⑥ 기본계획의 수립 절차ㆍ방법 등에 관한 사항은 대통령령으로 정한다.
013617,252887,조문,32,제9조(선박교통관제 시행계획)
013617,252887,항,33,"① 해양경찰청장은 기본계획을 시행하기 위하여 매년 선박교통관제 시행계획(이하 ""시행계획""이라 한다)을 수립하여야 한다."
013617,252887,항,34,"② 해양경찰청장은 시행계획의 수립을 위하여 필요한 경우 관계 중앙행정기관의 장, 「공공기관의 운영에 관한 법률」 제4조에 따른 공공기관의 장, 그 밖의 관계 기관에 자료의 제출, 의견의 진술 또는 그 밖에 필요한 협력을 요청할 수 있다."
013617,252887,항,35,③ 시행계획에 포함할 내용과 수립 절차ㆍ방법 등에 관한 사항은 대통령령으로 정한다.
013617,252887,조문,36,제10조(기본계획 및 시행계획의 국회제출 등)
013617,252887,항,37,① 해양경찰청장은 기본계획 및 시행계획을 수립하거나 변경한 때에는 관계 중앙행정기관의 장 및 특별시장ㆍ광역시장ㆍ도지사ㆍ특별자치도지사에게 통보하고 지체 없이 국회 소관 상임위원회에 제출하여야 한다.
013617,252887,항,38,② 해양경찰청장은 기본계획 및 시행계획을 수립하거나 변경한 때에는 대통령령으로 정하는 바에 따라 이를 공표하여야 한다.
013617,252887,조문,39,제11조(선박교통관제의 시행)
013617,252887,항,40,① 해양경찰청장은 선박교통의 안전을 도모하기 위하여 선박교통관제를 시행하여야 한다.
013617,252887,항,41,② 제1항에 따른 선박교통관제를 시행하기 위한 선박교통관제구역의 설정기준은 대통령령으로 정한다.
013617,252887,항,42,③ 해양경찰청장은 효율적인 선박교통관제의 시행을 위하여 선박교통관제관서를 설치 및 운영할 수 있다.
013617,252887,항,43,"④ 제3항에 따른 선박교통관제관서(이하 ""선박교통관제관서""라 한다)의 설치 및 운영에 필요한 사항은 해양수산부령으로 정한다."
013617,252887,조문,44,제12조(선박교통관제에 관한 규정)
013617,252887,항,45,① 해양경찰청장은 관할 선박교통관제구역에서 제13조에 따른 관제대상선박이 따라야 할 선박교통관제에 관한 규정을 대통령령으로 정하는 바에 따라 고시하여야 한다.
013617,252887,항,46,② 해양경찰청장이 제1항에 따라 선박교통관제에 관한 규정을 고시하는 경우 선박교통의 안전을 확보하기 위하여 관계 중앙행정기관의 의견을 들어야 한다.
013617,252887,조문,47,"제13조(관제대상선박) 선박교통관제를 실시하는 대상 선박(이하 ""관제대상선박""이라 한다)은 다음 각 호와 같다. <개정 2023.7.25>"
013617,252887,항,48,
013617,252887,호,49,1. 국제항해에 취항하는 선박
013617,252887,호,50,"2. 총톤수 300톤 이상의 선박(다만, 「어선법」 제2조제1호에 따른 어선 중 국내항 사이만을 항행하는 내항어선은 제외한다)"
013617,252887,호,51,3. 「해상교통안전법」 제2조제4호에 따른 위험화물운반선
013617,252887,호,52,4. 그 밖에 관할 선박교통관제구역에서 이동하는 선박의 특성 등에 따라 해양경찰청장이 고시하는 선박
013617,252887,조문,53,제14조(선장의 의무 등)
013617,252887,항,54,"① 관제대상선박의 선장은 선박교통관제에 따라야 한다. 다만, 선박교통관제에 따를 경우 선박을 안전하게 운항할 수 없는 명백한 사유가 있는 경우에는 선박교통관제에 따르지 아니할 수 있다."
013617,252887,항,55,② 관제대상선박의 선장은 선박교통관제사의 관제에도 불구하고 그 선박의 안전운항에 대한 책임을 면제받지 아니한다.
013617,252887,항,56,③ 관제대상선박의 선장은 선박교통관제구역을 출입하려는 때에는 해당 선박교통관제구역을 관할하는 선박교통관제관서에 신고하여야 한다.
013617,252887,항,57,"④ 관제대상선박의 선장은 선박교통관제구역을 출입ㆍ이동하는 경우 해양수산부령으로 정하는 무선설비와 관제통신 주파수를 갖추고 관제통신을 항상 청취ㆍ응답하여야 한다. 다만, 통신의 장애로 인하여 선박교통관제사와 지정된 주파수로 통화가 불가능할 때에는 휴대전화 등 다른 통신주파수를 이용하여 보고할 수 있다."
013617,252887,항,58,⑤ 선박교통관제구역 내에서 항행 중인 관제대상선박의 선장은 항로상의 장애물이나 해양사고 발생 등으로 선박교통의 안전을 해치거나 해칠 우려가 있다고 인지한 경우에는 지체 없이 이를 선박교통관제관서에 신고하여야 한다.
013617,252887,항,59,"⑥ 제1항부터 제5항까지에서 규정한 사항 외에 관제대상선박의 신고 절차, 관제구역별 관제통신의 제원(諸元) 등 필요한 사항은 대통령령으로 정한다."
013617,252887,조문,60,제15조(관제통신의 녹음)
013617,252887,항,61,① 선박교통관제관서와 대통령령으로 정하는 선박의 선장은 제14조제4항에 따른 관제통신을 녹음하여 보존하여야 한다.
013617,252887,항,62,② 제1항에서 규정한 사항 외에 관제통신 녹음방법 및 보존기간 등 필요한 사항은 대통령령으로 정한다.
013617,252887,조문,63,제16조(선박교통관제사의 자격 등)
013617,252887,항,64,① 관제업무는 선박교통관제사가 수행하여야 한다.
013617,252887,항,65,② 선박교통관제사는 해양수산부령으로 정하는 공무원 중에서 해양경찰청장이 시행하는 선박교통관제사 교육을 이수하고 평가를 통과한 사람으로 한다.
013617,252887,항,66,③ 선박교통관제사는 직무수행에 필요한 정기적인 교육 및 평가를 받아야 한다.
013617,252887,항,67,④ 제2항 및 제3항에 따른 선박교통관제사 교육 및 평가에 필요한 사항은 대통령령으로 정한다.
013617,252887,조문,68,제17조(전문교육기관의 지정 등)
013617,252887,항,69,"① 해양경찰청장은 선박교통관제사를 육성하기 위하여 해양수산부령으로 정하는 바에 따라 선박교통관제사 전문교육기관(이하 ""전문교육기관""이라 한다)을 지정할 수 있다."
013617,252887,항,70,② 전문교육기관의 장은 교육의 시행에 관한 세부적인 사항은 해양경찰청장과 협의 후 실시하여야 한다.
013617,252887,항,71,③ 해양경찰청장은 전문교육기관에 대하여 예산의 범위에서 필요한 경비의 전부 또는 일부를 지원할 수 있다.
013617,252887,항,72,④ 전문교육기관의 지정기준은 해양수산부령으로 정한다.
013617,252887,항,73,"⑤ 해양경찰청장은 제1항에 따라 전문교육기관으로 지정된 기관이 다음 각 호의 어느 하나에 해당하는 경우에는 그 지정을 취소할 수 있다. 다만, 제1호에 해당하는 경우에는 지정을 취소하여야 한다."
013617,252887,호,74,1. 거짓이나 그 밖의 부정한 방법으로 지정을 받은 경우
013617,252887,호,75,2. 제4항에 따른 지정기준을 충족하지 못하게 된 경우
013617,252887,호,76,3. 제4항에 따라 지정받은 내용과 다르게 교육ㆍ훈련을 실시한 경우
013617,252887,호,77,4. 거짓이나 그 밖의 부정한 방법으로 교육ㆍ훈련생의 교육ㆍ훈련과정 이수 처리를 한 경우
013617,252887,항,78,⑥ 해양경찰청장은 제5항에 따라 전문교육기관의 지정을 취소하는 경우에는 청문을 하여야 한다.
013617,252887,조문,79,제18조(선박교통관제사의 업무) 선박교통관제사는 다음 각 호의 업무를 수행한다. <개정 2023.7.25>
013617,252887,항,80,
013617,252887,호,81,"1. 선박교통관제구역에서 출입하거나 이동하는 선박에 대한 관찰확인, 안전정보의 제공 및 안전에 관한 조언ㆍ권고ㆍ지시"
013617,252887,호,82,2. 혼잡한 교통상황의 발생을 예방하기 위한 선박교통정보 및 기상청에서 발표한 기상특보 등의 제공
013617,252887,호,83,3. 「선박의 입항 및 출항 등에 관한 법률」 제2조제2호에 따른 무역항의 수상구역등에서 항만의 효율적 운영에 필요한 선박 출입신고ㆍ선석(船席)ㆍ정박지(碇泊地)ㆍ도선(導船)ㆍ예선(曳船) 정보 등 항만운영정보의 제공
013617,252887,호,84,4. 「선박의 입항 및 출항 등에 관한 법률」 제8조부터 제18조까지의 규정에 따른 무역항 질서 단속에 관한 정보의 제공
013617,252887,호,85,5. 「해상교통안전법」 제36조에 따른 선박 출항통제 관련 정보의 제공
013617,252887,호,86,6. 그 밖에 선박교통안전과 효율성 증진을 위하여 해양수산부령으로 정하는 업무
013617,252887,조문,87,"제19조(관제업무 절차) 선박교통관제사가 관제업무에 종사하는 경우에는 해양수산부령으로 정하는 절차에 따라 업무수행을 하여야 한다. 다만, 선박교통관제사가 선박이 명백한 사고위험에 처할 우려가 있다고 판단하는 경우에는 관제업무 절차를 따르지 아니할 수 있다."
013617,252887,조문,88,제20조(선박교통관제사의 권한)
013617,252887,항,89,"① 선박교통관제사는 선박교통관제구역 내 해상기상상태, 항로상태, 해상교통량 및 해양사고 등을 고려하여 선박의 안전 확보를 위하여 필요하다고 판단되는 경우 선박의 입항ㆍ출항 및 이동시간을 조정할 수 있다."
013617,252887,항,90,② 선박교통관제사는 선박교통관제구역에서 해양사고가 발생한 경우 즉시 경비함정 출동과 도선 또는 예선의 지원을 요청할 수 있다.
013617,252887,조문,91,제21조(관제시설의 설치ㆍ관리)
013617,252887,항,92,"① 해양경찰청장은 선박교통관제의 시행을 위하여 레이더, 초단파 무선전화, 선박자동식별장치 등 관제업무를 위한 시설(이하 ""관제시설""이라 한다)을 설치하여야 한다."
013617,252887,항,93,② 해양경찰청장은 관제시설의 관리를 위하여 관제시설의 수리 등에 필요한 시설ㆍ장비를 확보하고 이를 유지하여야 한다.
013617,252887,항,94,③ 제1항 및 제2항에 따른 관제시설의 설치 및 관리에 필요한 사항은 해양수산부령으로 정한다.
013617,252887,조문,95,제22조(관제시설의 기술기준)
013617,252887,항,96,① 관제시설은 「전파법」 제45조에 따른 기술기준에 적합하여야 한다.
013617,252887,항,97,② 해양경찰청장은 관제시설을 새로이 설치하거나 그 성능을 개량하려는 때에는 국제적으로 인정되는 규격과 기준에 따라야 한다.
013617,252887,항,98,③ 해양경찰청장은 관제시설의 기능 및 규격을 통일하기 위하여 그 기준을 해양수산부령으로 정한다.
013617,252887,조문,99,제23조(기술의 개발ㆍ지원) 해양경찰청장은 대통령령으로 정하는 바에 따라 관제시설의 기술개발을 추진하고 이에 필요한 지원을 할 수 있다.
013617,252887,조문,100,제24조(한국선박교통관제협회)
013617,252887,항,101,"① 선박교통관제에 대한 연구ㆍ개발 및 교육훈련 등 해양경찰청장 등의 행정기관이 위탁하는 업무의 수행을 위하여 한국선박교통관제협회(이하 ""관제협회""라 한다)를 설립할 수 있다."
013617,252887,항,102,② 관제협회는 법인으로 한다.
013617,252887,항,103,③ 관제협회는 다음 각 호에 해당하는 사업을 수행한다.
013617,252887,호,104,1. 선박교통관제사의 관제업무 수행을 위한 연구 활동
013617,252887,호,105,2. 선박교통관제사 교육훈련 및 평가에 관한 연구 및 사업수행
013617,252887,호,106,3. 관제시설의 발전과 기술향상에 관한 연구
013617,252887,호,107,4. 해양사고 예방 및 대책을 위한 조사 및 연구
013617,252887,호,108,5. 국내외 선박교통관제 관련 법규의 제정ㆍ개정에 관한 연구
013617,252887,호,109,"6. 선박교통관제 분야 국내외 유관기관 간 학술교류, 정보교환 및 상호협력 등에 관한 사항"
013617,252887,호,110,7. 그 밖에 선박교통관제분야의 발전을 위하여 대통령령으로 정하는 사업
013617,252887,항,111,④ 해양경찰청장은 필요하다고 인정하는 경우에는 관제협회가 제1항에 따른 사업을 원활하게 수행할 수 있도록 예산의 범위에서 관제협회에 재정지원을 할 수 있다.
013617,252887,항,112,⑤ 관제협회의 사업과 운영 등에 필요한 사항은 대통령령으로 정한다.
013617,252887,항,113,⑥ 관제협회에 관하여 이 법에서 규정한 사항을 제외하고는 「민법」 중 사단법인에 관한 규정을 준용한다.
013617,252887,조문,114,제25조(권한 등의 위임ㆍ위탁)
013617,252887,항,115,① 이 법에 따른 해양경찰청장의 권한은 대통령령으로 정하는 바에 따라 그 일부를 해양경찰청 소속 기관의 장에게 위임할 수 있다.
013617,252887,항,116,② 해양경찰청장은 이 법에 따른 업무의 일부를 대통령령으로 정하는 바에 따라 해양경찰청장이 정하여 고시하는 전문기관에 위탁할 수 있다.
013617,252887,조문,117,제26조(벌칙) 제14조제1항 본문에 따른 선박교통관제에 정당한 사유 없이 따르지 아니한 사람은 1년 이하의 징역 또는 1천만원 이하의 벌금에 처한다.
013617,252887,조문,118,제27조(과태료)
013617,252887,항,119,① 다음 각 호의 어느 하나에 해당하는 사람에게는 300만원 이하의 과태료를 부과한다.
013617,252887,호,120,1. 제14조제3항에 따른 신고를 하지 아니하거나 거짓으로 신고한 사람
013617,252887,호,121,2. 제14조제4항을 위반하여 무선설비를 갖추지 아니하거나 관제통신을 청취ㆍ응답하지 아니한 사람
013617,252887,호,122,3. 제14조제6항에 따른 관제대상선박의 신고 절차를 따르지 아니한 사람
013617,252887,호,123,4. 제15조제1항을 위반하여 관제통신을 녹음하여 보존하지 아니한 사람
013617,252887,항,124,② 제14조제5항에 따라 신고를 하지 아니하거나 거짓으로 신고한 사람에게는 200만원 이하의 과태료를 부과한다.
013617,252887,항,125,"③ 제1항 및 제2항에 따른 과태료는 대통령령으로 정하는 바에 따라 해양경찰청장, 지방해양경찰청장 또는 해양경찰서장이 부과ㆍ징수한다."
