법령일련번호,MST,구분,문장번호,내용
003055,203669,조문,1,제1절 총칙
003055,203669,조문,2,제1조 귀속재산처리법(以下 法이라 略稱한다) 제2조제1항 단서에 규정된 농경지라함은 지목의 여하에 불구하고 실제 건물의 대지로 되여 있는 것과 시가지계획에 의하여 대지로 인정된 것 및 기업체운영상 직접 필요한 것은 포함하지 아니한다.
003055,203669,조문,3,제2조 법 제2조제2항에 규정된 조합 기타라함은 법령에 의거하여 조직된 것을 말한다.
003055,203669,조문,4,제3조 법 제4조의 규정에 의하여 귀속재산중 국영 또는 공영으로 지정된 후 당해 재산에 관한 법령이 실시될 때까지의 관리는 그 재산에 대한 종전의 소관부장관 또는 관재청장이 법 제4장에 의하여 이를 관리한다.
003055,203669,조문,5,"제2절 국유, 국영, 공유 및 공영의 절차"
003055,203669,조문,6,"제4조 법 제5조제1항에 해당한 부동산, 동산 및 동조제2항에 규정된 공용 또는 공공용에 필요한 부동산, 동산은 관계 각부장관이 제의하여 국무회의의 의결로써 국무총리를 경유하여 대통령의 결재를 얻은 후 관재청장은 당해 재산의 재산목록을 작성하여 기획재정부장관 또는 지방장관에게 이관한 후 기획재정부장관 또는 지방장관은 이를 당해 기관에 이양하게 한다. <개정 1994.12.23, 2008.2.29>
		
		  법 제5조제2항 후단에 규정된 공인된 교화후생기관에서 공익사업에 공하기 위하여 필요한 부동산과 동산은 교화, 후생기관의 소관부장관이 제의하여 국무회의의 의결로써 국무총리를 경유하여 대통령의 결재를 얻어 관재청장은 그 재산의 재산목록을 작성하여 기획재정부장관 또는 지방장관에게 이관한 후 기획재정부장관 또는 지방장관은 이를 당해 교화, 후생기관에게 사용하게 한다. <개정 1994.12.23, 2008.2.29>"
003055,203669,조문,7,제5조 법 제6조의 규정에 의하여 국영 또는 공영으로 지시할 기업체는 당해 기업체의 소관부장관과 기획처장이 제의하여 국무회의의 의결로써 국무총리를 경유하여 대통령의 결재를 얻어 국무원에서 고시한다.
003055,203669,조문,8,제3절 매각과 청산의 절차
003055,203669,조문,9,"제6조 법 제8조제1항제1호 단서의 규정에 의하여 기업체의 재산을 분할하여 매각하고저 할 때에는 소관부장관은 관재청장의 동의를 얻어야 한다.
		
		관재청장은 법 제8조제1항제1호 단서의 규정에 의하여 기업체의 재산을 분할매각함이 적당하다고 인정할 때에는 소관부장관에게 그 분할하여 매각을 요청할 수 있다."
003055,203669,조문,10,"제7조 법 제9조제5호의 규정에 의하여 귀속재산매수에 관한 결격사실이 있는 자라함은 결격의 원인이 된 행위로서 귀속재산을 권리금을 받어 권리양도하거나 허가없이 전대하거나 또는 귀속재산에 손해를 주었거나 귀속재산관리운영에 현저한 지장을 주는 등 사유로 인하여 권한있는 관청의 판정 또는 처분 기타에 의하여 그 사실이 증명된 자를 말한다.
		
		  법 제9조에 규정된 매수인 결격사항은 본영에 의하여 당해 재산 매수계약이 체결될 때까지에 발생한 사유를 말한다. <개정 1950·5·27>
		
		  전항은 결격사항의 당해재산 매수계약을 체결한 날로부터 3년이내에 발견하지 못할 경우에는 그 결격을 주장하지 못한다. <개정 1950·5·27>"
003055,203669,조문,11,제8조 법 제12조에 규정된 귀속주택 또는 대지를 중심으로 20킬로미터이내의 지역이라함은 그 귀속주택 또는 대지를 중심으로 하여 지도상 20킬로미터이내의 지역을 말한다.
003055,203669,조문,12,제9조 귀속재산은 좌에 의하여 법 제15조에 규정된 우선 매수 자격자 또는 낙찰자에게 매각한다. <개정 1950·5·27>
003055,203669,항,13,
003055,203669,호,14,1. 법 제15조에 규정된 우선 매수 자격자와 귀속재산의 일반 원매자는 관재청장이 정하는 바에 의하여 당해 재산의 원매가격을 입찰하여야 한다.
003055,203669,호,15,"2. 개찰은 관재위원회위원, 언론계인등 입회하에 공개하여야 하며 개찰한 결과 최고액 입찰자가 법 제15조에 규정된 우선 매수 자격자가 아닌 경우에는 당해 입찰의 최고가격으로써 제10조에 규정된 우선 매수 자격자의 순위로 매각한다. 단, 당해 입찰의 최고가격이 정부 사정가격보다 저하할 때에는 정부 사정가격으로써 매각한다.
					
					  본호의 정부사정가격은 법 제18조의 규정에 의한 매각 당시의 시가로서 적어도 이개이상의 금융기관의 감정에 의하여 관재위원회의 심사결의를 경하여 관재청장이 이를 결정한다."
003055,203669,호,16,"3. 전호의 규정에 의하여 매각할 수 없을 경우에는 당해 최고액입찰자에게 매각한다. 단, 당해 최고액입찰자가 법에 의하여 결격자인 경우 또는 계약에 불응할 경우에는 제2 또는 제3의 고액입찰자에 한하여 당해 재산을 매각할 수 있다. 이 경우에 있어서도 그 매각가격은 최고액입찰가격이여야 한다."
003055,203669,호,17,4. 전제2호 규정으로 인하여 당해 최고입찰자가 매수인이 되지 못하고 우선권자가 매수계약체결후 3년이내에 법 제9조의 결격사항이 발생 또는 발견되였을 시에는 당해 최고입찰자에게 매각한다.
003055,203669,조문,18,제10조 법 제15조의 규정에 의하여 합법적이며 사상이 온건하고 운영능력이 있는 선량한 자로서 귀속재산을 우선적으로 매수할 수 있는 자의 순위는 좌와 같다.
003055,203669,항,19,
003055,203669,호,20,"1. 기업체, 주식 및 지분에 있어서는 임차인 및 관리인, 당해 기업체의 주주, 사원, 조합원 및 2년이상 계속 근무한 종업원, 농지개혁법 의하여 농지를 매수당한 자의 순위로 한다. 단, 주주, 사원, 조합원은 단기 4278년 8월 9일이전부터 당해 기업체의 주주, 사원, 조합원이여야 한다."
003055,203669,호,21,"2. 주택에 있어서는 임차인, 국가에 유공한 무주택자 및 그 유가족, 주택없는 빈곤한 근로자, 귀속주택이외의 주택을 구득하기 곤란한 자의 순위로 한다."
003055,203669,호,22,"3. 점포, 창고, 공대지 기타 주택이외의 부동산에 있어서는 임차인, 관리인의 순위로 한다."
003055,203669,호,23,"4. 동산에 있어서는 그 연고자로 한다.
					
					  전항제3호 규정의 점포라함은 단기 4278년 8월 9일이전에 상호등기를 하였거나 영업허가를 얻었거나 또는 당해 건물의 2분지1이상을 상용에 사용하는 것에 한한다.
					
					　제1항의 규정에 의한 기업체이외의 부동산을 공동하여 임차 또는 관리하는 자는 동등한 우선권을 가진다.
					
					　일동의 건물에 관하여 수인의 임차인이 있을 경우에는 당해 수인의 임차인에게 공동적으로 매각하여야 한다.
					
					　본조에서 임차인이라함은 임대차 계약을 하고 그 재산을 현실적으로 계약자 자신이 사용하는 자를 말한다."
003055,203669,조문,24,"제11조 전조의 규정에 의하여 귀속재산을 우선적으로 매수할 수 있는 자는 당해 재산의 입찰전일까지 관재청장에게 귀속재산 우선 매수원을 계출하여야 한다. <개정 1950·5·27>
		
		　제9조 의 규정에 의하여 매수자로 선정된 자는 3주일이내에 관재청장이 정하는 바에 의하여 매수계약을 체결하여야 한다.
		
		　전제1항 또는 제2항의 규정에 의하여 우선매수원을 계출하지 아니하거나 또는 매수계약을 체결하지 아니한 자는 그 권리를 상실한다. <개정 1950·5·27>"
003055,203669,조문,25,"제12조 관재청장은 매각할 재산 입찰일시와 장소,입찰방법 및 대금지불방법에 관하여 개찰 2주일전에 공고하여야 한다. <개정 1950·5·27, 1950·11·25>
		
		　전항의 입찰에 참가하는 자는 관재청장이 정하는 바에 의하여 상당한 보증금을 전약하여야 한다.
		
		　전항의 보증금은 낙찰자로서 법에 의하여 결격된 자의 매수계약에 불응한 자에 대하여서는 이를 반환하지 아니한다."
003055,203669,조문,26,제12조의2 관재청장 및 관재위원회는 귀속재산의 입찰에 관한 서류를 각각 작성하여 이를 보관하여야 한다.
003055,203669,조문,27,"제13조 제12조제1항 규정의 매각할 재산에는 계쟁중에 속하는 재산도 이를 포함한다. 단, 소송에 계속중인 재산은 예외로 한다.
		
		　제12조 제1항 규정의 매각할 재산의 매각순서는 관재위원회의 심사결의를 경하여 관재청장이 이를 정한다."
003055,203669,조문,28,"제14조 매각대금의 일시전액현금납부, 분납방법, 분납기한, 제1회 분납금액등은 기업체, 부동산, 주식 또는 지분등으로 구별한 일반규정으로써 정한다. <개정 1950·5·27>
		
		　전항의 일반규정은 관재위원회의 심사 결의를 경하여 관재청장이 정한다. <신설 1950·5·27>"
003055,203669,조문,29,"제15조 귀속재산의 매수자가 지정기일내에 매각대금 또는 그 분납금을 납부하지 아니하는 경우에는 그 미납금의 일할에 해당한 금액의 과태금을 징수한다.
		
		　전항의 과태금은 기납금중에서 충당하고 부족한 경우에는 이를 추징할 수 있다."
003055,203669,조문,30,"제16조 법 제8조제1항제4호 단서의 규정에 의하여 해산하여 그 재산을 분할 매각할 수 있는 법인 또는 조합 기타는 그 법인 또는 조합 기타의 주식 또는 지분중 3분지 2이상이 귀속되어 있는 것에 한하여 관재청장은 그 재산의 업무를 소관하는 각부장관(以下 各部長官이라 略稱한다)과의 합의를 얻어 이를 해산하여서 분할 매각할 수 있다. <개정 1950·5·27>
		
		　전항의 경우에 있어서 그 매수자의 선정은 법 제17조 규정의 예에 준한다."
003055,203669,조문,31,제17조 전조의 규정에 의하여 법인 또는 조합 기타가 해산되였을 때에는 관재청장은 지체없이 이를 공고하고 그 법인 또는 조합 기타의 본사 및 지사 또는 사무소 소재지에서 해산등기를 하여야 한다.
003055,203669,조문,32,제18조 제16조의 규정에 의하여 해산된 법인 또는 조합 기타의 청산을 수행하기 위하여 당해 법인 또는 조합 기타의 청산위원회(以下 委員會라 名稱한다)를 둔다.
003055,203669,조문,33,"제19조 위원회는 청산인 6인으로써 조직한다.
		
		  청산인은 관재청관계각부 및 한인주주중에서 각각 2인을 국무총리가 임명 또는 위촉한다."
003055,203669,조문,34,"제20조 위원장은 관재청장으로 한다.
		
		  위원장은 위원회를 대표하며 회무를 통리한다.
		
		  위원장이 사고가 있을 때에는 위원장이 지정한 청산인이 그 직무를 대행한다."
003055,203669,조문,35,제21조 위원회는 좌의 사항을 심의의결한다.
003055,203669,항,36,
003055,203669,호,37,1. 예산 및 결산에 관한 사항
003055,203669,호,38,2. 융자금상환에 관한 사항
003055,203669,호,39,3. 소청에 관한 사항
003055,203669,호,40,4. 재산의 환가처분에 관한 사항
003055,203669,호,41,5. 미청산계정의 정리에 관한 사항
003055,203669,호,42,6. 잔여재산의 처리 기타 중요한 사항
003055,203669,조문,43,"제22조 위원회는 위원장이 이를 소집하며 위원장이 그 의장이 된다.
		
		위원장은 회의의 일시, 장소 및 회의사항을 정하여 개회 3일전에 각 청산인에게 통지하여야 한다. 단, 긴급을 요할 경우에는 예외로 한다.
		
		  위원회는 청산인 과반수의 출석으로 개의하고 출석청산인의 과반수로써 의결한다.
		
		  위원장은 의결권을 가지며 가부동수인 경우에는 결정권을 가진다."
003055,203669,조문,44,제23조 위원장은 회의록을 조제하여 회의의 전말 및 출석 청산인의 성명을 기재하고 날인을 얻어야 한다.
003055,203669,조문,45,제24조 위원장은 지체없이 해산된 법인 또는 조합 기타의 재산의 현황을 조사하며 재산목록 및 대차대조표를 작성하여 국무총리의 승인을 얻어 공고하여야 한다.
003055,203669,조문,46,제25조 해산된 법인 또는 조합 기타의 채무반제는 위원회에서 정하는 방법에 의하여 행한다.
003055,203669,조문,47,제26조 해산된 법인 또는 조합 기타의 잔여재산의 처분은 국무총리의 승인을 얻어야 한다.
003055,203669,조문,48,제27조 청산사무가 완료된 때에는 위원회는 지체없이 결산보고서를 작성하여 국무총리의 승인을 얻어야 한다.
003055,203669,조문,49,제28조 위원회는 청산완료와 동시에 해산된다.
003055,203669,조문,50,제29조 본회에 규정된 이외의 청산에 관한 사무는 관재청장이 이를 처리한다.
003055,203669,조문,51,"제29조의2 귀속재산중 법 제24조의 규정에 의하여 임대하지 아니한 기업체에 대하여는 공동관리인을 선임한다.
		
		　각부장관이 본영 공포일 현재에 단독관리인을 임명하고 있는 귀속기업체에 대하여 전항의 규정에 의한 공동관리인을 선임하는 경우에는 공동관리인의 반수이상을 농림축산식품부장관의 추천에 의한 농지개혁법에 의하여 농지를 매수당한 자중에서 우선적으로 이를 선임하여야 한다. <개정 2008.2.29, 2013.3.23>
		
		　각부장관은 본영 공포일 현재에 공동관리인을 선임하여 이사제를 실시하고 있는 귀속기업체에 대하여는 결원전원을 농림축산식품부장관의 추천에 의한 농지개혁법에 의하여 농지를 매수당한 자중에서 공동관리인을 선임 보충하여야 한다. <개정 2008.2.29, 2013.3.23>
		
		　제1항 내지 제3항의 규정에 의한 공동관리인 선임은 본영 공포일로부터 6월이내에 이를 완료하여야 한다.
		
		　본조의 규정에 의하여 공동관리인이 되려고 하는 농지개혁법에 의하여 농지를 매수당한 자는 본영 공포일로부터 5월이내에 농림축산식품부장관의 정하는 바에 의하여 농림축산식품부에 신청서를 제출하여야 한다. <개정 2008.2.29, 2008.12.31, 2013.3.23>
		
		　전항의 규정에 의하여 신청을 하지 아니한 자에 대하여는 공동관리인으로 추천할 수 없다.
		
		　각부장관은 귀속기업체의 관리인 또는 임차인을 변경할 경우에는 농림축산식품부장관의 추천에 의한 농지개혁법에 의하여 농지를 매수당한 자중에서 우선적으로 이를 선임하여야 한다. <개정 2008.2.29, 2013.3.23>"
003055,203669,조문,52,제29조의3 농지개혁법에 의하여 농지를 매수당한 자가 단독으로 또는 공동으로 귀속기업체를 매수할 경우에는 당해 귀속재산대금전액의 9할이상을 지가증권으로써 납부하여야 하며 농지개혁법에 의하여 농지를 매수당한 자가 아닌 자와 공동으로 귀속기업체를 매수할 경우에는 당해 귀속재산대금전액의 5할이상을 지가증권으로써 납부하여야 한다.
003055,203669,조문,53,제4절 관리의 절차
003055,203669,조문,54,제30조 법 제16조의 규정에 의하여 매각함이 불가능 또는 부적당하다고 인정될 경우에는 종전의 선량한 임차인 또는 점유자에게 계속하여 임대한다.
003055,203669,조문,55,제31조 본영 시행전에 외국인에게 임대한 귀속재산은 선량한 외국인에 한하여 별도 조치가 있을 때까지 계속하여 임대한다. <개정 1950·5·27>
003055,203669,조문,56,"제32조 각부장관은 법 제30조의 규정에 의하여 공동관리인을 선정하여 이사제를 실시할 경우에는 이사중 1인을 이사장, 약간인을 상무이사로 할 수 있다.
		
		　필요에 의하여 이사중에서 부이사장을 둘 수 있다.
		
		　각부장관은 전2항의 규정에 의하여 이사장 및 상무이사 또는 부이사장을 임명하였을 때에는 관재청장에게 통고하여야 한다.
		
		　이사장은 기업체의 업무를 통할하고 기업체를 대표하며 상무이사는 이사장을 보좌하여 담당업무를 처리한다.
		
		　부이사장은 이사장을 보좌하며 이사장의 사고가 있을 때에는 그 직무를 대행한다."
003055,203669,조문,57,"제33조 이사는 이사회를 구성하며 이사회는 매월 1회이상 소집하여야 한다.
		
		　이사장은 이사회의 규정을 제정하여 각부장관의 승인을 얻어야 하며 이를 변경할 때에 있어서도 또한 같다.
		
		　이사장은 이사회의 기록을 조제하여 지체없이 각부장관에게 보고하여야 한다."
003055,203669,조문,58,제34조 좌의 사항은 이사회에서 의결하여야 한다.
003055,203669,항,59,
003055,203669,호,60,1. 규칙의 제정 및 개폐에 관한 사항
003055,203669,호,61,2. 소송에 관한 사항
003055,203669,호,62,"3. 사업계획서, 사업실천보고서, 수지예산서, 결산보고서 및 기타 중요한 승인 또는 보고사항"
003055,203669,호,63,4. 주임급이상의 임면에 관한 사항
003055,203669,호,64,5. 기타 주요한 사항
003055,203669,조문,65,"제35조 각부장관은 이사제를 실시하는 기업체에는 필요에 의하여 이사이외에 3인이내의 감사를 둘 수 있다.
		
		  각부장관 전항의 규정에 의하여 감사를 임명하였을 때에는 관재청장에게 통고하여야 한다.
		
		  감사의 직무는 좌와 여하다.
		
		  1. 기업체의 재산감사
		
		  2. 이사의 업무집행의 감사
		
		  3. 이사회에 출석하여 의견의 진술
		
		  4. 각부장관에 대한 1년 4회의 정기 감사보고서 및 돌발사건에 관한 임시 감사보고서 제출"
003055,203669,조문,66,제36조 각부장관은 법 제31조의 규정에 의하여 임차인 또는 관리인을 임명하였을 때에는 관재청장에게 통고하여야 한다.
003055,203669,조문,67,"제37조 법 제31조의 규정에 의한 기업체, 주식 및 지분이외의 귀속재산의 임차인 또는 관리인의 선정은 관재청장이 심사결정한 후 각부장관에게 이를 통고하여야 한다."
003055,203669,조문,68,"제38조 법 제31조의 규정에 의하여 임명된 관리인은 매년 2기로 분하여 기별사업계획서 및 수지예산서를 기초 2월전에 각부장관에게 제출하여 승인을 얻어야 한다.
		
		　전항의 사업계획서 및 수지예산서를 변경할 때에는 즉시로 승인을 얻어야 한다.
		
		　각부장관이 전2항의 승인을 할 때에는 관재청장과 협의를 하여야 한다."
003055,203669,조문,69,"제39조 법 제31조에 따라 임명된 관리인은 다음 각 호의 사항에 관하여 각 부 장관의 사전승인을 받아야 한다. 다만, 제38조에 따라 승인을 받은 사항은 제외한다. <개정 2018.6.5>"
003055,203669,항,70,
003055,203669,호,71,"1. 토지, 건물, 기계설비의 구입, 이전, 전대, 양도 또는 수리"
003055,203669,호,72,2. 원료의 처분
003055,203669,호,73,"3. 기부금, 교제비 또는 상여금의 지출"
003055,203669,호,74,4. 자금의 차입
003055,203669,호,75,"5. 사무의 변경
					
					　전항제1호 및 제5호의 규정은 임차인에게도 이를 적용한다.
					
					　각부장관이 전제1항 또는 제2항의 승인을 할 때에는 관재청장과 협의를 하여야 한다."
003055,203669,조문,76,"제40조 법 제31조의 규정에 의하여 임명된 관리인은 매년 2기로 분하여 기별실천보고서 및 결산보고서를 또 매3월마다 대차대조표 및 손익계산서를 각부장관에게 제출하여야 한다.
		
		　각부장관은 전항의 보고를 받은 때에는 이를 관재청장에게 통고하여야 한다."
003055,203669,조문,77,"제41조 관재청장은 귀속사업체의 회계를 감사할 수 있다.
		
		　각부장관은 귀속사업체의 회계감사가 필요할 때에는 관재청장에게 이를 의뢰할 수 있다."
003055,203669,조문,78,제42조 전4조의 규정은 주식 또는 지분이 귀속된 법인 또는 조합 기타에 있어서도 이를 준용한다.
003055,203669,조문,79,"제43조 각부장관 및 관재청장은 귀속재산을 국유, 공유, 국영 또는 공영으로 지정하거나 임대, 매각 또는 관리운영하기 위하여 필요한 경우에는 당해 공무원으로 하여금 귀속재산소재지 또는 사무소에 임검하여 서류, 장부 기타 물건을 조사하거나 질문을 할 수 있다.
		
		　전항의 경우에 있어서 당해 공무원은 그 신분을 증명하는 증표를 휴대하여야 한다."
003055,203669,조문,80,제44조 법 제35조의 규정에 의하여 귀속재산의 반환의 명을 받은 자가 그 반환을 거부할 경우에는 관재청장은 각부장관의 회의를 얻어 그 재산의 명도 또는 인도를 경찰기관에 의뢰할 수 있다.
003055,203669,조문,81,"제45조 관재청장은 매각계약 또는 임대차계약을 체결 또는 해제한 때와 매각계약 또는 임대차계약을 포기한 자가 있을 때에는 각부장관에게 통고하여야 한다.
		
		　전항의 매매계약 또는 임대차계약의 해제은 관재위원회의 심사결의를 경하여야 한다. <신설 1950·5·27>"
003055,203669,조문,82,"제46조 각부장관 및 관재청장은 그 권한의 일부를 서울특별시장, 각도지사 또는 서울특별시나 각도의 관재국장에게 위임할 수 있다."
003055,203669,조문,83,제46조의2 귀속재산처리에 관하여 중요한 사항은 국무총리를 경하여 대통령의 결재를 얻어야 한다.
003055,203669,조문,84,제5절 삭제 <1961·7·12>
003055,203669,조문,85,제47조 삭제 <1961·7·12>
003055,203669,조문,86,제48조 삭제 <1961·7·12>
003055,203669,조문,87,제49조 삭제 <1961·7·12>
003055,203669,조문,88,제50조 삭제 <1961·7·12>
003055,203669,조문,89,제51조 삭제 <1961·7·12>
003055,203669,조문,90,제52조 삭제 <1961·7·12>
003055,203669,조문,91,제53조 삭제 <1961·7·12>
003055,203669,조문,92,제54조 삭제 <1961·7·12>
003055,203669,조문,93,제55조 삭제 <1961·7·12>
003055,203669,조문,94,제56조 삭제 <1961·7·12>
003055,203669,조문,95,제6절 벌칙
003055,203669,조문,96,"제57조 제33조제2항, 제38조 또는 제39조의 규정에 위반하여 승인을 얻지 아니한 자에 대하여서는 3만원이상 8만원이하의 벌금에 처한다."
003055,203669,조문,97,"제58조 제33조제3항, 제35조제3항제4호 또는 제40조제1항의 규정에 위반하여 소정의 보고서, 대차대조표 또는 손익계산서를 제출하지 아니하거나 또는 허위의 보고를 한 자에 대하여서는 2만원이상 5만원이하의 벌금에 처한다."
003055,203669,조문,98,제59조 좌의 각호의 1에 해당한 자에 대하여서는 6월이하의 징역 또는 5만원이상 10만원이하의 벌금에 처한다.
003055,203669,항,99,
003055,203669,호,100,"1. 제41조 또는 제43조의 규정에 의한 당해 공무원의 감사, 임검, 조사 또는 질문을 기피, 거부 또는 방해하거나 허위의 진술을 한 자"
003055,203669,호,101,"2. 제44조의 규정에 위반하여 귀속재산의 반환을 거부, 방해 또는 기피한 자"
