법령일련번호,MST,구분,문장번호,내용
014091,232629,조문,1,제1장 총칙
014091,232629,조문,2,"제1조(목적) 이 법은 「재난 및 안전관리 기본법」 제34조의8에 따라  재난관리책임기관ㆍ긴급구조기관 및 긴급구조지원기관이 공동으로 사용하는 재난안전통신망의 구축, 운영 및 사용 등에 관한 사항을 정함으로써 신속하고 정확한 의사소통을 지원하고 재난의 예방ㆍ대비ㆍ대응ㆍ복구와 안전관리가 효과적ㆍ체계적으로 이루어지도록 하는 것을 목적으로 한다."
014091,232629,조문,3,제2조(정의)
014091,232629,항,4,① 이 법에서 사용하는 용어의 뜻은 다음과 같다.
014091,232629,호,5,"1. ""재난안전통신""이란 「재난 및 안전관리 기본법」(이하 ""기본법""이라 한다) 제3조제3호에 따른 재난관리 및 같은 조 제4호에 따른 안전관리(이하 ""재난안전관리""라 한다)에 사용하기 위하여 유선ㆍ무선ㆍ광선이나 그 밖의 전자적 방식으로 모든 종류의 부호ㆍ문언(文言)ㆍ음향 또는 영상을 송신하거나 수신하는 것을 말한다."
014091,232629,호,6,"2. ""재난안전통신설비""란 재난안전통신을 하기 위한 기계ㆍ기구ㆍ선로(線路)와 그 밖에 재난안전통신에 관련된 설비를 말한다."
014091,232629,호,7,"3. ""재난안전 관련기관""이란 기본법 제3조제5호에 따른 재난관리책임기관, 같은 조 제7호에 따른 긴급구조기관 및 같은 조 제8호에 따른 긴급구조지원기관을 말한다."
014091,232629,호,8,"4. ""재난안전통신망""이란 기본법 제3조제11호에 따른 재난안전통신망을 말한다."
014091,232629,항,9,② 제1항에서 정한 사항 외에 이 법에서 사용하는 용어의 뜻은 기본법에서 정하는 바에 따른다.
014091,232629,조문,10,제3조(다른 법률과의 관계)
014091,232629,항,11,"① 재난안전통신망의 구축 및 운영 등에 관하여 이 법에서 정한 사항이 「전기통신사업법」, 「전파법」 등 다른 법률과 다른 경우에는 이 법에서 정하는 바에 따른다."
014091,232629,항,12,② 재난안전통신망의 구축 및 운영 등에 관하여 이 법에서 규정한 것을 제외하고는 「전기통신사업법」 및 「전파법」을 준용한다.
014091,232629,조문,13,제2장 재난안전통신망의 구축 및 운영에 관한 기본계획 등
014091,232629,조문,14,제4조(재난안전통신망의 구축 및 운영에 관한 기본계획)
014091,232629,항,15,"① 행정안전부장관은 재난안전통신망을 효과적ㆍ체계적으로 구축 및 운영하기 위하여 5년마다 재난안전통신망의 구축 및 운영에 관한 기본계획(이하 ""기본계획""이라 한다)을 수립하여야 한다."
014091,232629,항,16,② 기본계획에는 다음 각 호의 사항이 포함되어야 한다.
014091,232629,호,17,1. 재난안전통신망 정책의 기본방향 및 목표
014091,232629,호,18,2. 재난안전통신망 구축 및 고도화
014091,232629,호,19,3. 재난안전통신망의 운영 및 이용
014091,232629,호,20,4. 재난안전통신망의 통화권 확대
014091,232629,호,21,5. 재난안전통신망의 보호 및 안전성 확보
014091,232629,호,22,6. 재난안전통신 관련 기술ㆍ서비스의 개발
014091,232629,호,23,7. 재난안전통신 관련 기술ㆍ서비스의 국외 진출 및 국제협력
014091,232629,호,24,8. 그 밖에 재난안전통신망의 구축 및 운영에 필요한 사항
014091,232629,항,25,③ 행정안전부장관은 기본계획을 수립하려면 다음 각 호의 재난안전 관련기관의 장과 미리 협의하여야 한다.
014091,232629,호,26,1. 과학기술정보통신부장관
014091,232629,호,27,2. 경찰청장
014091,232629,호,28,3. 소방청장
014091,232629,호,29,4. 해양경찰청장
014091,232629,호,30,5. 그 밖에 대통령령으로 정하는 재난안전 관련기관의 장
014091,232629,항,31,"④ 행정안전부장관은 기본계획을 수립하거나 변경하려는 경우에는 기본법 제9조에 따른 중앙안전관리위원회의 심의를 거쳐야 한다. 다만, 대통령령으로 정하는 경미한 사항을 변경하려는 경우에는 그러하지 아니하다."
014091,232629,항,32,⑤ 제1항부터 제4항까지에서 규정한 사항 외에 기본계획의 수립 등에 필요한 사항은 대통령령으로 정한다.
014091,232629,조문,33,제5조(재난안전통신망의 구축 및 운영에 관한 시행계획)
014091,232629,항,34,① 행정안전부장관은 기본계획을 시행하기 위한 시행계획을 매년 수립ㆍ시행하여야 한다.
014091,232629,항,35,② 제1항에 따른 시행계획에는 다음 각 호의 사항이 포함되어야 한다.
014091,232629,호,36,1. 기본계획의 해당 연도 시행을 위한 세부 실행계획
014091,232629,호,37,2. 재난안전통신망의 이용ㆍ보급 확대를 위한 장비 및 시설의 도입ㆍ교체 등에 관한 단계별 추진 계획
014091,232629,호,38,3. 그 밖에 재난안전통신망의 구축 및 운영에 필요한 세부 추진 사항
014091,232629,조문,39,제6조(재난안전 관련기관의 재난안전통신망 활용계획)
014091,232629,항,40,① 재난안전 관련기관으로서 대통령령으로 정하는 기관의 장은 매년 재난안전통신망을 효과적으로 사용하기 위한 기관별 활용계획을 수립ㆍ시행하여야 한다.
014091,232629,항,41,② 제1항에 따른 활용계획에는 다음 각 호의 사항이 포함되어야 한다.
014091,232629,호,42,1. 재난안전통신망 활용을 위한 단말기 등의 신규 도입ㆍ교체
014091,232629,호,43,2. 재난안전통신망을 활용한 기관별 재난대응절차의 수립 및 보완
014091,232629,호,44,3. 재난안전통신망과 재난안전 관련기관의 정보시스템과의 연계 및 정보의 공동이용
014091,232629,호,45,4. 재난안전통신망 사용자 교육ㆍ훈련
014091,232629,호,46,5. 재난안전통신설비의 공동사용 및 관리
014091,232629,호,47,6. 재난안전통신망 통화권 확대
014091,232629,호,48,7. 그 밖에 재난안전통신망 사용에 필요한 사항
014091,232629,항,49,③ 제1항에 따라 재난안전통신망 활용계획을 수립하는 기관의 장은 제1항에 따른 활용계획을 수립하기 전에 미리 행정안전부장관과 협의하여야 한다.
014091,232629,조문,50,제3장 재난안전통신망의 구축 및 운영
014091,232629,조문,51,제7조(재난안전통신망의 구축 등)
014091,232629,항,52,① 행정안전부장관은 체계적인 재난안전관리를 위하여 재난안전통신망을 구축하여야 한다.
014091,232629,항,53,② 행정안전부장관은 무선통신기술의 발전과 재난안전통신과 관련된 국제 표준의 변화 등을 고려하여 재난안전통신망을 지속적으로 고도화하여야 한다.
014091,232629,항,54,③ 행정안전부장관은 재난안전통신망의 구축을 위하여 필요하다고 인정하는 경우에는 다른 행정기관 및 공공기관의 장에게 해당 기관이 운영하는 정보통신망 또는 정보통신설비 등과의 연계를 요청할 수 있다. 이 경우 요청을 받은 행정기관 및 공공기관의 장은 특별한 사유가 없으면 이에 응하여야 한다.
014091,232629,조문,55,제8조(재난안전통신망의 운영ㆍ관리)
014091,232629,항,56,"① 행정안전부장관은 재난안전통신망의 운영ㆍ관리에 관한 사항을 관장하고, 재난안전통신망의 운영ㆍ관리를 위하여 필요한 인력, 시설, 장비 등을 갖추어야 한다."
014091,232629,항,57,② 재난안전 관련기관의 장은 재난안전통신망의 효율적인 운영ㆍ관리를 위한 행정안전부장관의 요청 등에 적극 응하여야 한다.
014091,232629,항,58,"③ 재난안전 관련기관은 그가 설치한 관제시설, 지령장치와 그 회선 및 단말기 등의 재난안전통신설비에 대한 유지ㆍ관리를 담당하며, 재난안전통신설비의 적절한 운영ㆍ관리를 위하여 필요한 인력, 시설, 장비 등을 갖추도록 노력하여야 한다."
014091,232629,항,59,④ 제1항부터 제3항까지에서 규정한 사항 외에 재난안전통신망의 운영 및 관리에 필요한 사항은 대통령령으로 정한다.
014091,232629,조문,60,제9조(전기통신사업자 등에 대한 전기통신설비 등의 사용ㆍ제공 요청 등)
014091,232629,항,61,"① 행정안전부장관은 재난안전통신망의 효율적인 구축ㆍ운영을 위하여 필요한 경우에는 「전기통신사업법」에 따른 전기통신설비 또는 도로, 철도, 지하철도, 상ㆍ하수도, 전기설비, 전기통신회신설비 등을 건설ㆍ소유ㆍ운용ㆍ관리하는 자(이하 ""전기통신사업자등""이라 한다)에 요청하여 전기통신설비 또는 관로(管路)ㆍ공동구(共同溝)ㆍ전주(電柱)ㆍ케이블이나 국사(局舍) 등의 시설 또는 설비(이하 이 장에서 ""전기통신설비등""이라 한다)를 사용하거나 제공받을 수 있다."
014091,232629,항,62,"② 행정안전부장관은 제1항에 따라 전기통신설비등을 사용하거나 제공받으려면 그 대가ㆍ범위ㆍ절차ㆍ방법 등에 관하여 전기통신사업자등과 업무협약을 체결하여야 한다. 다만, 행정안전부장관은 재난이 발생하거나 발생할 우려로 미리 업무협약을 체결할 수 없는 급박한 사정이 있는 경우에는 제1항에 따라 전기통신설비등을 사용하고 사후에 그 대가 등에 대하여 협의할 수 있다."
014091,232629,항,63,③ 제1항 및 제2항에 따른 전기통신설비등의 사용ㆍ제공과 업무협약 체결 등에 필요한 사항은 대통령령으로 정한다.
014091,232629,조문,64,제10조(무선통신시설의 공동이용)
014091,232629,항,65,① 행정안전부장관과 전기통신사업자등은 업무협약을 체결하여 상호 간에 무선통신시설을 공동으로 이용할 수 있다.
014091,232629,항,66,② 행정안전부장관과 전기통신사업자등은 제1항에 따라 무선통신시설을 공동이용하려는 경우에는 미리 무선통신시설 공동이용의 대가ㆍ범위ㆍ절차ㆍ방법 등에 관하여 업무협약을 체결하여야 한다.
014091,232629,항,67,③ 제1항 및 제2항에 따른 무선통신시설의 공동이용과 업무협약 체결 등에 필요한 사항은 대통령령으로 정한다.
014091,232629,조문,68,제11조(재난안전통신설비의 접속)
014091,232629,항,69,① 행정안전부장관과 전기통신사업자등은 상호 간에 통신역무의 제공이 가능하도록 재난안전통신설비와 전기통신설비를 접속할 수 있다.
014091,232629,항,70,② 행정안전부장관과 전기통신사업자등은 제1항에 따라 재난안전통신설비와 전기통신설비를 접속하려면 전기통신사업자등과 접속의 대가ㆍ범위ㆍ절차ㆍ방법 등에 관하여 업무협약을 체결하여야 한다.
014091,232629,항,71,③ 제1항 및 제2항에 따른 재난안전통신설비와 전기통신설비와의 접속과 업무협약 체결 등에 필요한 사항은 대통령령으로 정한다.
014091,232629,조문,72,제12조(기술정보의 제공)
014091,232629,항,73,① 행정안전부장관은 다음 각 호의 어느 하나에 해당하는 경우에는 해당 전기통신사업자등에게 관련 기술정보의 제공을 요청할 수 있다.
014091,232629,호,74,1. 제9조에 따른 전기통신설비등의 사용ㆍ제공
014091,232629,호,75,2. 제10조에 따른 무선통신시설의 공동이용
014091,232629,호,76,3. 제11조에 따른 재난안전통신설비와 전기통신설비와의 접속
014091,232629,항,77,② 행정안전부장관은 제1항에 따라 기술정보를 제공받으려면 전기통신사업자등과 기술정보 제공의 대가ㆍ범위ㆍ절차ㆍ방법 등에 관하여 협의하여야 한다.
014091,232629,항,78,③ 누구든지 제2항에 따라 제공받은 기술정보를 제공받은 목적 외의 용도로 사용하거나 제3자에게 제공해서는 아니 된다.
014091,232629,항,79,"④ 제2항에 따른 기술정보의 제공 절차, 방법과 업무협약 체결 등에 필요한 사항은 대통령령으로 정한다."
014091,232629,조문,80,제13조(건물과 토지에의 출입 등)
014091,232629,항,81,"① 재난안전통신설비의 설치ㆍ보수, 재난안전통신설비 설치를 위한 조사ㆍ측량에 종사하는 사람은 그 설치ㆍ보수나 조사ㆍ측량을 위하여 필요할 때에는 타인의 건물 또는 토지에 출입하거나 그 토지에 표지물을 설치할 수 있다. 이 경우 출입하려는 곳이 주거용 건물인 경우에는 거주자의 승낙을 받아야 한다."
014091,232629,항,82,② 제1항에 따라 타인의 건물 또는 토지에 출입하려는 사람은 대통령령으로 정하는 바에 따라 권한을 표시하는 증표를 지니고 점유자나 관계인에게 보여 주어야 한다.
014091,232629,조문,83,제14조(토지 등의 사용)
014091,232629,항,84,"① 행정안전부장관은 재난안전통신설비를 설치하거나 보수하는 데에 필요한 경우에는 국유ㆍ공유 또는 사유(私有)의 토지와 그 토지에 붙어 있는 인공구조물이나 수면ㆍ수저(水底) 또는 공공시설물(이하 ""토지등""이라 한다)을 사용할 수 있다."
014091,232629,항,85,② 제1항에 따라 토지등을 사용할 때에는 토지등의 관할 관청과 소유자 또는 점유자와 미리 협의하여야 한다. 이 경우 토지등의 소유자 또는 점유자의 주소나 거소가 분명하지 아니하여 협의할 수 없을 때에는 그 사용 목적 및 기간과 그 밖에 필요한 사항을 대통령령으로 정하는 바에 따라 공고하여야 한다.
014091,232629,항,86,③ 행정안전부장관은 제2항에 따른 협의가 성립되지 아니하거나 협의를 할 수 없으면 「공익사업을 위한 토지 등의 취득 및 보상에 관한 법률」에서 정하는 바에 따라 타인의 토지등을 사용할 수 있다.
014091,232629,조문,87,제15조(인공구조물의 제거 등)
014091,232629,항,88,"① 행정안전부장관은 이동할 수 있는 인공구조물ㆍ매설물(埋設物)ㆍ기기(器機)ㆍ죽목(竹木)이나 그 밖의 식물(이하 ""인공구조물등""이라 한다)이 재난안전통신설비를 설치하는 데에 장애가 되거나 재난안전통신의 전파장애를 일으키는 경우에는 그 소유자 또는 점유자에게 철거ㆍ상태변경ㆍ벌채(伐採) 또는 이식(이하 ""제거""라 한다)을 요구할 수 있다."
014091,232629,항,89,② 행정안전부장관은 인공구조물등의 소유자 또는 점유자가 제1항에 따른 요구에 따르지 아니하거나 인공구조물등을 제거할 수 없는 부득이한 사유가 있을 때에는 그 소유자 또는 점유자에게 미리 통지하고 인공구조물등을 제거할 수 있다. 이 경우 국가 또는 지방자치단체가 소유 또는 점유하는 대통령령으로 정하는 인공구조물등에 대해서는 미리 관계 행정기관의 장과 협의하여야 한다.
014091,232629,항,90,③ 제1항 및 제2항의 경우에 인공구조물등의 소유자 또는 점유자의 주소나 거소가 분명하지 아니할 때에는 인공구조물등의 제거에 관한 사항을 대통령령으로 정하는 바에 따라 공고하여야 한다.
014091,232629,조문,91,제4장 재난안전통신망의 사용
014091,232629,조문,92,제16조(재난안전통신망의 사용)
014091,232629,항,93,① 재난안전 관련기관은 다음 각 호의 활동을 하는 경우에는 재난안전통신망을 사용하여야 한다.
014091,232629,호,94,"1. 재난의 대응 및 복구과정에서 재난안전 관련기관 간 상황의 지시, 보고 및 전파"
014091,232629,호,95,2. 기본법 제37조에 따른 응급조치 등 행정안전부장관이 재난안전통신망의 사용이 필요하다고 정하여 고시하는 활동
014091,232629,항,96,② 제1항에서 규정한 사항 외에 재난안전통신망의 사용에 필요한 사항은 대통령령으로 정한다.
014091,232629,조문,97,제17조(재난안전통신망 사용 절차 등의 마련)
014091,232629,항,98,① 재난안전 관련기관은 재난안전통신망의 사용에 관하여 행정안전부장관이 정하여 고시하는 절차와 방법을 따라야 한다.
014091,232629,항,99,② 행정안전부장관은 재난안전통신망의 사용과 관련하여 재난안전 관련기관에 필요한 재난안전대응 절차를 연구ㆍ개발하여 보급할 수 있다.
014091,232629,조문,100,제18조(재난안전관리 정보서비스 제공) 행정안전부장관은 대통령령으로 정하는 바에 따라 재난안전통신망과 기본법 제74조제1항에 따른 재난관리정보통신체계 등을 연계하여 재난안전관리에 필요한 정보서비스를 제공할 수 있다.
014091,232629,조문,101,제19조(재난안전통신망의 상호 운용성 확보 등) 행정안전부장관은 재난안전통신망과 주파수 대역을 공동으로 사용하는 공공통신망과의 상호 운용성을 확보하기 위하여 관계 행정기관 또는 공공기관과 협력체계를 구축하는 등 필요한 조치를 하여야 한다.
014091,232629,조문,102,제20조(재정적 지원) 국가는 재난안전통신망의 구축 및 운영과 관련하여 재난안전 관련기관에 필요한 재정의 일부를 지원할 수 있다.
014091,232629,조문,103,제5장 재난안전통신망의 보호 및 개발촉진
014091,232629,조문,104,제21조(재난안전통신망의 보호조치)
014091,232629,항,105,① 행정안전부장관 및 재난안전 관련기관의 장은 재난안전통신망의 안정적 운영을 위하여 다음 각 호의 보호조치를 하여야 한다.
014091,232629,호,106,1. 정당한 권한이 없는 자가 재난안전통신설비 또는 재난안전통신망에 접근ㆍ침입하는 것을 방지하거나 대응하기 위한 방안을 마련할 것
014091,232629,호,107,2. 재난안전통신망용 단말기의 분실ㆍ도난 및 정보유출ㆍ변조ㆍ삭제 등을 방지하기 위한 방안을 마련할 것
014091,232629,호,108,3. 재난안전통신망에 장애가 발생한 경우에는 신속하게 복구하고 재발방지를 위한 방안을 마련할 것
014091,232629,항,109,② 재난안전통신 사무에 종사하고 있거나 종사하였던 사람은 직무상 알게 된 비밀을 누설해서는 아니 된다.
014091,232629,항,110,③ 누구든지 재난안전 관련기관이 취급 중에 있는 재난안전통신의 비밀을 침해하거나 누설해서는 아니 된다.
014091,232629,조문,111,제22조(재난안전통신의 보호)
014091,232629,항,112,① 누구든지 재난안전통신설비를 파손하여 그 기능에 장애를 일으키거나 재난안전통신을 방해해서는 아니 된다.
014091,232629,항,113,② 누구든지 재난안전통신설비에 물건을 던지거나 동물ㆍ배 또는 뗏목 따위를 매는 등의 방법으로 재난안전통신설비를 더럽히고 손상하거나 재난안전통신설비의 표지물 등을 훼손해서는 아니 된다.
014091,232629,조문,114,제23조(재난안전통신망 기술 등의 개발ㆍ발전의 촉진 등)
014091,232629,항,115,"① 행정안전부장관은 재난안전통신, 재난안전통신설비 및 재난안전통신망과 관련된 기술(이하 이 조에서 ""재난안전통신망기술등""이라 한다)의 개발 및 발전을 촉진하기 위하여 다음 각 호의 사항을 추진할 수 있다."
014091,232629,호,116,1. 재난안전통신망기술등의 개발 및 발전전략 수립
014091,232629,호,117,"2. 개발된 재난안전통신망기술등의 권리 확보, 실용화 및 이용 활성화"
014091,232629,호,118,3. 재난안전통신망기술등의 국내외 협력 및 정보교류
014091,232629,호,119,"4. 재난안전통신망기술등의 운영, 유지ㆍ보수, 관련 인력 양성 및 교육"
014091,232629,호,120,5. 재난안전통신망기술등의 적합성 확보
014091,232629,호,121,6. 그 밖에 재난안전통신망기술등의 개발 및 발전에 필요한 사항
014091,232629,항,122,② 행정안전부장관은 재난안전통신망의 효과적인 구축 및 운영을 위하여 재난안전통신망기술등의 표준화가 필요한 경우 과학기술정보통신부장관에게 다음 각 호의 사항을 요청할 수 있다.
014091,232629,호,123,1. 재난안전통신망기술등에 관한 표준의 제정ㆍ개정 및 폐지와 보급
014091,232629,호,124,2. 재난안전통신망기술등의 국내외 표준의 조사ㆍ연구 및 개발
014091,232629,호,125,3. 그 밖에 재난안전통신망기술등의 표준화에 필요한 사항
014091,232629,조문,126,제24조(자료의 수집)
014091,232629,항,127,① 행정안전부장관은 재난안전통신망의 효율적 운영 및 관리를 위하여 재난안전 관련기관의 재난안전통신망 사용 현황에 관한 자료를 수집ㆍ분석할 수 있다.
014091,232629,항,128,② 행정안전부장관은 재난안전 관련기관의 장에게 자료 수집ㆍ분석에 필요한 협조를 요청할 수 있다. 이 경우 재난안전 관련기관의 장은 특별한 사정이 없으면 요청에 응하여야 한다.
014091,232629,조문,129,제6장 보칙
014091,232629,조문,130,제25조(업무의 위탁) 이 법에 따른 행정안전부장관의 업무는 대통령령으로 정하는 바에 따라 그 일부를 관련 기관이나 법인 또는 단체에 위탁할 수 있다.
014091,232629,조문,131,제26조(원상회복의 의무 및 손실보상)
014091,232629,항,132,"① 행정안전부장관은 제13조에 따른 표지물의 설치 및 제14조에 따른 토지등의 사용 시 더 이상 재난안전통신 업무에 제공할 필요가 없게 되면 지체 없이 그 토지등을 원상으로 회복하여야 하고, 원상으로 회복하지 못하는 경우에는 그 소유자나 점유자가 입은 손실에 대하여 정당한 보상을 하여야 한다."
014091,232629,항,133,② 행정안전부장관은 다음 각 호의 사유로 발생한 손실에 대하여 정당한 보상을 하여야 한다.
014091,232629,호,134,1. 제13조제1항에 따른 출입 또는 표지물의 설치
014091,232629,호,135,2. 제14조제1항에 따른 토지등의 사용
014091,232629,호,136,3. 제15조에 따른 인공구조물등의 제거
014091,232629,항,137,③ 제1항 및 제2항에 따른 손실보상의 청구는 손실이 있음을 안 날부터 1년 또는 손실이 발생한 날부터 3년 이내에 하여야 한다.
014091,232629,항,138,④ 행정안전부장관은 제3항에 따른 손실보상 청구를 받았을 때에는 청구를 받은 날부터 3개월 이내에 보상금액을 결정하여 청구인에게 서면으로 통지하여야 한다.
014091,232629,항,139,⑤ 제1항부터 제4항까지에서 규정한 사항 외에 손실보상의 기준 및 절차 등은 대통령령으로 정한다.
014091,232629,조문,140,제7장 벌칙
014091,232629,조문,141,제27조(벌칙)
014091,232629,항,142,① 제22조제1항을 위반하여 재난안전통신설비를 파손하여 그 기능에 장애를 일으키거나 재난안전통신을 방해한 자는 5년 이하의 징역 또는 5천만원 이하의 벌금에 처한다.
014091,232629,항,143,② 제21조제2항을 위반하여 재난안전통신 사무에 종사하고 있거나 종사하였던 사람이 직무상 알게 된 비밀을 누설하였을 때에는 3년 이하의 징역 또는 3천만원 이하의 벌금에 처한다.
014091,232629,항,144,③ 다음 각 호의 어느 하나에 해당하는 자는 2년 이하의 징역 또는 2천만원 이하의 벌금에 처한다.
014091,232629,호,145,1. 제12조제3항을 위반하여 제공받은 기술정보를 제공받은 목적 외의 용도로 사용하거나 제3자에게 제공한 자
014091,232629,호,146,2. 제13조 및 제14조에 따른 재난안전통신설비의 설치ㆍ보수 또는 조사ㆍ측량을 정당한 사유 없이 방해한 자
014091,232629,호,147,3. 제21조제3항을 위반하여 재난안전통신의 비밀을 침해하거나 누설한 자
014091,232629,항,148,④ 제22조제2항을 위반하여 재난안전통신설비를 더럽히고 손상하거나 재난안전통신설비의 표지물 등을 훼손한 자는 300만원 이하의 벌금 또는 과료(科料)에 처한다.
014091,232629,조문,149,제28조(미수범) 제27조제1항ㆍ제2항 및 같은 조 제3항제2호ㆍ제3호의 미수범은 처벌한다.
014091,232629,조문,150,제29조(과태료)
014091,232629,항,151,① 제13조제1항에 따른 건물 또는 토지에의 출입을 정당한 사유 없이 방해한 자에게는 3천만원 이하의 과태료를 부과한다.
014091,232629,항,152,② 제1항에 따른 과태료는 대통령령으로 정하는 바에 따라 행정안전부장관이 부과ㆍ징수한다.
