법령일련번호,MST,구분,문장번호,내용
000772,259413,조문,1,"제1조(목적) 이 법은 첨단과학기술의 혁신을 선도할 고급과학기술인재를 양성하고 산업계와의 협동연구, 외국과의 교육ㆍ연구 교류, 기술의 이전ㆍ사업화의 촉진 및 창업을 지원함으로써 국가과학기술발전에 이바지하기 위하여 광주과학기술원을 설립함을 목적으로 한다. <개정 2022.1.11>"
000772,259413,조문,2,"제2조(법인) 광주과학기술원(이하 ""광주과기원""이라 한다)은 법인으로 한다."
000772,259413,조문,3,제3조(설립)
000772,259413,항,4,① 광주과기원은 주된 사무소의 소재지에 설립등기를 함으로써 성립한다.
000772,259413,항,5,② 광주과기원의 설립등기와 그 밖의 등기에 필요한 사항은 대통령령으로 정한다.
000772,259413,조문,6,제3조의2(부설기관) 광주과기원은 정관으로 정하는 바에 따라 부설기관을 둘 수 있다.
000772,259413,조문,7,제4조(정관)
000772,259413,항,8,"① 광주과기원의 정관에는 다음 각 호의 사항이 포함되어야 한다. <개정 2018.12.24, 2024.1.30>"
000772,259413,호,9,1. 목적
000772,259413,호,10,2. 명칭
000772,259413,호,11,3. 주된 사무소의 소재지
000772,259413,호,12,3의2. 부설기관에 관한 사항
000772,259413,호,13,4. 업무 및 집행에 관한 사항
000772,259413,호,14,5. 재산 및 회계에 관한 사항
000772,259413,호,15,6. 임직원에 관한 사항
000772,259413,호,16,7. 이사회에 관한 사항
000772,259413,호,17,8. 평의원회에 관한 사항
000772,259413,호,18,9. 정관 변경에 관한 사항
000772,259413,호,19,10. 공고의 방법에 관한 사항
000772,259413,항,20,"② 광주과기원은 정관을 변경할 때에는 과학기술정보통신부장관의 인가를 받아야 한다. <개정 2013.3.23, 2017.7.26>"
000772,259413,항,21,"③ 과학기술정보통신부장관은 제2항에 따른 정관 변경의 인가를 하려면 미리 교육부장관의 동의를 받아야 한다. <신설 2013.3.23, 2017.7.26>"
000772,259413,조문,22,제5조(임원)
000772,259413,항,23,"① 광주과기원에는 이사장 및 총장 각 1명을 포함한 15명 이내의 이사와 1명의 감사를 두되, 그 임기는 정관으로 정한다."
000772,259413,항,24,"② 이사 및 감사는 정관으로 정하는 바에 따라 이사회에서 선임(選任)하되, 과학기술정보통신부장관의 승인을 받아야 한다. <개정 2013.3.23, 2017.7.26>"
000772,259413,항,25,"③ 과학기술정보통신부장관은 제2항에 따른 이사 및 감사의 선임을 승인하려면 미리 교육부장관의 동의를 받아야 한다. <신설 2013.3.23, 2017.7.26>"
000772,259413,항,26,④ 이사장은 정관으로 정하는 바에 따라 이사 중에서 선임한다. <개정 2013.3.23>
000772,259413,항,27,⑤ 이사장은 광주과기원의 총장을 겸할 수 없다. <개정 2013.3.23>
000772,259413,항,28,⑥ 총장은 상근으로 하고 총장을 제외한 임원은 비상근으로 한다. <개정 2013.3.23>
000772,259413,항,29,⑦ 감사는 광주과기원의 업무와 회계를 감사(監査)한다. <개정 2013.3.23>
000772,259413,조문,30,제6조(이사회)
000772,259413,항,31,"① 광주과기원에 다음 각 호의 사항을 심의ㆍ결정하기 위하여 이사회를 둔다. <개정 2018.12.24, 2020.6.9>"
000772,259413,호,32,1. 예산 및 결산에 관한 사항
000772,259413,호,33,2. 임원의 선임과 해임에 관한 사항
000772,259413,호,34,3. 정관으로 정하는 중요 재산의 취득ㆍ처분 및 관리에 관한 사항
000772,259413,호,35,4. 정관의 변경에 관한 사항
000772,259413,호,36,5. 중요 규정의 제정ㆍ개정 및 폐지에 관한 사항
000772,259413,호,37,6. 법령 또는 정관에서 이사회의 의결이 필요하다고 정하는 사항
000772,259413,호,38,7. 그 밖에 이사회가 의결이 필요하다고 인정하는 사항
000772,259413,항,39,② 이사회는 이사장과 이사로 구성한다.
000772,259413,항,40,"③ 이사장은 이사회를 소집하고, 그 의장이 된다."
000772,259413,항,41,④ 감사는 이사회에 출석하여 의견을 진술할 수 있다.
000772,259413,항,42,⑤ 제1항부터 제4항까지에서 규정한 사항 외에 이사회에 관한 사항은 정관으로 정한다.
000772,259413,조문,43,제7조(총장)
000772,259413,항,44,① 광주과기원에 총장을 둔다.
000772,259413,항,45,"② 총장은 광주과기원을 대표하고, 그 업무를 총괄한다."
000772,259413,항,46,"③ 총장은 정관으로 정하는 바에 따라 이사회에서 선임하되, 과학기술정보통신부장관의 승인을 받아야 한다. <개정 2013.3.23, 2017.7.26>"
000772,259413,항,47,"④ 과학기술정보통신부장관은 제3항에 따른 총장의 선임을 승인하려면 미리 교육부장관의 동의를 받아야 한다. <신설 2013.3.23, 2017.7.26>"
000772,259413,항,48,"⑤ 총장의 직무와 임기, 그 밖에 필요한 사항은 정관으로 정한다. <개정 2013.3.23>"
000772,259413,항,49,⑥ 총장은 교원 또는 연구원을 겸할 수 있다. <개정 2013.3.23>
000772,259413,조문,50,제8조(출연금)
000772,259413,항,51,① 국가ㆍ지방자치단체 또는 「공공기관의 운영에 관한 법률」 제4조에 따른 공공기관은 광주과기원의 설립ㆍ건설ㆍ연구 및 운영에 필요한 경비에 충당하게 하기 위하여 광주과기원에 출연금(出捐金)을 지급할 수 있다.
000772,259413,항,52,② 제1항에 따른 출연금의 지급ㆍ사용에 필요한 사항은 대통령령으로 정한다.
000772,259413,조문,53,제9조(국유ㆍ공유 재산의 무상 양여 등)
000772,259413,항,54,"① 정부 또는 지방자치단체는 「국유재산법」, 「물품관리법」 또는 「공유재산 및 물품 관리법」에도 불구하고 광주과기원의 설립과 운영을 위하여 필요한 경우에는 광주과기원에 국유재산, 공유재산 또는 물품을 무상으로 양여(讓與)ㆍ대부하거나 사용ㆍ수익하게 할 수 있다. <개정 2022.1.11>"
000772,259413,항,55,② 제1항에 따라 무상으로 양여ㆍ대부하거나 사용ㆍ수익하는 경우에 그  내용ㆍ조건 및 절차 등은 해당 재산의 관리청과 광주과기원과의 계약으로 정한다. <개정 2022.1.11>
000772,259413,조문,56,제9조의2(수익사업)
000772,259413,항,57,"① 광주과기원은 교육ㆍ연구 활동에 지장이 없는 범위에서 수익사업을 할 수 있다. <개정 2013.3.23, 2017.7.26, 2022.1.11>"
000772,259413,항,58,② 광주과기원은 목적 달성을 위하여 필요한 경우 제1항에 따른 수익사업을 수행하는 법인을 설립할 수 있다. 이 경우 법인의 독립성과 자율성은 보장된다. <신설 2022.1.11>
000772,259413,항,59,"③ 제2항에 따른 법인은 기술의 이전 및 사업화, 창업지원 등 광주과기원의 목적 달성을 위하여 필요한 활동만을 수행하여야 한다. <신설 2022.1.11>"
000772,259413,항,60,④ 제1항 또는 제2항에 따른 수익금은 광주과기원의 경영에 충당하여야 한다. <개정 2022.1.11>
000772,259413,항,61,⑤ 제1항에 따른 수익사업 및 제2항에 따른 법인의 설립 등에 필요한 사항은 정관으로 정한다. <신설 2022.1.11>
000772,259413,조문,62,제9조의3(기술의 이전 및 사업화 촉진) 광주과기원은 연구결과의 확산과 활용을 위하여 보유하고 있는 기술의 이전 및 사업화를 촉진할 수 있도록 노력하여야 한다.
000772,259413,조문,63,제9조의4(창업지원)
000772,259413,항,64,① 광주과기원은 교원ㆍ직원ㆍ학생의 창업을 지원할 수 있다.
000772,259413,항,65,② 제1항에 따른 창업지원을 위하여 필요한 사항은 학칙으로 정한다.
000772,259413,조문,66,제10조(사업연도) 광주과기원의 사업연도는 정부의 회계연도에 따른다.
000772,259413,조문,67,제11조(사업계획서 등의 제출)
000772,259413,항,68,"① 광주과기원은 대통령령으로 정하는 바에 따라 매 사업연도가 시작되기 전에 사업계획서와 예산서를 과학기술정보통신부장관에게 제출하여 승인을 받아야 한다. 이 경우 학사에 관한 사업계획서와 예산서는 교육부장관에게도 제출하여야 한다. <개정 2013.3.23, 2017.7.26>"
000772,259413,항,69,"② 광주과기원은 과학기술정보통신부장관이 지정하는 공인회계사 또는 회계법인의 검사를 받은 매 사업연도의 세입세출결산서를 과학기술정보통신부장관에게 제출하여야 한다. 이 경우 학사에 관한 세입세출결산서는 교육부장관에게도 제출하여야 한다. <개정 2013.3.23, 2017.7.26>"
000772,259413,항,70,③ 제2항에 따른 결산서의 기재사항 중 다음 각 호의 어느 하나에 해당하는 사항은 공인회계사 또는 회계법인의 회계감사 대상에서 제외할 수 있다.
000772,259413,호,71,1. 국가기밀에 속하는 연구업무
000772,259413,호,72,2. 제1호에 직접 관련되는 업무
000772,259413,호,73,3. 기업수탁과제 중 수탁기업 등으로부터 기밀보호를 요청받은 연구업무
000772,259413,조문,74,"제12조(지원ㆍ조정 등) 과학기술정보통신부장관은 광주과기원을 지원ㆍ육성하며, 그 업무를 조정ㆍ감독한다. <개정 2013.3.23, 2017.7.26>"
000772,259413,조문,75,제13조(학위과정 등)
000772,259413,항,76,① 광주과기원에 박사ㆍ석사 및 학사 과정을 둔다.
000772,259413,항,77,"② 제1항에 따른 과정별 수업연한ㆍ학기ㆍ수업일수ㆍ학과(學科)ㆍ전공 및 교과(敎科) 등에 관한 사항은 대통령령으로 정하는 바에 따라 총장이 정하고, 교육부장관과 과학기술정보통신부장관에게 보고하여야 한다. <개정 2013.3.23, 2014.11.19, 2017.7.26>"
000772,259413,항,78,"③ 제1항의 박사ㆍ석사 및 학사 과정의 학위수여, 교원의 자격, 입학자격 및 입학방법 등에 관하여는 이 법에 특별한 규정이 있는 경우 외에는 「고등교육법」에 따른다."
000772,259413,조문,79,제13조의2(평의원회)
000772,259413,항,80,"① 광주과기원(부설기관은 제외한다)에 다음 각 호의 사항을 심의하기 위하여 평의원회를 둔다. 다만, 제2호는 자문에 한정한다. <개정 2024.1.30>"
000772,259413,호,81,1. 중장기 발전계획에 관한 사항
000772,259413,호,82,2. 교육 과정의 운영 및 연구에 관한 중요한 사항
000772,259413,호,83,3. 교원ㆍ직원ㆍ연구원ㆍ학생의 복지에 관한 중요한 사항
000772,259413,호,84,4. 광주과기원의 운영에 관하여 정관으로 정하는 중요한 사항
000772,259413,호,85,"5. 그 밖에 총장, 의장 또는 재적 평의원 3분의 1 이상이 학교 운영상 중요하다고 인정하여 심의를 요구하는 사항"
000772,259413,항,86,"② 평의원회는 11명 이상의 평의원으로 구성하여야 하며, 교원, 직원, 연구원, 학생 등 각각의 구성단위를 대표할 수 있는 사람으로 구성하되, 동문 및 광주과기원의 발전에 도움이 될 수 있는 사람을 포함할 수 있다. 이 경우 어느 하나의 구성단위에 속하는 평의원의 수가 전체 평의원 정수의 2분의 1을 초과해서는 아니 된다."
000772,259413,항,87,"③ 평의원회의 의장ㆍ부의장에 관한 사항, 평의원의 임기, 자료제출 및 회의록 작성에 대해서는 「고등교육법」 제19조의2제3항부터 제6항까지를 준용한다. 이 경우 ""학교의 장""은 각각 ""총장""으로 본다."
000772,259413,항,88,"④ 평의원회는 심의 결과를 총장에게 전달하고, 총장은 이사회의 의결이 필요한 사항 또는 중요하다고 판단하는 사항은 이사회에 회부하여야 한다."
000772,259413,항,89,⑤ 그 밖에 평의원회의 조직 및 운영에 필요한 사항은 대통령령으로 정하는 바에 따라 정관으로 정한다.
000772,259413,조문,90,제13조의3(과학영재학교의 설치ㆍ운영)
000772,259413,항,91,"① 광주과기원은 정관으로 정하는 바에 따라 국가 차원의 선도적 과학영재를 교육하고 연구기능을 강화하기 위하여 과학적 능력이 뛰어난 영재를 대상으로 각 개인의 능력과 소질에 맞는 교육을 하는 고등학교 과정 이하의 학교(이하 ""과학영재학교""라 한다)를 둘 수 있다."
000772,259413,항,92,② 제1항에 따라 광주과기원에 두는 과학영재학교는 「영재교육 진흥법」에 따른 영재학교로 본다.
000772,259413,항,93,③ 과학영재학교의 학사ㆍ교원 및 운영에 대하여는 이 법에서 정한 경우를 제외하고는 「영재교육 진흥법」을 따르고 「초ㆍ중등교육법」을 적용하지 아니한다.
000772,259413,항,94,④ 총장은 과학영재학교를 지휘ㆍ감독한다.
000772,259413,조문,95,제13조의4(학력의 인정) 과학영재학교에서 고등학교 과정 이하의 학교를 졸업한 사람은 「초ㆍ중등교육법」에 따른 학교를 졸업한 사람과 같은 수준의 학력이 있는 것으로 본다.
000772,259413,조문,96,제14조(교원 및 연구원)
000772,259413,항,97,"① 광주과기원에 교원으로서 교수ㆍ부교수 및 조교수를 두고, 필요할 때에는 초빙교수 및 강사 등을 둘 수 있다. <개정 2011.7.21>"
000772,259413,항,98,② 광주과기원에 과학기술에 관한 연구를 하기 위하여 필요한 연구원(硏究員)을 둔다.
000772,259413,항,99,③ 제1항에 따른 교원의 자격에 관하여는 대통령령으로 정한다.
000772,259413,조문,100,제14조의2(양성평등을 위한 임용계획의 수립 등)
000772,259413,항,101,① 광주과기원은 교원 임용에서 양성평등을 위하여 필요한 정책을 수립ㆍ시행하여야 한다.
000772,259413,항,102,② 총장은 교원을 임용할 때 특정 성별에 편중되지 아니하도록 3년마다 계열별 임용 목표비율이 제시된 임용계획 등 적극적 조치를 시행하기 위하여 필요한 계획을 과학기술정보통신부장관과 협의하여 수립한 후 시행하여야 한다. 이 경우 그 추진 실적을 매년 과학기술정보통신부장관에게 제출하여야 한다.
000772,259413,항,103,③ 제2항에 따른 계획의 수립 등에 필요한 사항은 대통령령으로 정한다.
000772,259413,조문,104,제15조(교원의 임면)
000772,259413,항,105,"① 광주과기원(과학영재학교를 포함한다)의 교원은 정관으로 정하는 바에 따라 총장이 임면한다. <개정 2018.12.24, 2024.1.30>"
000772,259413,항,106,"② 광주과기원의 교원은 정관에서 정하는 바에 따라 근무기간ㆍ급여ㆍ근무조건, 업적 및 성과약정 등 계약조건을 정하여 임용할 수 있다. <신설 2018.12.24>"
000772,259413,항,107,③ 총장은 교원의 임용기간이 만료되는 때에는 임용기간이 끝나기 6개월 전까지 임용기간이 만료된다는 사실과 재임용 심의를 신청할 수 있음을 해당 교원에게 통지(문서에 의한 통지를 말한다. 이하 이 조에서 같다)하여야 한다. <신설 2018.12.24>
000772,259413,항,108,④ 제3항의 통지를 받은 교원이 재임용을 받으려면 통지를 받은 날부터 15일 이내에 총장에게 재임용 심의를 신청하여야 한다. <신설 2018.12.24>
000772,259413,항,109,"⑤ 총장은 제15조의2제1항 전단에 따른 교원인사위원회의 재임용 심의를 거쳐 해당 교원에 대한 재임용 여부를 결정하고 그 사실을 임용기간이 끝나기 2개월 전까지 그 교원에게 문서로 통지하여야 한다. 이 경우 그 교원을 재임용하지 아니하기로 결정하였을 때에는 재임용하지 아니하겠다는 의사와 재임용 거부 사유를 구체적으로 밝혀 통지하여야 한다. <신설 2018.12.24, 2024.1.30>"
000772,259413,항,110,"⑥ 제15조의2제1항 전단에 따른 교원인사위원회가 제5항에 따라 해당 교원의 재임용에 대하여 심의할 때에는 다음 각 호의 사항에 관한 평가 등 객관적인 사유로서 학칙으로 정하는 사유에 근거하여야 한다. 이 경우 심의 과정에서 해당 교원에게 교원인사위원회에 출석하여 의견을 진술하거나 서면으로 의견을 제출할 기회를 주어야 한다. <신설 2018.12.24, 2024.1.30>"
000772,259413,호,111,1. 학생 교육에 관한 사항
000772,259413,호,112,2. 학문 연구에 관한 사항
000772,259413,호,113,3. 산학 협력에 관한 사항
000772,259413,호,114,4. 기여 봉사에 관한 사항
000772,259413,항,115,⑦ 재임용이 거부된 교원이 재임용 거부처분에 대하여 불복하고자 하는 경우에는 그 처분이 있음을 안 날부터 30일 이내에 「교원의 지위 향상 및 교육활동 보호를 위한 특별법」 제7조에 따른 교원소청심사위원회에 심사를 청구할 수 있다. <신설 2018.12.24>
000772,259413,조문,116,제15조의2(교원인사위원회)
000772,259413,항,117,"① 광주과기원의 교원 임용 등 인사에 관한 중요사항을 심의하기 위하여 교원인사위원회(이하 ""교원인사위원회""라 한다)를 둔다. 과학영재학교에는 과학영재학교 교원인사위원회(이하 ""과학영재학교 교원인사위원회""라 한다)를 둔다. <개정 2024.1.30>"
000772,259413,항,118,"② 교원인사위원회의 조직ㆍ기능과 운영에 필요한 사항은 정관으로, 과학영재학교 교원인사위원회의 조직ㆍ기능과 운영에 필요한 사항은 과학영재학교의 학칙으로 정한다. <개정 2024.1.30>"
000772,259413,조문,119,제15조의3(정년보장교원)
000772,259413,항,120,"① 총장은 교원인사위원회의 심의를 거쳐 교육ㆍ연구ㆍ산학 협력 및 기여 봉사에서 탁월한 평가를 받은 교원 또는 특정전문분야에서 권위자로 인정된 교원을 정년이 보장되는 교원(이하 ""정년보장교원""이라 한다)으로 임용할 수 있다. <개정 2020.6.9>"
000772,259413,항,121,"② 정년보장교원의 심사 대상, 평가 기간, 심의 횟수, 평가 항목 및 평가 방법에 관한 사항은 학칙으로 정한다."
000772,259413,항,122,③ 정년보장교원의 심의절차에 관하여는 제15조제3항부터 제7항까지를 준용한다.
000772,259413,조문,123,제15조의4(과학영재학교의 교직원)
000772,259413,항,124,"① 과학영재학교에 교원으로서 교장ㆍ교감 및 교사를 두고, 필요한 경우 강사를 둘 수 있다."
000772,259413,항,125,② 과학영재학교의 교원의 보수ㆍ수당ㆍ배치기준ㆍ계약기간ㆍ근무조건ㆍ교육 및 연수 등에 관하여는 과학영재학교의 학칙으로 정한다.
000772,259413,항,126,③ 과학영재학교에는 교원 외에 학교운영에 필요한 행정직원 등을 둘 수 있다.
000772,259413,항,127,④ 총장은 과학영재학교 교원인사위원회의 심의를 거쳐 과학영재학교 교원을 재임용할 수 있다. 재임용 절차에 관하여는 제15조제3항부터 제7항까지를 준용한다.
000772,259413,조문,128,"제15조의5(다른 학교 교원의 파견) 「초ㆍ중등교육법」 제2조에 따른 학교의 교원, 「고등교육법」 제2조에 따른 학교의 교원 및 다른 법률에 따라 설립된 고등교육기관의 교원에 대하여 그 임용권자는 영재교육 관련 연구 및 능력개발을 위하여 필요한 경우에는 기간의 제한을 두지 아니하고 과학영재학교에 파견할 수 있다."
000772,259413,조문,129,제16조(학위수여) 총장은 학칙으로 정하는 바에 따라 박사ㆍ석사 및 학사 학위를 수여한다.
000772,259413,조문,130,"제17조(학생) 광주과기원의 학생정원ㆍ입학자격 및 입학방법에 관하여는 대통령령으로 정하는 바에 따라 총장이 정하고, 교육부장관과 과학기술정보통신부장관에게 보고하여야 한다. <개정 2013.3.23, 2014.11.19, 2017.7.26>"
000772,259413,조문,131,"제18조(국제교류의 촉진) 과학기술정보통신부장관은 광주과기원의 교육의 질을 향상시키고 외국과의 학술교류를 촉진하기 위하여 외국인 교원을 초빙하거나 외국인 학생의 수학(修學)을 위한 조치를 하도록 총장에게 권고할 수 있다. <개정 2013.3.23, 2017.7.26>"
000772,259413,조문,132,제19조(기금의 설치 등)
000772,259413,항,133,① 광주과기원은 과학기술의 연구개발과 학사운영의 효율적 추진에 필요한 자금을 조달ㆍ공급하기 위하여 필요한 경우에는 기금을 설치할 수 있다.
000772,259413,항,134,② 제1항에 따른 기금은 다음 각 호의 재원으로 조성한다.
000772,259413,호,135,1. 정부가 아닌 자의 출연금 또는 기부금
000772,259413,호,136,2. 기금운용 수익금
000772,259413,호,137,3. 그 밖에 대통령령으로 정하는 수입금
000772,259413,항,138,③ 제1항에 따른 기금은 다음 각 호의 어느 하나에 해당하는 용도로 사용한다.
000772,259413,호,139,1. 과학기술의 연구개발을 위한 자금의 지출
000772,259413,호,140,2. 대규모 교육ㆍ연구시설의 설치ㆍ운영을 위한 자금의 지출
000772,259413,호,141,3. 그 밖에 기금설치 목적의 달성을 위하여 대통령령으로 정하는 사업에 필요한 자금의 지출
000772,259413,항,142,④ 제1항부터 제3항까지에서 규정한 사항 외에 기금의 운용ㆍ관리에 필요한 사항은 대통령령으로 정한다.
000772,259413,조문,143,제20조(기부 등)
000772,259413,항,144,① 광주과기원에 토지ㆍ연구시설 또는 연구기자재 등을 기부한 자는 일정 기간 광주과기원과 이를 공동으로 사용할 수 있다.
000772,259413,항,145,② 토지ㆍ연구시설 또는 연구기자재 등의 기부절차와 공동사용에 필요한 사항은 대통령령으로 정한다.
000772,259413,조문,146,제21조(연구계획서 및 연구보고서 등의 제출)
000772,259413,항,147,"① 광주과기원은 대통령령으로 정하는 바에 따라 연구계획서와 연구보고서를 과학기술정보통신부장관에게 제출하여야 한다. 다만, 수탁계약에 따른 연구에 대하여는 그러하지 아니하다. <개정 2013.3.23, 2017.7.26>"
000772,259413,항,148,"② 과학기술정보통신부장관은 제1항에 따라 받은 연구계획서와 연구보고서를 심의ㆍ평가하고, 필요한 경우에는 그 연구계획서와 연구수행내용의 수정ㆍ보완 등 필요한 조치를 하게 하거나 연구성과의 보급을 권고할 수 있다. <개정 2013.3.23, 2017.7.26>"
000772,259413,조문,149,"제22조(특정과제의 공동연구 등) 과학기술정보통신부장관은 특정과제의 공동연구를 위하여 필요한 경우에는 그에 필요한 적절한 조치를 하거나 총장에게 필요한 조치를 할 것을 권고할 수 있다. <개정 2013.3.23, 2017.7.26>"
000772,259413,조문,150,제23조(연구시설 등의 공동이용) 광주과기원은 연구생산성의 향상과 연구시설의 효율적인 이용을 위하여 다른 연구기관ㆍ대학 및 전문단체 등과 상호 협의하여 연구시설ㆍ기기 등을 공동으로 이용하도록 노력하여야 한다. 이 경우 그 비용은 이용기관이 부담하여야 한다.
000772,259413,조문,151,제24조(동일 명칭의 사용금지) 이 법에 따른 광주과기원이 아닌 자는 광주과학기술원이라는 명칭을 사용하지 못한다.
000772,259413,조문,152,제25조(비밀엄수의 의무) 광주과기원의 임직원이나 임직원이었던 사람은 직무상 알게 된 비밀을 누설하거나 도용하여서는 아니 된다.
000772,259413,조문,153,제26조(「민법」의 준용) 광주과기원에 관하여 이 법에서 규정한 것 외에는 「민법」 중 재단법인에 관한 규정을 준용한다.
000772,259413,조문,154,제27조(벌칙 적용 시의 공무원 의제) 광주과기원의 임직원은 「형법」 제129조부터 제132조까지의 규정을 적용할 때에는 공무원으로 본다.
000772,259413,조문,155,제28조(벌칙) 제25조를 위반하여 비밀을 누설하거나 도용한 자는 3년 이하의 징역 또는 3천만원 이하의 벌금에 처한다. <개정 2014.10.15>
000772,259413,조문,156,제29조(과태료)
000772,259413,항,157,① 제24조를 위반하여 광주과학기술원의 명칭을 사용한 자에게는 500만원 이하의 과태료를 부과한다. <개정 2020.5.19>
000772,259413,항,158,"② 제1항에 따른 과태료는 대통령령으로 정하는 바에 따라 과학기술정보통신부장관이 부과ㆍ징수한다. <개정 2013.3.23, 2017.7.26>"
