법령일련번호,MST,구분,문장번호,내용
001351,236273,조문,1,제1장 총칙 <개정 2011.11.22>
001351,236273,조문,2,"제1조(목적) 이 법은 국가정보원직원의 책임 및 직무의 중요성과 신분 및 근무 조건의 특수성에 비추어 그 자격, 임용, 교육훈련, 복무, 보수 등에 관하여 「국가공무원법」에 대한 특례를 규정함을 목적으로 한다."
001351,236273,조문,3,제2조(계급 구분 등)
001351,236273,항,4,"① 국가정보원직원(이하 ""직원""이라 한다)은 1급부터 9급까지의 특정직직원과 일반직직원으로 구분한다. 다만, 일반직직원은 「국가공무원법」 제2조제2항제1호에 따른 일반직공무원으로 본다. <개정 2014.1.7>"
001351,236273,항,5,"② 특별한 전문지식과 경험이 필요한 분야에 근무하는 직원(이하 ""전문관""이라 한다)에 대하여는 제1항에 따른 계급 구분을 적용하지 아니할 수 있다."
001351,236273,항,6,"③ 제1항의 각 계급의 직무 종류별 명칭과 제2항의 전문관의 직무 분야, 대우 등에 관하여는 대통령령으로 정한다."
001351,236273,조문,7,제3조(임기제직원)
001351,236273,항,8,① 국가정보원의 직무의 내용과 특수성 등을 고려하여 필요한 경우에는 임기제직원을 둘 수 있다. <개정 2014.1.7>
001351,236273,항,9,"② 임기제직원은 「국가공무원법」 제26조의5제1항에 따른 임기제공무원으로 본다. 다만, 임용 요건, 임용 절차, 근무상한연령 및 그 밖에 필요한 사항은 대통령령으로 정한다. <개정 2014.1.7>"
001351,236273,조문,10,제4조(적용 범위)
001351,236273,항,11,"① 국가정보원의 원장(이하 ""원장""이라 한다)ㆍ차장 및 기획조정실장에 대하여는 이 법에 특별한 규정이 없으면 제5장(복무)을 제외하고는 이 법을 적용하지 아니한다."
001351,236273,항,12,"② 국가정보원 외의 기관이나 단체에 소속된 사람으로서 국가정보원에 파견되어 근무하는 사람에 대하여는 이 법에 특별한 규정이 없으면 제13조, 제14조, 제5장(복무), 제23조 및 제9장(벌칙)을 제외하고는 이 법을 적용하지 아니한다."
001351,236273,항,13,"③ 임기제직원에 대하여는 이 법에 특별한 규정이 없으면 제8조, 제13조, 제14조, 제5장(복무), 제20조, 제23조, 제7장(징계) 및 제9장(벌칙)을 제외하고는 이 법을 적용하지 아니한다. <개정 2014.1.7>"
001351,236273,조문,14,제5조(정의) 이 법에서 사용하는 용어의 뜻은 다음과 같다.
001351,236273,항,15,
001351,236273,호,16,"1. ""임용""이란 신규채용ㆍ승진임용ㆍ승급ㆍ전직ㆍ전보ㆍ파견ㆍ강임(降任)ㆍ휴직ㆍ정직ㆍ강등ㆍ복직ㆍ면직ㆍ해임 및 파면을 말한다."
001351,236273,호,17,"2. ""강임""이란 같은 직렬 내에서의 하위 계급에 임명하거나 하위 계급이 없어 다른 직렬의 하위 계급으로 임명하는 것을 말한다."
001351,236273,호,18,"3. ""전직""이란 직렬을 달리하는 임명을 말한다."
001351,236273,호,19,"4. ""전보""란 같은 계급 내에서의 보직 변경을 말한다."
001351,236273,호,20,"5. ""복직""이란 휴직ㆍ정직 중이거나 강등으로 직무에 종사하지 못한 직원을 직위에 복귀시키는 것을 말한다."
001351,236273,조문,21,제2장 임용과 시험 <개정 2011.11.22>
001351,236273,조문,22,제6조(임용의 원칙)
001351,236273,항,23,"① 직원의 임용은 학력ㆍ자격ㆍ경력ㆍ나이를 기초로 하며, 시험성적ㆍ근무성적과 그 밖의 능력의 실증(實證)에 따라 한다."
001351,236273,항,24,"② 제1항에 따른 임용의 구체적인 범위, 방법, 절차 등은 대통령령으로 정한다."
001351,236273,조문,25,제7조(임용권자)
001351,236273,항,26,"① 5급 이상 직원 및 전문관은 원장의 제청으로 대통령이 임용한다. 다만, 대통령은 원장에게 다음 각 호의 임용권을 제외한 5급 이상 직원 및 전문관의 임용권을 위임한다."
001351,236273,호,27,"1. 1급 직원의 전보, 휴직, 정직 및 복직"
001351,236273,호,28,"2. 1급부터 3급까지 직원의 신규채용, 승진임용, 강임, 강등, 면직, 해임 및 파면"
001351,236273,항,29,② 6급 이하 직원은 원장이 임용한다. <개정 2014.1.7>
001351,236273,조문,30,제8조(임용자격 및 결격사유)
001351,236273,항,31,"① 직원은 사상(思想)이 건전하고, 품행이 단정하며, 신체가 건강한 사람 중에서 임용한다."
001351,236273,항,32,"② 다음 각 호의 어느 하나에 해당하는 사람은 직원으로 임용될 수 없다. <개정 2014.1.7, 2021.7.20>"
001351,236273,호,33,1. 대한민국 국적을 가지지 아니한 사람
001351,236273,호,34,2. 대한민국 국적과 외국 국적을 함께 가지고 있는 사람
001351,236273,호,35,3. 피성년후견인
001351,236273,호,36,4. 파산선고를 받고 복권되지 아니한 사람
001351,236273,호,37,5. 자격정지 이상의 형을 선고받은 사람
001351,236273,호,38,6. 금고 이상의 형의 선고유예를 받고 그 선고유예기간 중에 있는 사람
001351,236273,호,39,7. 징계에 의하여 면직처분을 받은 사람
001351,236273,조문,40,제8조의2(신원조사)
001351,236273,항,41,"① 원장은 임용 대상자에 대하여 제8조제1항과 관련된 사항과 애국심, 성실성, 신뢰성, 보안성 등을 확인하기 위하여 신원조사를 한다."
001351,236273,항,42,"② 제1항에 따른 신원조사의 구체적인 범위, 방법, 절차 등은 대통령령으로 정한다."
001351,236273,조문,43,"제9조(신규채용) 직원은 공개경쟁 채용시험으로 신규채용한다. 다만, 직무에 관하여 특별한 학식ㆍ경험이나 기술 또는 연구 실적이 있는 사람을 신규채용하는 경우에는 경력경쟁채용시험 등으로 할 수 있다. <개정 2014.1.7>"
001351,236273,조문,44,제10조(승진)
001351,236273,항,45,"① 직원의 승진은 바로 하위 계급에 있는 직원 중에서 근무성적 및 경력평정과 그 밖의 능력의 실증에 의하여 한다. 다만, 6급 직원을 5급 직원으로 승진임용하는 경우에는 대통령령이 정하는 바에 따라 승진시험을 병행할 수 있다. <개정 2014.1.7>"
001351,236273,항,46,② 승진에 필요한 계급별 최저 근무연수 등 그 밖에 필요한 사항은 대통령령으로 정한다. <개정 2014.1.7>
001351,236273,조문,47,제11조(임용시험) 직원의 임용시험은 원장이 실시ㆍ관리한다.
001351,236273,조문,48,제3장 보수 <개정 2011.11.22>
001351,236273,조문,49,제12조(보수) 직원의 보수는 대통령령으로 정하는 바에 따른다.
001351,236273,조문,50,제13조(보상) 직원으로서 간첩체포 및 이에 준하는 국가안전보장업무의 수행과 관련하여 부상을 입고 퇴직한 사람과 그 가족 및 사망(부상으로 인하여 사망한 경우를 포함한다)한 사람의 유족은 대통령령으로 정하는 바에 따라 「국가유공자 등 예우 및 지원에 관한 법률」 또는 「보훈보상대상자 지원에 관한 법률」에 따른 보상 대상자로 한다. <개정 2011.9.15>
001351,236273,조문,51,제4장 교육 <개정 2011.11.22>
001351,236273,조문,52,제14조(교육훈련)
001351,236273,항,53,① 원장은 직원에 대하여 직무의 능률증진을 위한 교육훈련을 실시한다.
001351,236273,항,54,② 원장은 필요하다고 인정하는 경우에는 직원을 국내외의 교육기관 또는 연구기관에 위탁하여 교육훈련을 받게 할 수 있다.
001351,236273,항,55,③ 교육훈련성적은 인사관리에 반영한다.
001351,236273,조문,56,제5장 복무 <개정 2011.11.22>
001351,236273,조문,57,"제15조(선서) 직원은 취임할 때에 원장 앞에서 다음의 선서를 하여야 한다.""본인은 국가안전보장업무를 수행하는 공무원으로서 투철한 애국심과 사명감을 발휘하여 국가에 봉사할 것을 맹세하고, 법령 및 직무상의 명령을 준수ㆍ복종하며, 창의와 성실로써 맡은 바 책무를 다할 것을 엄숙히 선서합니다."""
001351,236273,조문,58,제16조(직무이탈 금지) 직원은 소속 상관의 허가 또는 정당한 사유가 없으면 직무를 이탈하여서는 아니 된다.
001351,236273,조문,59,제17조(비밀의 엄수)
001351,236273,항,60,① 직원은 재직 중은 물론 퇴직한 후에도 직무상 알게 된 비밀을 누설하여서는 아니 된다.
001351,236273,항,61,"② 직원(퇴직한 사람을 포함한다. 이하 이 조에서 같다)이 법령에 따른 증인, 참고인, 감정인 또는 사건 당사자로서 직무상의 비밀에 관한 사항을 증언하거나 진술하려는 경우에는 미리 원장의 허가를 받아야 한다."
001351,236273,항,62,"③ 직원을 증인, 참고인, 감정인으로 신청한 법률상 이해관계가 있는 사건 관계인은 해당 직원이 제2항에 따른 허가를 신청하지 아니하여 불이익을 받을 우려가 있을 때에는 법원의 허가를 받아 원장에게 증언 또는 진술의 허가를 신청할 수 있다."
001351,236273,항,63,"④ 원장은 제2항 또는 제3항에 따라 허가 여부를 결정할 때 국가의 중대한 이익을 해치거나 군사, 외교, 대북관계 등 국가안위에 중대한 영향을 미치는 경우를 제외하고는 허가를 거부하지 못한다."
001351,236273,항,64,⑤ 직원이 국가정보원의 직무와 관련된 사항을 발간하거나 그 밖의 방법으로 공표하려는 경우에는 미리 원장의 허가를 받아야 한다. 이 경우 제4항을 준용한다.
001351,236273,항,65,⑥ 원장이 제2항 또는 제3항에 따른 증언 또는 진술을 허가한 경우 법원은 공무상 비밀 보호 등을 위한 비공개 증언 등 적절한 조치를 할 수 있다.
001351,236273,조문,66,제18조(영리업무 및 겸직 금지)
001351,236273,항,67,"① 직원은 직무 외의 영리를 목적으로 하는 업무에 종사하지 못하며, 원장의 허가 없이 다른 업무를 겸할 수 없다."
001351,236273,항,68,② 제1항에 따른 영리를 목적으로 하는 업무의 한계는 원장이 정한다.
001351,236273,조문,69,제6장 신분보장 <개정 2011.11.22>
001351,236273,조문,70,"제19조(의사에 반한 신분 조치) 직원은 형의 선고, 징계처분 또는 법률에서 정하는 사유에 해당하는 경우를 제외하고는 그 의사에 반하여 강임ㆍ휴직 또는 면직되지 아니한다. 다만, 1급 직원은 그러하지 아니하다."
001351,236273,조문,71,제20조(당연 퇴직) 직원이 제8조제2항 각 호(제6호는 제외한다)의 어느 하나에 해당할 때에는 당연히 퇴직한다.
001351,236273,조문,72,제21조(직권 면직)
001351,236273,항,73,① 임명권자는 직원이 다음 각 호의 어느 하나에 해당할 때에는 직권으로 면직시킬 수 있다.
001351,236273,호,74,1. 신체상ㆍ정신상의 장애로 직무를 감당하지 못할 만한 지장이 있을 때
001351,236273,호,75,2. 직무수행 능력이 현저하게 부족하거나 근무태도가 극히 불량하여 직원으로 부적합하다고 인정될 때
001351,236273,호,76,3. 직제(職制) 또는 정원(定員)의 개정ㆍ폐지나 예산의 감소 등으로 직위가 없어지거나 정원이 초과될 때
001351,236273,호,77,4. 휴직기간이 끝난 후 또는 휴직 사유가 소멸된 후에도 정당한 사유 없이 직무에 복귀하지 아니하거나 직무를 감당할 수 없을 때
001351,236273,호,78,5. 제21조의2에 따른 적격심사 결과 부적격 판정을 받았을 때
001351,236273,항,79,② 제1항제2호에 따라 직원을 면직시킬 때에는 징계위원회의 동의를 받아야 한다.
001351,236273,항,80,"③ 제1항제3호에 따라 직원을 면직시킬 때에는 임용형태, 업무실적, 직무수행 능력, 징계처분 사실 등을 고려하여 면직기준을 정하여야 한다."
001351,236273,항,81,④ 제3항의 면직기준을 정하거나 제1항제3호에 따라 면직 대상자를 결정할 때에는 심사위원회를 구성하여 그 심사위원회의 심의ㆍ의결을 거쳐야 한다.
001351,236273,항,82,"⑤ 제4항에 따른 심사위원회의 위원장은 차장 또는 기획조정실장 중에서 원장이 지명하며, 위원은 면직 대상자보다 상위 직급자 중에서 원장이 지명하는 5명 이상 7명 이하의 위원으로 구성하되 상위 직급자가 부족한 경우에는 4명 이내로 구성할 수 있다."
001351,236273,항,83,⑥ 제1항제3호에 따라 면직된 직원은 결원이 생겼을 때에는 우선하여 재임용될 수 있다.
001351,236273,조문,84,제21조의2(적격심사)
001351,236273,항,85,① 직원이 근무성적평정 결과 2회 연속 또는 10년 이내에 3회 이상 최하위 등급을 받은 경우에는 적격심사를 받아야 한다.
001351,236273,항,86,② 적격심사를 하기 위하여 국가정보원에 적격심사위원회를 둔다.
001351,236273,항,87,"③ 적격심사위원회는 국가정보원의 2급 이상 직원 중 원장이 지명하는 5명 이상 7명 이하의 위원으로 구성하며, 위원장은 차장 또는 기획조정실장 중 원장이 지명하는 사람으로 한다."
001351,236273,항,88,"④ 적격심사는 근무성적평정에 따르되, 직원의 직무를 계속 수행하는 것이 곤란하다고 판단되는 사람을 부적격자로 판정한다."
001351,236273,항,89,⑤ 적격심사위원회의 구성과 운영 및 심사ㆍ처리기준에 관하여 필요한 사항은 대통령령으로 정한다.
001351,236273,조문,90,제22조(정년)
001351,236273,항,91,① 직원의 정년은 다음과 같다. <개정 2014.1.7>
001351,236273,호,92,1. 연령 정년: 60세
001351,236273,호,93,2. 특정직직원의 계급 정년
001351,236273,목,94,가. 2급 직원: 5년
001351,236273,목,95,나. 3급 직원: 7년
001351,236273,목,96,다. 4급 직원: 12년
001351,236273,목,97,라. 5급 직원: 18년
001351,236273,항,98,② 징계로 인하여 강등(6급으로 강등된 경우를 포함한다)된 직원의 계급 정년은 제1항제2호에도 불구하고 다음 각 호에 따른다. <개정 2014.1.7>
001351,236273,호,99,"1. 강등된 계급의 계급 정년은 강등되기 전 계급 중 가장 높은 계급의 계급 정년으로 한다. 다만, 1급 직원이 강등처분을 받은 경우에는 면직할 수 있다."
001351,236273,호,100,2. 계급 정년을 산정할 때에는 강등되기 전 계급의 근무연수와 강등된 이후의 근무연수를 합산한다.
001351,236273,항,101,"③ 직원은 정년이 되는 날이 1월부터 6월 사이에 있는 경우에는 6월 30일에 당연히 퇴직되고, 7월부터 12월 사이에 있는 경우에는 12월 31일에 당연히 퇴직된다. <개정 2014.1.7>"
001351,236273,조문,102,제22조의2(퇴직직원 취업 등 지원)
001351,236273,항,103,"① 원장은 퇴직직원(퇴직 예정자를 포함한다)의 전문성을 활용하고 원활한 사회복귀를 지원하기 위하여 예산의 범위에서 진로상담ㆍ직업상담ㆍ취업알선 등의 취업지원, 창업상담ㆍ창업교육 등의 창업지원 및 경력개발 등과 관련한 지원을 할 수 있다."
001351,236273,항,104,② 제1항에 따른 지원에 관하여 필요한 사항은 대통령령으로 정한다.
001351,236273,조문,105,제23조(직원에 대한 수사 등)
001351,236273,항,106,"① 수사기관이 직원을 구속하려면 미리 원장에게 통보하여야 한다. 다만, 현행범인 경우에는 그러하지 아니하다."
001351,236273,항,107,② 수사기관이 현행범인 직원을 구속하였을 때에는 지체 없이 원장에게 그 사실을 통보하여야 한다.
001351,236273,항,108,③ 수사기관이 직원에 대하여 수사를 시작한 때와 수사를 마친 때에는 지체 없이 원장에게 그 사실과 결과를 통보하여야 한다.
001351,236273,조문,109,제7장 징계 <개정 2011.11.22>
001351,236273,조문,110,제24조(징계 사유) 직원이 다음 각 호의 어느 하나에 해당하는 경우에는 징계의결을 거쳐 징계처분을 할 수 있다. <개정 2020.6.9>
001351,236273,항,111,
001351,236273,호,112,1. 이 법 및 「국가공무원법」과 이 법 및 「국가공무원법」에 따른 명령을 위반한 경우
001351,236273,호,113,2. 직무상의 의무를 위반하거나 직무를 게을리한 경우
001351,236273,호,114,3. 직무 관련 여부와 상관없이 직원으로서 지녀야 할 품위나 위신을 손상하는 행위를 한 경우
001351,236273,조문,115,제25조(징계위원회의 설치)
001351,236273,항,116,① 직원의 징계사건을 심사ㆍ의결하기 위하여 국가정보원에 징계위원회를 둔다.
001351,236273,항,117,"② 징계위원회의 구성, 종류, 권한, 심사 절차, 그 밖에 필요한 사항은 대통령령으로 정한다."
001351,236273,조문,118,"제26조(징계 절차) 직원의 징계는 징계위원회의 의결을 거쳐 원장이 한다. 다만, 3급 이상 직원에 대한 강등ㆍ해임ㆍ파면은 징계위원회의 의결을 거쳐 원장의 제청으로 대통령이 한다."
001351,236273,조문,119,제27조(징계 대상자의 진술권)
001351,236273,항,120,① 징계위원회에 계속(係屬) 중인 직원은 구술심사를 요청하여 구술변론을 할 수 있다.
001351,236273,항,121,② 제1항의 경우 그 직원은 다른 직원 중에서 보좌인을 선정하여 변론하게 할 수 있다.
001351,236273,항,122,③ 징계 대상자에게 제1항 및 제2항에 따른 진술의 기회를 주지 아니한 징계의결은 그 징계 대상자가 외국에 있는 경우를 제외하고는 무효로 한다.
001351,236273,조문,123,제28조(징계 절차의 정지) 징계에 회부하여야 할 사건이 형사사건으로 수사 중인 경우에는 그 사건에 대하여 제23조제3항에 따른 수사 시작의 통보를 받은 날부터 징계의결 요구나 그 밖의 징계 절차를 진행하지 아니할 수 있다.
001351,236273,조문,124,제29조(징계 사유의 시효)
001351,236273,항,125,"① 징계의결 요구는 징계 사유가 발생한 날부터 다음 각 호의 구분에 따른 기간이 지나면 할 수 없다. <개정 2014.1.7, 2021.10.19>"
001351,236273,호,126,1. 징계 사유가 다음 각 목의 어느 하나에 해당하는 경우: 10년
001351,236273,목,127,가. 「성매매알선 등 행위의 처벌에 관한 법률」 제4조에 따른 금지행위
001351,236273,목,128,나. 「성폭력범죄의 처벌 등에 관한 특례법」 제2조에 따른 성폭력범죄
001351,236273,목,129,다. 「아동ㆍ청소년의 성보호에 관한 법률」 제2조제2호에 따른 아동ㆍ청소년대상 성범죄
001351,236273,목,130,라. 「양성평등기본법」 제3조제2호에 따른 성희롱
001351,236273,호,131,2. 징계 사유가 다음 각 목의 어느 하나에 해당하는 경우: 5년
001351,236273,목,132,"가. 비밀누설, 정치 관여 또는 직권남용"
001351,236273,목,133,나. 「국가공무원법」 제78조의2제1항 각 호의 어느 하나에 해당하는 경우
001351,236273,호,134,3. 그 밖의 징계 사유에 해당하는 경우: 3년
001351,236273,항,135,② 제28조에 따라 징계 절차를 밟지 못하여 제1항의 기간이 지나거나 남은 기간이 1개월 미만인 경우 제1항의 기간은 제23조제3항에 따른 수사 종료의 통보를 받은 날부터 1개월이 지난 날에 만료되는 것으로 본다.
001351,236273,항,136,"③ 징계위원회의 구성, 징계의결의 결함, 그 밖의 절차상의 결함이나 징계 정도의 과다(過多)를 이유로 소청심사위원회나 법원에서 징계처분의 무효 또는 취소 결정이나 판결을 한 경우에는 제1항에도 불구하고 그 결정 또는 판결이 확정된 날부터 3개월 이내에는 다시 징계의결을 요구할 수 있다."
001351,236273,조문,137,제8장 보칙 <개정 2011.11.22>
001351,236273,조문,138,"제30조(「국가공무원법」의 준용) 직원에 대하여는 이 법에 특별한 규정이 있는 경우를 제외하고는 「국가공무원법」에 따른 일반직공무원에 관한 규정을 준용한다. 다만, 「국가공무원법」 제17조ㆍ제18조 및 제73조의3은 그러하지 아니하다."
001351,236273,조문,139,제31조 삭제 <2005.5.26>
001351,236273,조문,140,제9장 벌칙 <개정 2011.11.22>
001351,236273,조문,141,제32조(벌칙) 제17조를 위반한 사람은 10년 이하의 징역 또는 1천만원 이하의 벌금에 처한다.
