해석례일련번호,구분,문장번호,내용
330671,질의요지,1,"「도로교통법」 제35조제1항제2호에 따른 시ㆍ군공무원은 도로(같은 법 제2조제1호에 따른 도로를 말하며, 이하 같음)에 주차된 차의 운전자가 같은 법 시행령 제11조제1항 각 호에 따른 정차 또는 주차의 방법 및 시간을 위반한 경우가 아니더라도 같은 조 제2항 각 호 외의 부분 본문에 따라 다른 교통에 방해가 된다면 같은 법 제35조제1항에 따라 차의 운전자 또는 관리 책임이 있는 사람에게 주차 방법을 변경하거나 그 곳으로부터 이동할 것을 명할 수 있는지?"
330671,질의요지,2,< 질의 배경 >
330671,질의요지,3,"대전시 서구 주차단속 부서는 도로에 주차된 차가 「도로교통법 시행령」 제11조제1항 각 호에 따른 정차 또는 주차의 방법 등을 위반한 경우가 아니더라도 같은 조 제2항 각 호 외의 부분 본문에 따라 다른 교통에 방해가 된다면 주차위반에 대한 조치를 할 수 있는지 경찰청에 질의하였으나, 명확한 답변을 받지 못해 법령해석을 요청함."
330671,회답,4,이 사안의 경우 시ㆍ군공무원은 차의 운전자 또는 관리 책임이 있는 사람에게 주차 방법을 변경하거나 그 곳으로부터 이동할 것을 명할 수 있습니다.
330671,이유,5,「도로교통법」 제34조에서는 도로 또는 노상주차장에 정차하거나 주차하려고 하는 차의 운전자는 “대통령령으로 정하는 정차 또는 주차의 방법ㆍ시간과 금지사항 등”을 지켜야 한다고 규정하고 있습니다.
330671,이유,6,"그리고 「도로교통법」 제34조의 위임에 따른 같은 법 시행령 제11조제1항에서는 운전자가 지켜야 하는 “정차 또는 주차의 방법 및 시간”에 대해 정하고 있고, 같은 조 제2항에서는 같은 조 제1항에 따라 정차하거나 주차할 때에는 다른 교통에 방해되지 않도록 하는 운전자의 “금지사항”을 정하고 있습니다."
330671,이유,7,"따라서 위와 같은 「도로교통법」 및 같은 법 시행령의 규정 체계에 비추어 볼 때, 같은 법 시행령 제11조제1항 및 제2항은 같은 법 제34조의 위임에 따라 각각 별개의 내용을 정하고 있다고 보아야 하고, 「도로교통법」 제35조제1항은 같은 법 제34조를 위반하여 주차하고 있는 차량에 대한 조치를 규정하고 있으므로 「도로교통법 시행령」 제11조제2항을 위반한 경우도 「도로교통법」 제35조제1항에 따른 조치 대상에 해당합니다."
330671,이유,8,또한 「도로교통법 시행령」 제11조제1항에 따른 정차 또는 주차의 방법 및 시간을 지켰다고 하더라도 다른 교통에 방해가 되는 경우를 「도로교통법」 제34조 위반으로 보지 않는다면 「도로교통법 시행령」 제11조제1항에 따른 정차 또는 주차의 방법 및 시간을 지켰다고 하더라도 다른 교통에 방해가 되는 경우를 규제할 법적 근거가 없어지게 되는 결과를 초래하게 되어 「도로교통법 시행령」 제11조제2항을 같은 조 제1항과 별도의 항으로 규정한 도로교통법령의 규정 체계에 부합하지 않게 된다는 점도 이 사안을 해석할 때 고려해야 합니다.
330671,이유,9,<관계 법령>
330671,이유,10,「도로교통법」
330671,이유,11,제34조(정차 또는 주차의 방법 및 시간의 제한)도로 또는 노상주차장에 정차하거나 주차하려고 하는 차의 운전자는 차를 차도의 우측 가장자리에 정차하는 등 대통령령으로 정하는 정차 또는 주차의 방법ㆍ시간과 금지사항 등을 지켜야 한다.제35조(주차위반에 대한 조치)① 다음 각 호의 어느 하나에 해당하는 사람은 제32조ㆍ제33조 또는 제34조를 위반하여 주차하고 있는 차가 교통에 위험을 일으키게 하거나 방해될 우려가 있을 때에는 차의 운전자 또는 관리 책임이 있는 사람에게 주차 방법을 변경하거나 그 곳으로부터 이동할 것을 명할 수 있다.1.경찰공무원
330671,이유,12,"2.시장등(도지사를 포함한다.이하 이 조에서 같다)이 대통령령으로 정하는 바에 따라 임명하는 공무원(이하 “시ㆍ군공무원”이라 한다.② 경찰서장이나 시장등은 제1항의 경우 차의 운전자나 관리 책임이 있는 사람이 현장에 없을 때에는 도로에서 일어나는 위험을 방지하고 교통의 안전과 원활한 소통을 확보하기 위하여 필요한 범위에서 그 차의 주차방법을 직접 변경하거나 변경에 필요한 조치를 할 수 있으며, 부득이한 경우에는 관할 경찰서나 경찰서장 또는 시장등이 지정하는 곳으로 이동하게 할 수 있다.③ ∼ ⑦ (생  략)"
330671,이유,13,「도로교통법 시행령」
330671,이유,14,"제11조(정차 또는 주차의 방법 등)① 차의 운전자가 법 제34조에 따라 지켜야 하는 정차 또는 주차의 방법 및 시간은 다음 각 호와 같다.1.모든 차의 운전자는 도로에서 정차할 때에는 차도의 오른쪽 가장자리에 정차할 것.다만, 차도와 보도의 구별이 없는 도로의 경우에는 도로의 오른쪽 가장자리로부터 중앙으로 50센티미터 이상의 거리를 두어야 한다.2.여객자동차의 운전자는 승객을 태우거나 내려주기 위하여 정류소 또는 이에 준하는 장소에서 정차하였을 때에는 승객이 타거나 내린 즉시 출발하여야 하며 뒤따르는 다른 차의 정차를 방해하지 아니할 것"
330671,이유,15,3.모든 차의 운전자는 도로에서 주차할 때에는 지방경찰청장이 정하는 주차의 장소ㆍ시간 및 방법에 따를 것
330671,이유,16,"② 모든 차의 운전자는 제1항에 따라 정차하거나 주차할 때에는 다른 교통에 방해가 되지 아니하도록 하여야 한다.다만, 다음 각 호의 어느 하나에 해당하는 경우에는 그러하지 아니하다.1.안전표지 또는 다음 각 목의 어느 하나에 해당하는 사람의 지시에 따르는 경우"
330671,이유,17,가.국가경찰공무원(의무경찰을 포함한다.이하 같다)나.제주특별자치도의 자치경찰공무원(이하 “자치경찰공무원”이라 한다)다.국가경찰공무원 또는 자치경찰공무원(이하 “경찰공무원”이라 한다)을 보조하는 제6조 각 호의 어느 하나에 해당하는 사람
330671,이유,18,2.고장으로 인하여 부득이하게 주차하는 경우
330671,이유,19,③ (생  략)
