판례일련번호,구분,문장번호,내용
306606,판례내용,1,울 산 지 방 법 원
306606,판례내용,2,판 결
306606,판례내용,3,"사 건 2013고단1669 절도, 사문서위조, 위조사문서행사"
306606,판례내용,4,피 고 인 A
306606,판례내용,5,"검 사 박○(기소), 이○(공판)"
306606,판례내용,6,판 결 선 고 2013.7.4.
306606,판례내용,7,주 문
306606,판례내용,8,피고인을 징역 10월에 처한다.
306606,판례내용,9,이 유
306606,판례내용,10,범죄사실
306606,판례내용,11,"피고인은 B(같은 날 기소중지 처분)와 함께 타인에게 리스된 자동차를 마치 자기들이 리스한 것처럼 서류를 위조한 후 판매하고, 그 자동차의 소재를 파악하여 이를 다시 절취하기로 공모하였다."
306606,판례내용,12,1.사문서위조
306606,판례내용,13,"피고인은 위와 같은 공모에 따라 2012.9.7.경 서울 강남구 00동에 있는 00힐 원룸 000호에서 위 B로부터 교부받은 주식회사 C의 도장이 날인되어 있는 자동차리스계약서 양식에 검정색 필기구를 사용하여 리스차량 모델명란에 “BMW520D”, 차량가격란에 “63,800,000”, 차량번호란에 “00보0000”, 리스이용자성명란에 “A”, 주민번호란에 “000000-000000”, 주소 자택란에 “경기 고양시 일산 동구 ”, 리스이용자란에 “A”라고 기재한 다음 그 이름 옆에 피고인의 도장을 날인하였다."
306606,판례내용,14,이로써 피고인은 위 B와 공모하여 행사할 목적으로 권리의무에 관한 사문서인 주식회사 C 명의의 자동차리스계약서 1장을 위조하였다.
306606,판례내용,15,2.위조사문서행사
306606,판례내용,16,피고인은 2012.9.11.
306606,판례내용,17,위 B의 지시에 따라 서울 강남구에 있는 00초등학교 부근으로 가 B로부터 인도받은 00보0000호 BMW 승용차를 성명불상자에게 판매하면서 위와 같이 위조한 자동차리스계약서를 그 정을 모르는 위 성명불상자에게 마치 진정하게 성립된 것처럼 교부하였다.
306606,판례내용,18,이로써 피고인은 위 B와 공모하여 위조된 사문서를 행사하였다.
306606,판례내용,19,3.절도
306606,판례내용,20,피고인은 2012.9.29.
306606,판례내용,21,02:00경 위 B로부터 위 BMW 승용차의 위치를 전달받아 부산 해운대구 해운대에 있는 0000 호텔 부근으로 가 그곳에 주차된 피해자 H점유의 00보0000호 BMW 승용차를 미리 소지하고 있던 열쇠를 이용하여 운전하여 갔다.
306606,판례내용,22,"이로써 피고인은 위 B와 공모하여 피해자 주식회사 C 소유인 시가 2,900만 원 상당의 위 승용차 및 그 차량 안에 있던 피해자 김혜옥 소유인 시가 280만 원 상당의 프라다 핸드백, 시가 90만 원 상당의 갤럭시 S2 휴대전화기, 현금 70만 원 등을 절취하였다."
306606,판례내용,23,증거의요지
306606,판례내용,24,1.피고인의 법정진술
306606,판례내용,25,2.I에 대한 경찰진술조서
306606,판례내용,26,3.J의 진술서
306606,판례내용,27,4.자동차리스계약서 사본
306606,판례내용,28,법령의적용
306606,판례내용,29,1.범죄사실에 대한 해당법조
306606,판례내용,30,"형법 제329조, 제231조, 제234조, 제30조, 각 징역형 선택"
306606,판례내용,31,2.경합범가중
306606,판례내용,32,"형법 제37조 전단, 제38조 제1항 제2호, 제50조"
306606,판례내용,33,양형의이유
306606,판례내용,34,피고인이 2011.5.12.
306606,판례내용,35,울산지방법원에서 게임산업진흥에 관한 법률위반죄로 징역 8월에 집행유예 2년을 선고받고 2011.5.20.
306606,판례내용,36,"위 판결이 확정되어 집행유예기간 중에 이 사건 각 범행을 저지른 점, 피해 물품이 고가품인 점 등 불리한 정상과 피고인이 자백하며 반성하고 있는 점, 유사한 전과가 많은 B가 이 사건 각 범행에 주도적이었던 것으로 보이는 점, 이 사건 차량이 소유주에게 반환된 점 등 유리한 정상에, 그밖에 피고인의 나이, 가정환경, 범행 경위, 범행 후의 정황 등 제반 사정을 참작하여 주문과 같이 형을 정한다."
306606,판례내용,37,이○의 이유로 주문과 같이 판결한다.
306606,판례내용,38,판사 오○ _________________________
