판례일련번호,구분,문장번호,내용
303918,판례내용,1,대 전 지 방 법 원
303918,판례내용,2,판 결
303918,판례내용,3,사 건
303918,판례내용,4,2014고단1854 사기
303918,판례내용,5,피 고 인
303918,판례내용,6,甲
303918,판례내용,7,검 사
303918,판례내용,8,"정○(기소), 이○(공판)"
303918,판례내용,9,변 호 인
303918,판례내용,10,변호사 전○(국선)
303918,판례내용,11,판 결 선 고
303918,판례내용,12,2014.10.1.
303918,판례내용,13,주 문
303918,판례내용,14,"피고인을 벌금 2,000,000원에 처한다."
303918,판례내용,15,"피고인이 위 벌금을 납입하지 아니하는 경우 100,000원을 1일로 환산한 기간 피고인을 노역장에 유치한다."
303918,판례내용,16,이 유
303918,판례내용,17,범 죄 사 실
303918,판례내용,18,피고인은 2008.6.경부터 2012.1.경까지 대전 서구에 있는 ‘○○의원’을 운영하던 의사이다.
303918,판례내용,19,"피고인은 위 ○○의원을 운영하면서, 피고인이 원장실에 있는 컴퓨터를 이용하여 전산시스템에 환자들에 대한 진료내역을 입력하면 직원들이 매월 초순경 위와 같이 피고인이 입력한 진료내역들을 컴퓨터 전산시스템을 통하여 건강보험 심사평가원에 전송하는 방법으로 요양급여를 신청하고 그에 따라 피해자인 국민건강보험공단(이하 ‘피해자 공단’이라 함)으로부터 요양급여를 수령하게 되는 점을 이용하여, 실제로 진료를 하지 않은 환자에 대하여 진료를 한 것처럼 진료내역을 허위로 입력하는 방법으로 피해자 공단으로부터 그에 대한 요양급여를 편취하기로 마음먹었다."
303918,판례내용,20,"피고인은 2008.8.25.경 위 병원 원장실에서 컴퓨터 전산시스템에 실제로 진료하지 않은 환자인 乙을 진료한 것처럼 진료내역을 허위로 입력하고 직원을 통하여 2008.9.2.경 피해자 공단에 그에 대한 요양급여를 신청하여 같은 달 중순경 요양 급여로 10,450원 상당을 수령한 것을 비롯하여, 그 때부터 2011.5.30.경까지 별지 범죄일람표 기재와 같이 1,323회에 걸쳐 진료내역을 허위로 입력하고 그에 대하여 요양급여를 청구하는 방법으로 피해자 공단으로부터 합계 12,329,040원 상당의 요양급여를 수령하여 이를 편취하였다."
303918,판례내용,21,증거의 요지
303918,판례내용,22,1.피고인의 법정진술
303918,판례내용,23,1.피고인에 대한 검찰 피의자신문조서 중 일부 기재
303918,판례내용,24,1.丙 등에 대한 각 경찰 진술조서
303918,판례내용,25,"1.보건복지부장관의 고발장, 건강보험 요양기관 고발조치 위임"
303918,판례내용,26,"1.요양기관 현황조회, 조사명령서, 확인서"
303918,판례내용,27,"1.丁 수진자 허위청구 여부 확인결과, 사실확인서, 직원인력현황"
303918,판례내용,28,1.계좌거래내역
303918,판례내용,29,"1.수사보고(참고인 이메일 조사), 이메일"
303918,판례내용,30,"1.수사보고서(내원일수 허위청구 확인, 기타징수금 납부현황), 징수금 미납내역서 사본, 각 거래내역 확인증"
303918,판례내용,31,법령의 적용
303918,판례내용,32,1.범죄사실에 대한 해당법조
303918,판례내용,33,각 형법 제347조 제1항(각 벌금형 선택)
303918,판례내용,34,1.경합범가중
303918,판례내용,35,"형법 제37조 전단, 제38조 제1항 제2호, 제50조"
303918,판례내용,36,1.노역장유치
303918,판례내용,37,"형법 제70조 제1항, 제69조 제2항"
303918,판례내용,38,양형의 이유
303918,판례내용,39,"반성하고 있는 점, 이 사건과 관련하여 국민건강보험공단에서 추징하는 금액을 전액 납부한 점 등 참작"
303918,판례내용,40,이○의 이유로 주문과 같이 판결한다.
303918,판례내용,41,판사 도○ _________________________
