판례일련번호,구분,문장번호,내용
238353,판례내용,1,【피 고 인】 피고인
238353,판례내용,2,"【검    사】 남○(기소), 가○(공판)"
238353,판례내용,3,【변 호 인】 변호사 최○(국선)
238353,판례내용,4,【주    문】
238353,판례내용,5,피고인을 징역 1년 6월에 처한다.
238353,판례내용,6,【이    유】【범죄사실】  피고인은 2005.12.22.
238353,판례내용,7,"대구지방법원에서 절도죄 등으로 징역 8월에 집행유예 2년을, 2006.5.17."
238353,판례내용,8,"대구지방법원에서 절도죄로 징역 8월을, 2007.9.4."
238353,판례내용,9,"대구지방법원에서 특정범죄가중처벌등에관한법률위반(절도)죄로 징역 1년 6월을, 2009.5.27."
238353,판례내용,10,"대구지방법원에서 특정범죄가중처벌등에관한법률위반(절도)죄로 징역 2년을, 2012.11.14."
238353,판례내용,11,"대구지방법원에서 특정범죄가중처벌등에관한법률위반(절도)죄 등으로 징역 3년 6월을 각각 선고받고, 2021.4.16."
238353,판례내용,12,수원지방법원에서 절도죄로 징역 1년 6월을 선고받고 2022.2.23.
238353,판례내용,13,원주교도소에서 그 형의 집행을 종료하였다.
238353,판례내용,14,피고인은 2022.9.16.
238353,판례내용,15,"23:45경 천안시 (주소 2 생략)음식점에서 피해자 공소외 5와 피해자 공소외 2가 자리를 비운 틈을 타 위 음식점 식탁 위에 올려져 있던 피해자 공소외 5 소유의 현금 약 15만 원, 카드, 신분증이 들어있는 시가 약 100만 원 상당의 검은색 입생로랑 가방 1개와, 피해자 공소외 2 소유의 현금 약 1만 원, 카드, 신분증 등이 들어있는 시가 약 10만 원 상당의 검은색 루이까또즈 가방 1개를 가지고 가 절취하였다."
238353,판례내용,16,이로써 피고인은 절도죄 등으로 세 번 이상 징역형을 받고 누범기간 중에 피해자들의 재물을 절취하였다.
238353,판례내용,17,【증거의 요지】1.피고인의 법정진술
238353,판례내용,18,"1.공소외 5, 공소외 2 작성의 각 진술서"
238353,판례내용,19,1.CCTV 영상 CD
238353,판례내용,20,"1.판시 전과 : 범죄경력조회서, 수사보고(특가법위반 성부 검토), 개인별수용현황"
238353,판례내용,21,【법령의 적용】1.범죄사실에 대한 해당법조
238353,판례내용,22,"특정범죄 가중처벌 등에 관한 법률 제5조의4 제5항 제1호, 형법 제329조"
238353,판례내용,23,1.누범가중
238353,판례내용,24,형법 제35조
238353,판례내용,25,1.정상참작감경
238353,판례내용,26,"형법 제53조, 제55조 제1항 제3호(피고인이 자신의 잘못을 반성하고 있는 점 등 제반 사정을 참작)"
238353,판례내용,27,"【죄수에 관한 판단】  검사는 판시 범죄사실이 수죄에 해당함(즉, 형법 제37조 전단의 경합범 관계에 있음)을 전제로 공소장의 적용법조에 형법 제37조, 제38조를 적시하였으나, 대법원은 일찍이 ‘단일한 범의로써 절취한 시간과 장소가 접착되어 있고 같은 사람의 관리 하에 있는 방안에서 소유자가 다른 물건을 여러 가지 절취한 경우에는 단순일죄가 성립한다’는 취지로 판시한 바 있다(대법원 1970.7.21."
238353,판례내용,28,"선고 70도1133 판결, 대법원 1979.10.10."
238353,판례내용,29,선고 79도2093 판결 등 참조).
238353,판례내용,30,"이 사건에서 판시 범행이 동일한 시간, 장소에서 이루어졌고, 피고인이 단일한 범의로써 같은 사람의 관리 하에 있는 음식점 안에서 소유자를 달리하는 두 피해자의 물건을 절취한 경우에 해당하는 이상 1개의 특정범죄가중처벌등에관한법률위반(절도)죄가 성립한다고 할 것이다.따라서 이에 어긋나는 검사의 주장(공소장 적용법조의 기재에 비추어 경합범 가중을 해야 한다는 취지로 선해한다)은 받아들이지 않는다."
238353,판례내용,31,판사 하○
