판례일련번호,구분,문장번호,내용
303228,판례내용,1,"사 건 2011고단3539, 2011고단3936(병합)사기"
303228,판례내용,2,"피 고 인 ○○○ (******-*******), 무직"
303228,판례내용,3,주거 생략
303228,판례내용,4,등록기준지 생략
303228,판례내용,5,검 사 김○
303228,판례내용,6,변 호 인 변호사 ***(국선)
303228,판례내용,7,판 결 선 고 2011.9.30.
303228,판례내용,8,주문
303228,판례내용,9,피고인을 징역 6월에 처한다.
303228,판례내용,10,이유
303228,판례내용,11,피고인은 청주지방법원에서 사기죄로 징역 6월을 선고받아 2010.4.27.
303228,판례내용,12,2010.9.2.
303228,판례내용,13,대전교도소에서 위형의 집행을 종료하였다.
303228,판례내용,14,『2011고단3539』
303228,판례내용,15,1.피고인은 2011.7.15.
303228,판례내용,16,14:36경부터 2011.7.16.
303228,판례내용,17,"09:40경까지 (소재지 생략)에 있는 피해자 A이 운영하는 ‘****’ PC방에서 사실은 이용료를 지급할 의사와 능력이 없음에도 이를 지급할 것처럼 행세하면서 그 곳에 구비된 컴퓨터를 이용하고, 컵라면 2개를 취식하였다."
303228,판례내용,18,"피고인은 위와 같이 피해자를 기망하여 이에 속은 피해자의 허락을 얻어 위 PC방을 이용한 후 이용료 25,600원을 지급하지 아니함으로써 같은 금액 상당의 재산상 이익을 취득하였다."
303228,판례내용,19,2.피고인은 2011.7.16.
303228,판례내용,20,14:05경부터 2011.7.17.
303228,판례내용,21,"14:40경까지 (소재지 생략)에 있는 피해자 B이 운영하는 ‘**’ PC방에서 사실은 이용료를 지급할 의사와 능력이 없음에도 이를 지급할 것처럼 행세하면서 그 곳에 구비된 컴퓨터를 이용하고, 컵라면 3개를 취식하였다."
303228,판례내용,22,"피고인은 위와 같이 피해자를 기망하여 이에 속은 피해자의 허락을 얻어 위 PC방을 이용한 후 이용료 26,500원을 지급하지 아니함으로써 같은 금액 상당의 재산상 이익을 취득하였다."
303228,판례내용,23,『2011고단3936』
303228,판례내용,24,피고인은 2011.5.21.
303228,판례내용,25,15:00경부터 2011.5.22.
303228,판례내용,26,09:30경까지 (소재지 생략)에 있는 피해자 C이 운영하는 ‘**’ PC방에서 사실은 이용료를 지급할 의사와 능력이 없음에도 이를 지급할 것처럼 행세하면서 그 곳에 구비된 컴퓨터를 이용하였다.
303228,판례내용,27,"피고인은 위와 같이 피해자를 기망하여 이에 속은 피해자의 허락을 얻어 위 PC방을 이용한 후 이용료 15,000원을 지급하지 아니함으로써 같은 금액 상당의 재산상 이익을 취득하였다."
303228,판례내용,28,『2011고단3539』
303228,판례내용,29,1.피고인의 법정진술
303228,판례내용,30,"1.A, ***에 대한 각 경찰 진술조서"
303228,판례내용,31,1.사용자요금정보
303228,판례내용,32,『2011고단3936』
303228,판례내용,33,1.피고인의 법정진술
303228,판례내용,34,1.C의 진술서
303228,판례내용,35,『판시 전과』
303228,판례내용,36,"1.범죄경력조회, 출소사실확인보고, 수사보고서(피의자 관련 사건 판결문 첨부)-판결문 및 약식명령분 10부"
303228,판례내용,37,1.범죄사실에 대한 해당법조 및 형의 선택
303228,판례내용,38,"각 형법 제347조 제1항(징역형 선택, 비록 일부 피해자가 피고인에 대한 처벌을 원치 않고 있으나, 피고인은 동종 범행으로 수회 처벌받은 전력이 있음에도 불구하고 누범기간 중에 다시 이 사건 범행을 저질렀고, 그 피해회복이 되지 아니하고 있으며, 피해자 A에 대한 사기죄로 현행범 체포되어 조사받고 석방된 직후 피해자 B에 대한 사기죄를 범한 점에서 피고인은 별다른 죄의식 없이 범행을 저지르고 있는 것으로 보임)"
303228,판례내용,39,1.누범가중
303228,판례내용,40,각 형법 제35조
303228,판례내용,41,1.경합범가중
303228,판례내용,42,"형법 제37조 전단, 제38조 제1항 제2호, 제50조"
303228,판례내용,43,판사 최○ _________________________
