판례일련번호,구분,문장번호,내용
303743,판례내용,1,대전지방법원 홍○
303743,판례내용,2,제 1 형 사 부
303743,판례내용,3,판 결
303743,판례내용,4,사 건 2006고합53 공직선거법위반
303743,판례내용,5,"피 고 인 김○○○ (610813-1******), 홍성군의원"
303743,판례내용,6,주거 충남 홍성군 광천읍
303743,판례내용,7,본적 충남 홍성군 광천읍
303743,판례내용,8,검 사 신○
303743,판례내용,9,변 호 인 변호사 김○
303743,판례내용,10,판 결 선 고 2006.10.13.
303743,판례내용,11,주 문
303743,판례내용,12,"피고인을 벌금 800,000원에 처한다."
303743,판례내용,13,"피고인이 위 벌금을 납입하지 아니하는 경우 50,000원을 1일로 환산한 기간 피고인을 노역장에 유치한다."
303743,판례내용,14,피고인에게 위 벌금 상당액의 가납을 명한다.
303743,판례내용,15,이 유
303743,판례내용,16,범 죄 사 실
303743,판례내용,17,피고인은 2006.5.31.
303743,판례내용,18,"실시된 제4회 전국동시지방선거에서 홍성군 ‘다’ 선거구(홍성군, 광천읍, 홍동면, 장곡면)의 홍성군의회 의원 무소속 후보자로 출마하여 당선된 사○, 2006.5.8."
303743,판례내용,19,"17:00경 충남 홍성군 광천읍 소암리 소재 김○●철의 집에 방문하여 김○●철에게 명함을 교부하며 지지를 호소한 것을 비롯하여, 2006.5.12.경까지 충남 홍성군 광천읍 소암리 소재 이○○, 김○●규, 이○●우, 박●숙 등 5명의 집을 방문한 다음 명함을 교부하며 지지를 호소하는 등 선거운동 기간 전에 호별방문하여 선거운동을 한 것이○다."
303743,판례내용,20,증거의 요지
303743,판례내용,21,1.피고인의 법정진술
303743,판례내용,22,1.피고인에 대한 검찰피의자신문조서
303743,판례내용,23,1.김○●철에 대한 검찰 진술조서
303743,판례내용,24,"1.이○, 김○●규, 이●우의 각 자술서"
303743,판례내용,25,1.수사보고(수사기록 제18면)
303743,판례내용,26,법령의 적용
303743,판례내용,27,1.범죄사실에 대한 해당법조 및 형의 선택
303743,판례내용,28,"공직선거법 제254조 제2항 제5호(포괄하여, 벌금형 선택)"
303743,판례내용,29,1.형의 양정
303743,판례내용,30,"벌금 800,000원(피고인이 초범인 점, 호별방문의 세대수가 그다지 많지 않은 점, 범행 이후 깊이 반성하고 있는 점 등 참작)"
303743,판례내용,31,1.노역장유치
303743,판례내용,32,"형법 제70조, 제69조 제2항"
303743,판례내용,33,1.가납명령
303743,판례내용,34,형사소송법 제334조 제1항
303743,판례내용,35,무죄부분
303743,판례내용,36,"이 사건 공소사실의 요지는, 피고인이 2006.5.8."
303743,판례내용,37,17:00경부터 2006.5.12.경까지 사이에 충남 홍성군 광천읍 소암리 소재 김○●하의 집을 방문한 다음 명함을 교부하며 지지를 호소하는 등 선거운동 기간 전에 호별방문하여 선거운동을 한 것이라고 함에 있다.
303743,판례내용,38,"살피건대, 피고인은 수사기관 이래 이 법정에 이르기까지 김○○○●하의 집을 방문한 사실이 없다고 범행을 부인하고 있고, 증인 김○○○●하의 이 법정에서의 진술 및 김○○○●하의 자술서(수사기록 제7면) 내용에 의하더라도 2006.5.8."
303743,판례내용,39,"오후에 집안의 마루 끝에 피고인의 명함이 놓여 있는 것을 발견하였을 뿐 누가 그 명함을 가져다 놓았는지 모른다는 취지에 불과할 뿐만 아니라, 김○●하로서도 선거기간에 시장에서 후보자들의 명함을 받은 적이 있다고 진술하고 있어 위 공소사실을 인정하기에 부족하고 달리 이를 인정할 만한 증거가 없다."
303743,판례내용,40,"따라서 이 부분 공소사실은 범죄의 증명이 없는 경우에 해당하여 형사소송법 제325조 후단에 의하여 무죄를 선고하여야 할 것이나, 이와 포괄일죄의 관계에 있는 판시 공직선거법위반죄를 유죄로 인정한 이상 주문에서 따로 무죄의 선고를 하지 아니한다."
303743,판례내용,41,이○의 이유로 주문과 같이 판결한다.
303743,판례내용,42,재판장 판사 이○ _________________________
303743,판례내용,43,판사 서○ _________________________
303743,판례내용,44,판사 김○ _________________________
