판례일련번호,구분,문장번호,내용
305539,판례내용,1,서울북부지방법원
305539,판례내용,2,판 결
305539,판례내용,3,사 건 2016고정2096 사기
305539,판례내용,4,2016고정2127(병합)
305539,판례내용,5,피 고 인 A
305539,판례내용,6,"검 사 ○○○, ○○○(각 기소), ○○○(공판)"
305539,판례내용,7,판 결 선 고 2016.12.22.
305539,판례내용,8,주 문
305539,판례내용,9,"피고인을 벌금 3,000,000원에 처한다."
305539,판례내용,10,"피고인이 위 벌금을 납입하지 아니하는 경우 100,000원을 1일로 환산한 기간 피고인을 노역장에 유치한다."
305539,판례내용,11,위 벌금에 상당한 금액의 가납을 명한다.
305539,판례내용,12,이 유
305539,판례내용,13,범죄사실
305539,판례내용,14,[범죄전력]
305539,판례내용,15,피고인은 2016.5.27.
305539,판례내용,16,서울북부지방법원에서 사기죄 등으로 징역 1년을 선고받고 2016.7.26.
305539,판례내용,17,위 판결이 확정된 자이다.
305539,판례내용,18,[2016고정2096]
305539,판례내용,19,1.피고인은 2016.2.14.경 불상지에서 인터넷 ○○○ '○○○○' 카페 게시판에 “뮤지컬티켓을 판매합니다”라는 글을 게시하였다.
305539,판례내용,20,"그러나 사실 피고인은 위 티켓을 가지고 있지 않았고, 대금을 받더라도 이를 생활비로 사용할 계획이었기 때문에 구매자들에게 위 티켓을 판매할 의사나 능력이 없었다."
305539,판례내용,21,피고인은 위 게시글을 보고 연락한 피해자 ○○○에게 “물품 대금을 주면 티켓을 보내주겠다”고 거짓말하고 이에 속은 피해자로부터 티켓 대금 명목으로 34만원을 연○ 명의의 ○○은행 계좌(***********)로 송금받았다.
305539,판례내용,22,피고인은 위와 같은 방법으로 2016.2.14.부터 2016.2.21.경까지 사이에 별지 범죄일람표 기재와 같이 총 5회에 걸쳐 피해자들을 기망하고 이에 속은 피해자들로부터 합계 154만원을 송금받았다.
305539,판례내용,23,이로써 피고인은 피해자들을 기망하여 재산상 이익을 취득하였다.
305539,판례내용,24,[2016고정2127]
305539,판례내용,25,2.피고인은 2016.1.27.
305539,판례내용,26,"13:00경 서울 ○○구 ○○동에 있는 ‘○○ 피씨방’에서, 그곳에 설치된 컴퓨터를 이용하여 중고품 거래 관련 인터넷 사이트인 ○○○ '○○○○' 카페에 “○○○ 뮤지컬 티켓 2매를 28만 원에 판매합니다.”라는 글을 올린 후 이를 보고 연락한 피해자 ○○○에게 대금을 송금하면 티켓을 보내줄 것처럼 거짓말을 하였다."
305539,판례내용,27,그러나 사실은 피해자로부터 대금을 송금받더라도 티켓을 판매할 의사나 능력이 없었다.
305539,판례내용,28,피고인은 이와 같이 피해자를 기망하여 이에 속은 피해자로부터 같은 날 티켓 대금 명목으로 28만 원을 송금받았다.
305539,판례내용,29,증거의요지
305539,판례내용,30,[2016고정2096]
305539,판례내용,31,1.피고인의 법정진술
305539,판례내용,32,2.피고인에 대한 경찰 피의자신문조서
305539,판례내용,33,"3.○○○, ○○○, ○○○, ○○○, ○○○의 각 진정서 및 진술서"
305539,판례내용,34,"4.영장회신, 압수영장회신"
305539,판례내용,35,[2016고정2127]
305539,판례내용,36,1.피고인의 법정진술
305539,판례내용,37,2.피고인에 대한 경찰 피의자신문조서
305539,판례내용,38,"3.○○○, ○○○에 대한 각 경찰 진술조서"
305539,판례내용,39,4.○○○의 진술서
305539,판례내용,40,[전과]
305539,판례내용,41,"1.범죄경력등조회회보서, 판결문 등"
305539,판례내용,42,법령의적용
305539,판례내용,43,1.범죄사실에 대한 해당법조 및 형의 선택
305539,판례내용,44,"각 형법 제347조 제1항, 각 벌금형 선택"
305539,판례내용,45,2.경합범 처리
305539,판례내용,46,"형법 제37조 후단, 제39조 제1항"
305539,판례내용,47,3.경합범 가중
305539,판례내용,48,"형법 제37조 전단, 제38조 제1항 제2호, 제50조"
305539,판례내용,49,4.노역장유치
305539,판례내용,50,"형법 제70조 제1항, 제69조 제2항"
305539,판례내용,51,5.가납명령
305539,판례내용,52,형사소송법 제334조 제1항
305539,판례내용,53,판사 유○ _________________________
