판례일련번호,구분,문장번호,내용
186715,판례내용,1,【피 고 인】
186715,판례내용,2,【검    사】 안○
186715,판례내용,3,【주    문】
186715,판례내용,4,피고인을 징역 6월에 처한다.
186715,판례내용,5,"【이    유】【범죄사실】1.음주운전, 무면허운전"
186715,판례내용,6,피고인은 2010.6.11.
186715,판례내용,7,06:15경 자동차 운전면허를 받지 아니하고 혈중알콜농도 0.162%의 술에 취한 상태로
186715,판례내용,8,(차량번호 생략)승용차를 운전하여 서울 금천구 시흥5동 부근 도로에서부터 안양시 만안구 석수3동 747에 있는 삼영운수 앞 도로에 이르기까지 약 6.9km의 거리를 운행하였다.
186715,판례내용,9,2.범인도피교사
186715,판례내용,10,"피고인은 위 혐의로 경찰에서 조사를 받게 되자, 자신이 운전한 사실을 숨기고자 2010.6.12."
186715,판례내용,11,안양시 만안구 석수동
186715,판례내용,12,(상세주소 1 생략)에 있는 자신의 집에서 동거녀인
186715,판례내용,13,"공소외 1에게 마치 위 일시에 그녀가 운전을 한 것처럼 진술해 줄 것을 부탁하였다.공소외 1은 피고인의 부탁을 받고 자신이 운전한 것으로 허위진술하기로 마음먹고, 2010.6.15."
186715,판례내용,14,안양시 동안구에 있는 안양경찰서 교통조사계 사무실에서 사법경찰리 경장
186715,판례내용,15,"공소외 3에게 자신이 운전을 하였고, 피고인은 조수석에 타고 있었다는 취지로 진술을 하였고, 2010.8.12."
186715,판례내용,16,안양시 동안구에 있는 수원지방검찰청 안양지청 607호 검사실에서 검사
186715,판례내용,17,공소외 4에게 같은 취지로 진술하였다.
186715,판례내용,18,이로써 피고인은
186715,판례내용,19,공소외 1로 하여금 벌금 이상의 형에 해당하는 죄를 범한 자신을 도피시키도록 교사하였다.
186715,판례내용,20,【증거의 요지】1.피고인 및
186715,판례내용,21,공소외 1에 대한 각 검찰 피의자신문조서
186715,판례내용,22,1.공소외 1에 대한 검찰 진술조서
186715,판례내용,23,"1.공소외 1,"
186715,판례내용,24,"5,"
186715,판례내용,25,6에 대한 각 경찰 진술조서
186715,판례내용,26,"1.주취운전자 적발보고서, 주취운전자 정황보고서, 자동차운전면허대장"
186715,판례내용,27,1.각 수사보고
186715,판례내용,28,【법령의 적용】1.범죄사실에 대한 해당법조
186715,판례내용,29,"도로교통법 제148조의2 제1호,"
186715,판례내용,30,"제44조 제1항(음주운전의 점),"
186715,판례내용,31,"도로교통법 제152조 제1호,"
186715,판례내용,32,"제43조(무면허운전의 점),"
186715,판례내용,33,"형법 제151조 제1항,"
186715,판례내용,34,제31조 제1항(범인도피교사의 점)
186715,판례내용,35,1.상상적 경합
186715,판례내용,36,"형법 제40조,"
186715,판례내용,37,제50조
186715,판례내용,38,1.형의 선택
186715,판례내용,39,각 징역형 선택
186715,판례내용,40,1.경합범가중
186715,판례내용,41,"형법 제37조 전단,"
186715,판례내용,42,"제38조 제1항 제2호,"
186715,판례내용,43,제50조
186715,판례내용,44,"【양형의 이유】  피고인이 음주 또는 무면허운전 행위로 여러 차례에 걸쳐 벌금형으로 처벌받은 전력이 있는 점, 특히 2009.9.4."
186715,판례내용,45,"서울남부지방법원에서 도로교통법위반(무면허운전)죄 등으로 징역 1년 6월에 집행유예 3년을 선고받았음에도 그 유예기간 중에 또다시 이 사건 범행을 저지른 점, 음주·무면허운전이 적발되자 처벌을 면하기 위해 동승자로 하여금 수사기관에 허위진술을 하도록 교사하는 등 이 사건 범행은 그 죄질이 중한 점 등을 참작하여 주문과 같이 피고인에게 실형을 선고한다."
186715,판례내용,46,판사 이○
