판례일련번호,구분,문장번호,내용
158559,판례내용,1,【피 고 인】
158559,판례내용,2,【항 소 인】 피고인
158559,판례내용,3,【검    사】 김○
158559,판례내용,4,【변 호 인】 변호사 홍○
158559,판례내용,5,【환송판결】 서울동부지방법원 2009.1.8.
158559,판례내용,6,선고 2008노1628 판결
158559,판례내용,7,【주    문】
158559,판례내용,8,1.원심판결 중
158559,판례내용,9,피고인에 대한 부분을 파기한다.
158559,판례내용,10,2.피고인을 징역 8월에 처한다.
158559,판례내용,11,"3.피고인으로부터 201,500원을 추징한다."
158559,판례내용,12,【이    유】1.항소이유의 요지
158559,판례내용,13,원심이 피고인에게 선고한 형(징역 8월)이 너무 무거워 부당하다.
158559,판례내용,14,2.직권파기
158559,판례내용,15,"기록에 의하면, 원심은 그 판시와 같이 피고인의 대마 재배 및 흡연에 대한 각 범죄사실을 유죄로 인정하였으면서도, 그에 관한 적용법조를 기재하지 아니한 사실이 인정되는바, 이는 항소이유 중 하나인"
158559,판례내용,16,형사소송법 제361조의5 제11호에서 정한 ‘판결에 이유를 붙이지 아니한 때’에 해당하므로 이러한 점에서 원심은 파기를 면할 수 없다.
158559,판례내용,17,3.결론
158559,판례내용,18,"그렇다면, 원심판결에는 위와 같은 직권파기 사유가 있으므로 피고인의 양형부당 주장에 관한 판단을 생략한 채"
158559,판례내용,19,"형사소송법 제364조 제2항,"
158559,판례내용,20,제6항에 의해 원심판결을 파기하고 변론을 거쳐 다시 다음과 같이 판결한다.
158559,판례내용,21,【범죄사실 및 증거의 요지】이 법원이 인정하는 범죄사실 및 증거의 요지는 원심판결 각 해당란 기재와 같으므로
158559,판례내용,22,형사소송법 제369조에 따라 이를 그대로 인용한다.
158559,판례내용,23,【법령의 적용】1.범죄사실에 대한 해당법조 및 형의 선택
158559,판례내용,24,각
158559,판례내용,25,"형법 제241조 제1항 전문(간통의 점),"
158559,판례내용,26,"마약류관리에관한법률 제61조 제1항 제7호,"
158559,판례내용,27,"제4조 제1항(대마 재배의 점, 징역형 선택),"
158559,판례내용,28,"마약류관리에관한법률 제61조 제1항 제8호,"
158559,판례내용,29,"제3조 제11호(대마 흡연의 점, 징역형 선택), 각"
158559,판례내용,30,"마약류관리에관한법률 제60조 제1항 제3호,"
158559,판례내용,31,"제4조 제1항,"
158559,판례내용,32,"제2조 제4호 나목(필로폰 투약의 점, 각 징역형 선택)"
158559,판례내용,33,2.경합범가중
158559,판례내용,34,"형법 제37조 전단,"
158559,판례내용,35,"제38조 제1항 제2호,"
158559,판례내용,36,제50조
158559,판례내용,37,3.추징
158559,판례내용,38,마약류관리에관한법률 제67조 단서
158559,판례내용,39,"【양형의 이유】피고인이 자신의 잘못을 반성하고 있는 점, 이 사건 간통죄의 고소인이 파기환송 전 1심판결("
158559,판례내용,40,"서울동부지방법원 2008고단608 등)선고 이후 고소를 취소하여 피고인의 처벌을 원하고 있지 아니한 점 등 피고인에게 유리한 사정과 피고인이 2004.11.경 동종 범행으로 벌금 1,000만 원을 선고받은 전력이 있는 점, 피고인이 원심 판시 1의나."
158559,판례내용,41,"(1)항 내지 (3)항 기재 범죄사실로 재판을 받던 중 재차 같은 (4)항 기재 동종 범행을 저지름으로써 피고인을 엄히 처벌할 필요가 있는 점 등 피고인에게 불리한 사정을 모두 종합하여 보면, 원심이 피고인에게 선고한 형은 적절하다고 판단되므로 주문과 같이 선고하기로 한다."
158559,판례내용,42,판사 이○(재판장)전아람 박병민
