판례일련번호,구분,문장번호,내용
305461,판례내용,1,서울북부지방법원
305461,판례내용,2,판결
305461,판례내용,3,사 건 2016고단2324절도
305461,판례내용,4,피고인 A
305461,판례내용,5,"검 사 ○○○(기소), ○○○(공판)"
305461,판례내용,6,판 결 선 고 2016.9.29.
305461,판례내용,7,주문
305461,판례내용,8,피고인을 징역 6월에 처한다.
305461,판례내용,9,"다만, 이 판결 확정일로부터 2년간 위 형의 집행을 유예한다."
305461,판례내용,10,이유
305461,판례내용,11,범죄사실
305461,판례내용,12,피고인은 부산 ○○구 ○○로○○번길에 있는 피해자 B가 운영하는 '○○○ 조개전골' ○○점 음식점 및 부산 ○○구 ○○로○○번길에 있는 피해자 C가 운영하는 '○○○ 조개전골' ◎◎점 음식점에서 번갈아 가면서 종업원으로 일한 사람이다.
305461,판례내용,13,1.피고인은 2014.7.15.
305461,판례내용,14,"21:00경 위 '○○○ 조개전골' ○○점 음식점에서 식당 종업원으로 일하던 중, 피해자 B와 다른 종업원들이 잠시 자리를 비우거나 관리가 소홀한 틈을 이용하여 손님으로부터 받은 음식 결제대금 35,000원 상당의 현금을 주머니에 몰래 넣어 가져갔다."
305461,판례내용,15,피고인은 그때부터 2015.1.31.
305461,판례내용,16,"21:00경까지 별지 범죄일람표(1)기재와 같이 총 133회에 걸쳐 같은 방법으로 10,610,000원 상당의 현금을 절취하였다."
305461,판례내용,17,2.피고인은 2014.7.31.
305461,판례내용,18,"21:00경 위 '○○○ 조개전골' ◎◎점 음식점에서 식당 종업원으로 일하던 중 피해자 C와 다른 종업원들이 잠시 자리를 비우거나 관리가 소홀한 틈을 이용하여 손님으로부터 받은 음식 결제대금 35,000원 상당의 현금을 주머니에 몰래 넣어 가져갔다."
305461,판례내용,19,피의자는 그때부터 2015.1.19.
305461,판례내용,20,"21:00경까지 별지 범죄일람표(2)에 기재와 같이 총 13회에 걸쳐 같은 방법으로 총 725,000원 상당의 현금을 절취하였다."
305461,판례내용,21,증거의요지
305461,판례내용,22,1.피고인의 법정진술
305461,판례내용,23,1.피고인에 대한 경찰 피의자신문조서
305461,판례내용,24,1.C에 대한 경찰 진술조서
305461,판례내용,25,1.매출취소내역
305461,판례내용,26,1.CCTV 캡쳐 사진
305461,판례내용,27,법령의적용
305461,판례내용,28,1.범죄사실에 대한 해당법조 및 형의 선택
305461,판례내용,29,"형법 제329조, 징역형 선택"
305461,판례내용,30,1.경합범가중
305461,판례내용,31,"형법 제37조 전단, 제38조 제1항 제2호, 제50조"
305461,판례내용,32,1.집행유예
305461,판례내용,33,형법 제62조 제1항
305461,판례내용,34,양형의이유
305461,판례내용,35,1.법률상 처단형의 범위 : 징역 1월 ~ 9년
305461,판례내용,36,2.양형기준상 권고형의 범위
305461,판례내용,37,[권고형의 범위]
305461,판례내용,38,일반재산에 대한 절도 > 제2유형(일반절도)> 감경영역(징역 4월 ~ 10월)
305461,판례내용,39,[특별감경인자]
305461,판례내용,40,처벌불원
305461,판례내용,41,3.선고형의 결정
305461,판례내용,42,"다음과 같은 정상, 피고인의 나이, 가족관계, 성향 등 이 사건 변론에 나타난 제반사정을 참작하여 주문과 같이 형을 정한다."
305461,판례내용,43,"○ 유리한 정상 : 피고인이 자신의 범행을 깊이 뉘우치며 반성하고 있는 점, 공소제기 이후 피해자들에게 피해금액 전액을 변제하였고, 피해자들의 처벌불원의사가 기재된 합의서가 제출된 점, 피고인에게 형사처벌을 받은 전력이 없는 점 등"
305461,판례내용,44,"○ 불리한 정상 : 피고인은 자신이 근무하던 음식점 운영자로부터 신뢰를 받는 것을 기화로 이 사건 범행을 저지른 점, 약 6개월 동안 절취한 금액의 합계가 1,000만 원을 초과하는 점 등"
305461,판례내용,45,판사 김○_________________________
