판례일련번호,구분,문장번호,내용
306210,판례내용,1,수원지방법원 판결
306210,판례내용,2,사건
306210,판례내용,3,2014고단224 성폭력범죄의처벌등에관한특례법위반(공중밀집장소에서의추행)
306210,판례내용,4,피고인
306210,판례내용,5,"서○□□ (64년생, 남), 무직"
306210,판례내용,6,주거 화성시
306210,판례내용,7,등록기준지 화성시
306210,판례내용,8,검사
306210,판례내용,9,"이○(기소), 인○(공판)"
306210,판례내용,10,피해자
306210,판례내용,11,전◎◎ (1991.2.25.
306210,판례내용,12,출생)
306210,판례내용,13,"수원시 영통구 원천동 ○○○-○○, ○○○호"
306210,판례내용,14,판결 선고
306210,판례내용,15,2014.3.10.
306210,판례내용,16,주문
306210,판례내용,17,피고인을 벌금 200만 원에 처한다.
306210,판례내용,18,피고인이 위 벌금을 납입하지 아니하는 경우 5만 원을 1일로 환산한 기간 피고인을 노역장에 유치한다.
306210,판례내용,19,위 벌금 상당액의 가납을 명한다.
306210,판례내용,20,피고인에 대하여 40시간의 성폭력 치료프로그램의 이수를 명한다.
306210,판례내용,21,피고인은 피해자에게 위자료 50만 원을 지급하라.
306210,판례내용,22,이유
306210,판례내용,23,범죄사실
306210,판례내용,24,피고인은 2013.12.24.
306210,판례내용,25,"05:05경 경기 수원시 영통구 원천동에 있는 공중이 밀집하는 장소인 사우나 남자수면실에서, 나체 상태로 누워 잠을 자고 있는 피해자 전◎◎(남, 22세)의 옆으로 다가가 피해자의 성기를 만지고 주무르는 방법으로 피해자를 추행하였다."
306210,판례내용,26,증거의 요지
306210,판례내용,27,1.피고인의 법정진술
306210,판례내용,28,1.전◎◎에 대한 경찰진술조서
306210,판례내용,29,법령의 적용
306210,판례내용,30,1.범죄사실에 대한 해당법조 및 형의 선택
306210,판례내용,31,성폭력범죄의 처벌 등에 관한 특례법 제11조(벌금형 선택)
306210,판례내용,32,1.노역장유치
306210,판례내용,33,"형법 제70조, 제69조 제2항"
306210,판례내용,34,1.가납명령
306210,판례내용,35,형사소송법 제334조 제1항
306210,판례내용,36,1.이수명령
306210,판례내용,37,성폭력범죄의 처벌 등에 관한 특례법 제16조 제2항
306210,판례내용,38,1.배상명령(직권)
306210,판례내용,39,"소송촉진 등에 관한 특례법 제25조 제1항, 제31조 제1항, 제2항"
306210,판례내용,40,신상정보 등록
306210,판례내용,41,"등록대상 성폭력범죄인 판시 범죄사실에 관하여 피고인에 대한 유죄판결이 확정되는 경우 피고인은 ‘성폭력범죄의 처벌 등에 관한 특례법’ 제42조 제1항의 신상정보 등록대상자가 되므로, 같은 법 제43조에 따라 관계기관에 신상정보를 제출할 의무가 있다."
306210,판례내용,42,공개명령 또는 고지명령 면제
306210,판례내용,43,"피고인의 나이, 직업, 재범위험성, 이 사건 범행의 종류, 동기, 범행과정, 결과 및 죄의 경중, 공개명령 또는 고지명령으로 인하여 피고인이 입는 불이익의 정도와 예상되는 부작용, 그로 인해 달성할 수 있는 등록대상 성폭력범죄의 예방효과, 피해자 보호 효과 등을 종합적으로 고려하여 볼 때 ‘아동․청소년의 성보호에 관한 법률’ 제49조 제1항 단서, 제50조 제1항 단서에 따라 신상정보를 공개․고지하여서는 아니 될 특별한 사정이 있다고 판단되므로, 피고인에 대하여 공개명령 또는 고지명령을 선고하지 아니한다."
306210,판례내용,44,이○의 이유로 주문과 같이 판결한다.
306210,판례내용,45,판사 지○ _________________________
