판례일련번호,구분,문장번호,내용
304658,판례내용,1,울산지방법원
304658,판례내용,2,제1형사부
304658,판례내용,3,판결
304658,판례내용,4,사건 2013고합140 살인
304658,판례내용,5,피고인 신OO
304658,판례내용,6,"검사 강○(기소), 김○(공판)"
304658,판례내용,7,변호인 법무법인 해○ 담당변호사 김○
304658,판례내용,8,판결 선고 2013.10.18.
304658,판례내용,9,주문
304658,판례내용,10,피고인을 징역 3년에 처한다.
304658,판례내용,11,"다만, 이 판결 확정일부터 4년간 위 형의 집행을 유예한다."
304658,판례내용,12,압수된 애기 겉싸개 1개(증 제1호)를 몰수한다.
304658,판례내용,13,이유
304658,판례내용,14,범죄사실 피고인은 2001.12.23.
304658,판례내용,15,OOO과 결혼하여 2002.8.23.
304658,판례내용,16,"딸 AAA을 출산하고, 2007.8.16."
304658,판례내용,17,"딸 A을 출산하고, 2012.11.12."
304658,판례내용,18,"피해자인 딸 BBB(여, 생후 약 2개월)을 출산하였는바, 피해자를 출산한 이후 산후 우울증을 앓으면서 피해자의 손가락이 이상해 보이고, 목이 짧아 보이는 등 다운증후군 기○라고 생각하였다."
304658,판례내용,19,피고인은 2013.1.7.
304658,판례내용,20,"14:30경 울산 중구 OO동 OO아파트 안방에서 출산후 우울증으로 사물을 변별하거나 의사를 결정할 능력이 미약한 상태에서 피해자가 잠들어 있는 것을 보고 순간적으로 피해자를 살해할 것을 마음먹고, 겉싸개로 피해자의 얼굴을 덮은 뒤 양손으로 피해자의 안면부를 2회 눌러 현장에서 질식하게 하여 살해하였다."
304658,판례내용,21,증거의 요지
304658,판례내용,22,1.피고인의 법정진술 1.OOO에 대한 경찰진술조서
304658,판례내용,23,1.압수조서 및 압수목록
304658,판례내용,24,1.각 수사보고
304658,판례내용,25,"1.응급센터진료기록지, 사체검안서, 진료확인서 등"
304658,판례내용,26,법령의 적용
304658,판례내용,27,1.범죄사실에 대한 해당법조 및 형의 선택
304658,판례내용,28,형법 제250조 제1항(유기징역형 선택)
304658,판례내용,29,1.법률상 감경
304658,판례내용,30,"형법 제10조 제2항, 제1항, 제55조 제1항 제3호(심신미약자)"
304658,판례내용,31,1.집행유예
304658,판례내용,32,형법 제62조 제1항(아래 양형의 이유 중 유리한 정상 참작)
304658,판례내용,33,1.몰수
304658,판례내용,34,형법 제48조 제1항 제1호
304658,판례내용,35,"양형의 이유 [처단형의 범위] 징역 2년 6월 ~ 15년 [유형의 결정] 살인범죄, 제1유형 [특별양형인자] - 감경요소 : 심신미약, 처벌불원 - 가중요소 : 범행에 취약한 피해자 [권고형의 범위] 징역 3년 ~ 5년(감경영역)[일반양형인자] - 감경요소 : 진지한 반성 [선고형의 결정] 징역 3년, 집행유예 4년 등"
304658,판례내용,36,"이 사건 범행은 피고인이 보호하여야 할 생후 약 2개월 정도에 불과한 딸을 살해한 것으로, 무엇보다 소중한 인간의 생명을 앗아간 점에서 피고인의 죄책은 가볍지 않다."
304658,판례내용,37,"다만, 피고인이 출산후 우울증으로 인한 심신미약 상태에서 이 사건 범행을 저지른 점, 피고인의 남편이 피고인에 대한 선처를 탄원하면서 피고인과의 결혼생활을 지속할 의사를 보이고 있고, 피고인이 정상적인 생활을 할 수 있도록 최선을 다하겠다고 다짐하고 있는 점, 피고인이 초범인 점, 피고인의 사회적 유대관계가 분명한 점, 그 밖에 피고인의 연령, 성행, 환경, 범행 후의 정황 등 제반 양형조건을 종합적으로 참작하여 주문과 같은 형을 정한다."
304658,판례내용,38,재판장 판사 김○ _________________________
304658,판례내용,39,판사 김○ _________________________
304658,판례내용,40,판사 성○ _________________________
