판례일련번호,구분,문장번호,내용
304410,판례내용,1,부산지방법원
304410,판례내용,2,제5형사부
304410,판례내용,3,판결
304410,판례내용,4,사 건 고합 청소년의성보호에관한법률위반 2009 747 (청소년이용음란물제
304410,판례내용,5,작․배포등)
304410,판례내용,6,"피 고 인 유A (85년생, 남)"
304410,판례내용,7,검 사 김○
304410,판례내용,8,변 호 인 변호사 정○(국선)
304410,판례내용,9,판 결 선 고 2010.2.5.
304410,판례내용,10,주문
304410,판례내용,11,피고인을 징역 2년 6월에 처한다.
304410,판례내용,12,이유
304410,판례내용,13,"피고인은 초순경 부산 북구 금곡동 아파트 동 호 피고인의 집에 1.2008.10.× ○◇ △ 서 인터넷 채팅을 통해 알게 된 청소년인 피해자 여 세와 성교 행위를 하면, KC1(,) ▲ 서 그 장면을 피고인의 디지털 카메라로 동영상 촬영을 하였다."
304410,판례내용,14,피고인은 이를 비롯하여 그때부터 하순경까지 일주일 간격으로 2008.10.3 쳐 같은 장소에서 피해자와의 성교 장면을 디지털 카메라로 동영상 촬영을 하여 청소년 이용 음란물을 제작하였다.
304410,판례내용,15,"피고인은 초순경 위 같은 장소에서 피고인의 컴퓨터를 이용하여 인터넷 2.2009.6., 파일 공유 사이트인 에 접속한 후 위와 같이 촬영한 동영상을 각 년 월생 ‘KC1 1’, ‘KC1 2’, ‘KC1 3’, ‘KC1 4’라는 제목의 파일로 공유시키는 방법으로 청소년 이용 음란물을 공연히 전시하였다."
304410,판례내용,16,"피고인의 법정 진술 1.피고인에 대한 검찰 피의자 신문 조서 1.에 대한 경찰 진술 조서 1.KC1 수사 보고 수사 기록 제 면 제 면 및 각 이에 첨부된 캡쳐 화면 수사 보고 수사 기 1.(28, 55), (록 제 면 24)실황 조사서 및 이에 첨부된 사진 사본 1.범죄 사실에 대한 해당 법조 및 형의 선택 1.청소년의 성 보호에 관한 법률 제조 제 항 판시 제의 점 같은 조 제 항 판시 제 8 1 (1), 3 (2)의 점 징역형 선택, 경합 범 가중 1.형법 제 조 전단 제 조 제 항 제 호 제 조 형이 더 무거운 판시 제의 죄에 37, 38 1 2, 50 (1 정한 형에 가중)작량 감경 1.형법 제 조 제 조 제 항 제 호 아래 양형의 이유에서 드는 유리한 정상 참작 53, 55 1 3 ()"
304410,판례내용,17,"피고인은 청소년인 피해자와 성교를 하면서 그 장면을 동영상으로 촬영하여 음란물 1.을 제작하고 그 후 이를 인터넷 사이트에 올려 전시하였는바, 성에 대한 관념이 아, 직성숙하지 않고 사리 분별력이나 판단력이 미약한 세의 피해자를 이용하여 음란물을 만든 점이나 음란물에 신분과 실명을 기재하여 누구나 볼 수 있는 인터넷 사이트에 올린 것은 나이 어린 피해자에게 말할 수 없는 정신적 고통을 가하는 행위일 뿐만 아니라 피해자의 장래까지 무참히 유린하는 행위라 할 것이어서 그 죄질이 매우 불량하여 실형을 선고하지 아니할 수 없다."
304410,판례내용,18,"다만 동종 범죄 전력이 없는 점, 신의 잘못을 깊이 반성하고 있는 점 등을 유리한 정상으로 참작하고 그 밖에 범행 동기, 범행 수법과 그 내용 및 피고인의 연령, 환경, 성행 등 제반 사정을 참작하여 형기를 정한다."
304410,판례내용,19,피고인에 대한 이 사건 각 범죄 사실에 대해 유죄 판결이 확정되는 경우 피고인은 청소년의 성 보호에 관한 법률 제 조 제 항의 신상 정보 등록 대상자에 해당하므로 같은 32 1은 법 제 조에 따라 관할 기관에 신상 정보를 제출할 의무가 있다 33.
304410,판례내용,20,이○의 이유로 주문과 같이 판결한다.
304410,판례내용,21,재판장 판사 구○
304410,판례내용,22,_________________________
304410,판례내용,23,판사 김○
304410,판례내용,24,_________________________
304410,판례내용,25,판사 김○
304410,판례내용,26,_________________________
