판례일련번호,구분,문장번호,내용
238845,판례내용,1,【피 고 인】 피고인
238845,판례내용,2,"【검    사】 김○(기소), 신○(공판)"
238845,판례내용,3,【배상 신청인】 배상신청인
238845,판례내용,4,【주    문】
238845,판례내용,5,피고인을 징역 6개월에 처한다.
238845,판례내용,6,"피고인은 배상신청인에게 편취금 4,000만 원을 지급하라."
238845,판례내용,7,위 배상명령은 가집행할 수 있다.
238845,판례내용,8,【이    유】【범죄사실】[범죄전력]
238845,판례내용,9,피고인은 2021.3.31.
238845,판례내용,10,대전지방법원 천안지원에서 유사수신행위의규제에관한법률위반죄로 징역 6개월에 집행유예 1년을 선고받고 2021.4.8.
238845,판례내용,11,위 판결이 확정되었다.
238845,판례내용,12,[범죄사실]
238845,판례내용,13,피고인은 경북 예천군 (주소 2 생략)에 있는 공소외 2 회사의 대표이사이다.
238845,판례내용,14,"피고인은 2020.9.경 불상의 장소에서, 피해자 배상신청인에게 “장어, 치어, 전복 등 물량을 확보하고 유통하여 수익금을 출자자들에게 배당해 주는데, 4,000만 원을 출자하면 2020.9.25.경부터 2021.9.25.경까지 매월 출자금의 4%인 160만 원을 배당하고, 위 출자기간 만료일 이후 20일 이내에 출자금을 모두 반환해 주겠다.”라는 취지로 거짓말하였다."
238845,판례내용,15,"그러나 사실은 피고인은 다수의 투자자들로부터 출자금을 받아 다른 출자자에게 배당금과 출자반환금을 지급하는 방법으로 소위 ‘돌려막기’를 하고 있어 피해자로부터 돈을 받더라도 돌려막기에 사용할 생각이었고, 위 회사에서 추진하는 양식업 등에서는 전혀 수익이 발생하고 있지 않았을 뿐만 아니라 단기간 내에 수익이 발생할 수 있는 구체적인 사업 계획이나 정해진 거래처도 없었으므로 피해자로부터 돈을 받더라도 약정한 기한에 출자금을 돌려줄 의사나 능력이 없었다."
238845,판례내용,16,"피고인은 위와 같이 피해자를 기망하여 이에 속은 피해자로부터 출자금 명목으로 2020.9.4.경 공소외 2 회사 명의 기업은행 계좌(계좌번호 2 생략)로 100만 원, 2020.9.25.경 위 계좌로 3,900만 원 합계 4,000만 원을 교부받아 편취하였다."
238845,판례내용,17,【증거의 요지】1.피고인의 법정진술
238845,판례내용,18,1.배상신청인에 대한 경찰 진술조서
238845,판례내용,19,"1.출자증서, 계좌별 거래명세표"
238845,판례내용,20,"1.판시 전과 : 조회결과서, 처분미상전과확인결과보고(수사기록 제144쪽), 공소장(수사기록 제145쪽)"
238845,판례내용,21,【법령의 적용】1.범죄사실에 대한 해당법조 및 형의 선택
238845,판례내용,22,형법 제347조 제1항(징역형 선택)
238845,판례내용,23,1.경합범 처리
238845,판례내용,24,"형법 제37조 후단, 제39조 제1항"
238845,판례내용,25,1.배상명령
238845,판례내용,26,"소송촉진 등에 관한 특례법 제25조 제1항, 제31조 제1항, 제2항"
238845,판례내용,27,1.가집행선고
238845,판례내용,28,소송촉진 등에 관한 특례법 제31조 제3항
238845,판례내용,29,"【양형의 이유】이 사건 범행과 같은 유사수신행위를 통한 사기범죄는 불특정 다수인을 대상으로 하여 단기간에 많은 피해자를 발생시킬 수 있어 그 폐해가 큰 점, 피해자와 합의에 이르지 못한 점을 불리한 정상으로 참작하고, 피고인에게 이 사건 범행 이전에 형사처벌을 받은 전력이 없는 점, 판결이 확정된 유사수신행위의규제에관한법률위반죄와 동시에 재판받을 경우와의 형평을 고려하여야 하는 점, 피해자에게도 투자원금을 초과하여 큰 수익을 얻기 위한 욕심으로 투자를 하는 등의 책임이 있는 점을 유리한 정상으로 참작하며, 그밖에 피고인의 나이, 성행, 환경, 범행의 동기, 수단과 결과, 범행 후의 정황 등 기록 및 변론에 나타난 양형 조건을 종합하여 주문과 같이 형을 정한다."
238845,판례내용,30,판사 허○
