판례일련번호,구분,문장번호,내용
302913,판례내용,1,대 구 지 방 법 원
302913,판례내용,2,판 결
302913,판례내용,3,사 건
302913,판례내용,4,2005고단6698
302913,판례내용,5,"가.폭력행위등처벌에관한법률위반 (야간집단.흉기등상해)(변경된 죄명, 상해)"
302913,판례내용,6,나.업무방해
302913,판례내용,7,피 고 인
302913,판례내용,8,"박○00, 건축업"
302913,판례내용,9,주거 대구
302913,판례내용,10,본적 경북
302913,판례내용,11,검 사
302913,판례내용,12,한○00
302913,판례내용,13,변 호 인
302913,판례내용,14,변호사
302913,판례내용,15,판 결 선 고
302913,판례내용,16,2006.4.27.
302913,판례내용,17,주 문
302913,판례내용,18,피고인을 징역 6월에 처한다.
302913,판례내용,19,이 사건 공소사실 중 상해의 점은 무죄
302913,판례내용,20,이 유
302913,판례내용,21,범 죄 사 실
302913,판례내용,22,"피고인은, 2005.1.7."
302913,판례내용,23,"대구지방법원에서 사기죄로 징역 10월에 집행유예 2년을 선고받아 현재 집행유예 기간 중에 있는 외에 사기 전력 3회, 폭력 전력 6회 더 있는 자로 시공업 등을 목적으로 설립된 주식회사 00의 대표이사인바,"
302913,판례내용,24,1.2005.4.24.
302913,판례내용,25,"00:01경 대구 달성군 옥포면 김흥리 1021 소재 위 00의 소유이고 피해자 A가 운영하고 있는 비슬산한증막에서, A가 관리비, 세금 등을 납부하지 아니하고 영업을 한다는 이유로 길이 약 1m의 도끼와 길이 약 1m의 해머로 출입문 유리창 등을 깨뜨리고, 전기선을 잘라내어 위력으로써 A의 영업을 방해하고,"
302913,판례내용,26,"2.공소외인과 공모하여,"
302913,판례내용,27,(생략)
302913,판례내용,28,증거의 요지
302913,판례내용,29,1.피고인의 법정진술
302913,판례내용,30,(이하 생략)
302913,판례내용,31,법령의 적용
302913,판례내용,32,1.범죄사실에 대한 해당법조
302913,판례내용,33,제314조 제1항
302913,판례내용,34,2.경합범 가중
302913,판례내용,35,"형법 제37조 전단, 제38조 제1항 제2호, 제50조"
302913,판례내용,36,무 죄 부 분
302913,판례내용,37,1.공소사실의 요지
302913,판례내용,38,"피고인은, 2005.4.24."
302913,판례내용,39,"00:01경 대구 달성군 옥포면 김○ 1021 소재 위 00의 소유이고 피해자 A가 운영하고 있는 비슬산한증막에서, A가 관리비, 세금 등을 납부하지 아니하고 영업을 한다는 이유로 길이 약 1m의 도끼와 길이 약 1m의 해머로 출입문 유리창 등을 깨뜨리고, 전기선을 잘라내어 위력으로써 A의 영업을 방해하다가 A가 고용한 사설 경호원 피해자 B(22세)가 이를 제지하자 위 도끼로 오른 손을 내리쳐 B에게 약 2주간의 치료를 요하는 우측 수부찰과상 등을 가하였다."
302913,판례내용,40,2.판단
302913,판례내용,41,"이에 대한 증거로는 B와 A의 진술, 상해진단서가 있는바, B의 이 법정에서의 진술에 의하면, 피고인은 B를 향하여 도끼는 내리친 것이 아니라, B 옆의 출입문 유리창을 도끼로 내리쳤는데, B가 이를 막기 위하여 삼단봉으로 도끼를 막다가 도끼가 미끄러지면서 어느 부분인지에 부딪혀 찰과상을 입었다는 것이므로, 위와 같은 경우에는 피고인에게 B를 상해할 의사가 있다고 인정할 수 없고, 나머지 증거만으로는 이를 인정하기에 부족하고, 달리 이를 인정할 증거도 없다."
302913,판례내용,42,"그렇다면, 이 사건 공소사실 중 상해의 점에 대하여는 범죄의 증명이 없는 경우에 해당하므로 형사소송법 제325조에 따라 무죄를 선고한다."
302913,판례내용,43,판사 김○ 형 한 _________________________
