판례일련번호,구분,문장번호,내용
305682,판례내용,1,서 울 서 부 지 방 법 원
305682,판례내용,2,판 결
305682,판례내용,3,사 건
305682,판례내용,4,"2016고단2 의료법위반, 업무상과실치상"
305682,판례내용,5,피 고 인
305682,판례내용,6,A (여성)
305682,판례내용,7,검 사
305682,판례내용,8,"조○(기소), 정○(공판)"
305682,판례내용,9,변 호 인
305682,판례내용,10,변호사 김○(국선)
305682,판례내용,11,판 결 선 고
305682,판례내용,12,2016.4.7.
305682,판례내용,13,주 문
305682,판례내용,14,피고인을 징역 8월에 처한다.
305682,판례내용,15,이 유
305682,판례내용,16,범 죄 사 실
305682,판례내용,17,1.의료법위반
305682,판례내용,18,누구든지 의료인이 아니면 의료행위를 할 수 없다.
305682,판례내용,19,"피고인은 의료인이○○○ 아님에도 2013.11.12.경 서울 서대문구 남가좌동에 있는 이○○○○○의 집에서, 이○○○○○로부터 100만 원을 받고 의약품으로 허가받지 아니한 폴리디메칠실록산을 주사기를 이○○○용하여 이○○○○○의 얼굴에 주입하는 방법으로 필러 시술을 하여 무면허 의료행위를 하였다."
305682,판례내용,20,피고인은 이를 비롯하여 2012.3.경부터 2015.8.9.경까지 사이에 별지 범죄일람표에 기재된 것과 같이 27회에 걸쳐 7명의 손님들에게 필러 및 트리암시놀론 시술을 하여 무면허 의료행위를 하였다.
305682,판례내용,21,2.업무상과실치상
305682,판례내용,22,"피고인은 2013.11.12.경부터 2015.2.7.경까지 사이○○에 위 이○○○○의 집에서, 위와 같이○○ 피해자 이○○○○에게 필러 시술을 함에 있어 의료용으로 허가받은 안전한 의약품을 사용하여 시술함으로써 피해자로 하여금 상해를 입지 않도록 하여야 할 업무상 주의의무가 있었다."
305682,판례내용,23,그럼에도 피고인은 이를 게을리 한 채 위와 같이 식품의약품안전처장으로부터 의약품으로 허가받지 아니한 폴리디메칠실록산을 이용하여 피해자에게 필러 시술을 함으로써 피해자로 하여금 치료일수를 알 수 없는 얼굴 이물질 모세혈관 확장증의 상해를 입게 하였다.
305682,판례내용,24,증거의 요지
305682,판례내용,25,법령의 적용
305682,판례내용,26,1.범죄사실에 대한 해당법조 및 형의 선택
305682,판례내용,27,"의료법 제87조 제1항 제2호, 제27조 제1항(무면허의료행위의 점, 포괄하여, 징역형 선택), 형법 제268조(업무상과실치상의 점, 금고형 선택)"
305682,판례내용,28,1.경합범가중
305682,판례내용,29,"형법 제37조 전단, 제38조 제1항 제2호, 제2항, 제50조"
305682,판례내용,30,양형의 이유
305682,판례내용,31,[권고형의 범위]
305682,판례내용,32,부정의료행위 > 제1유형(단순 무면허 의료행위)> 기본영역(8월~2년)
305682,판례내용,33,[특별양형인자]
305682,판례내용,34,없음
305682,판례내용,35,[선고형의 결정]
305682,판례내용,36,"피고인의 무면허의료행위가 상당한 기간 동안 다수의 사람들을 상대로 반복적으로 이루어진 점, 의약품으로 허가받지 못한 물질을 직접 얼굴 등의 민감한 신체 부위에 주사기로 주입하는 등 행위태양이 지니는 위험성이 큰 점, 무면허의료행위로 상해를 입은 피해자에 대한 피해회복이 이루어지지 않고 있는 점 등을 고려하면 피고인에게 실형의 선고가 불가피하다."
305682,판례내용,37,"다만 피고인이 범행 자백하고 잘못을 뉘우치고 있는 점, 무면허의료임을 알면서 피해자나 피시술자들이 시술을 요청하기도 하여 이 사건 범행을 유발한 측면이 있는 점 등을 피고인에게 유리한 정상으로 참작하여 주문과 같이 형을 정하였다."
305682,판례내용,38,판사 조○ _________________________
