판례일련번호,구분,문장번호,내용
302918,판례내용,1,□ 사건의 경과
302918,판례내용,2,사 건 번 호 2005고단7730
302918,판례내용,3,피 고 인 ◯◯◯
302918,판례내용,4,공소 제기일 2005.12.16.
302918,판례내용,5,판결 선고일 2006.3.2.
302918,판례내용,6,쟁 점
302918,판례내용,7,"교통사고를 야기하여 차량의 범퍼 등을 손괴하였으나, 피해자와 사고처리에 관하여 잠시 대화하다 그냥 가버린 경우에, 피해자도 당시에는 통증 기타 부상에 대한 자각증상이 없어 대물피해사고로만 신고하였다가 그 후 통증을 느껴 진료를 받은 사안에서 도주(뺑소니)차량죄가 성립하는지 여부"
302918,판례내용,8,결 과(주 문)
302918,판례내용,9,도주차량죄 불성립
302918,판례내용,10,(교통사고처리특례법위반죄 부분은 유죄)
302918,판례내용,11,참 고 조 문
302918,판례내용,12,"특정범죄가중처벌등에관한법률 제5조의3 제1항 제2호, 형법 제268조, 도로교통법 제50조 제1항"
302918,판례내용,13,확 정 여 부 검사항소
302918,판례내용,14,□ 판결 요지
302918,판례내용,15,○ 사안의 개요
302918,판례내용,16,피고인은 2005.8.19.
302918,판례내용,17,"15:35경 승용차를 운전하여 이면 도로를 진행하다 진행방향 전방 좌측에 정차 중인 피해자의 승용차의 우측 뒤 범퍼부분을 피고인 운전의 승용차 좌측 앞 범퍼부분으로 들이받아 피해차량을 수리비 약 271,920원이 들도록 손괴한 후 정차하였으나, 즉시 하차하지 않은 채 피고인의 차량으로 걸어 온 약 5분 이상 피해자와 사고처리문제를 협의하던 중 인적사항을 고지하거나 연락처를 알려주지 않은 채 그냥 운전하여 감으로써 현장을 이탈하였다."
302918,판례내용,18,"피해자가 즉시 사고신고를 하여 경찰관이 출동하였는데, 당시 피해자는 경찰관에게 피해내용으로 차량이 파손된 것만을 이야기 하였다."
302918,판례내용,19,"그런데, 피해자는 귀가한 후 저녁이 되자 다리가 저리는 증상을 느껴 병원에서 진료를 받은 결과 약 2주간의 진료를 요하는 요추염좌로 진단되었다."
302918,판례내용,20,○ 쟁점
302918,판례내용,21,위 사안에서 도주(뺑소니)차량죄가 성립하는지 여부
302918,판례내용,22,○ 법원의 판단
302918,판례내용,23,"가.도주차량죄의 성립을 인정하기 위해서는 피해자가 구호조치를 요할 정도의 상해를 입었어야 하고, 사고야기자로서도 피해자가 그 정도의 상해를 입었음을 인식하였어야 한다."
302918,판례내용,24,"나.이 사건에서, 피해자는 사고 직후 차량에서 내려 피고인에게로 다가와 약 5분 이상 사고처리에 관하여 이야기 하였는데, 당시 차량손해에 관하여만 언급하였고 자신 또는 동승자가 다쳤다거나 아프다는 말은 하지 않은 사실, 그 후 피고인이 사고차량을 운전하여 현장을 이탈하여 버리자 피해자는 경찰에 사고신고를 하였는데, 당시 출동한 경찰관에게 피해내용으로 차량손해만을 진술하였던 사실, 그런데 피해자는 그날 저녁에야 다리가 저리는 증세를 느껴 그 다음날 진료를 받았던 사실, 한편 피해차량에 동승한 피해자의 자녀는 다치지 않았던 사실 등에 비추어 보면, 피고인이 현장을 이탈할 당시 피해자가 구호조치를 요하는 상태에 있었다고 볼 수 없고, 또한 피고인이 미필적으로라도 피해자의 부상을 인식하였다고 볼 수 없다."
302918,판례내용,25,따라서 도주차량죄의 공소사실은 범죄의 증명이 없다.
302918,판례내용,26,□ 판결의 의미
302918,판례내용,27,"도주차량죄의 행위는 교통사고로 피해자에게 부상을 입히고 구호조치를 하지 아니한 채 사고현장을 이탈함으로써 사고야기자로서 확정되지 않는 상태를 초래하는 것인데, 그 부상의 정도가 구호조치를 요할 정도의 것이어야 하고, 또한 사고야기자도 그 사실을 인식하였어야 한다."
302918,판례내용,28,"이 판결은 피해자가 나중에야 통증을 느껴 진단을 받은 사안에서, 구호조치의 필요성과 이에 대한 피고인의 인식을 부정하여 도주차량죄 성립의 한계를 그은 판결례로서, 유사한 사례에서 참고가 될 것이다."
