판례일련번호,구분,문장번호,내용
303790,판례내용,1,대 전 지 방 법 원
303790,판례내용,2,판 결
303790,판례내용,3,사 건
303790,판례내용,4,2012고단3524 공연음란
303790,판례내용,5,피 고 인
303790,판례내용,6,"오○○○ (66****-14*****), 집배원"
303790,판례내용,7,주거 대전 중구 이하 생략
303790,판례내용,8,등록기준지 대전 동구 이하 생략
303790,판례내용,9,검 사
303790,판례내용,10,"윤○(기소), 이○(공판)"
303790,판례내용,11,변 호 인
303790,판례내용,12,변호사 김○
303790,판례내용,13,판 결 선 고
303790,판례내용,14,2013.6.5.
303790,판례내용,15,주 문
303790,판례내용,16,"피고인을 벌금 3,000,000원에 처한다."
303790,판례내용,17,"피고인이 위 벌금을 납입하지 아니하는 경우 50,000원을 1일로 환산한 기간 피고인을 노역장에 유치한다."
303790,판례내용,18,위 벌금 상당액의 가납을 명한다.
303790,판례내용,19,이 유
303790,판례내용,20,범 죄 사 실
303790,판례내용,21,피고인은 2012.7.2.
303790,판례내용,22,"21:25경 대전 서구 도마동 소재 효성아파트 앞 노상에서 이◎◎(여, 50세)이 운행하는 대전 60바92**호 택시에 손님으로 승차하였다."
303790,판례내용,23,피고인은 위 택시가 대전 중구 문화동 소재 충남교육청 앞 3가를 지나 충남대학교 병원 주차장에 이를 무렵 위 택시의 양쪽 창문이 다 열려 있고 그 주변에 불특정 다수의 택시기사들이 있는 상황에서 위 택시의 뒷자리에 앉아 바지 밖으로 성기를 꺼내어 주무르는 자위행위를 함으로써 공연히 음란한 행위를 하였다.
303790,판례내용,24,증거의 요지
303790,판례내용,25,1.증인 이◎◎의 법정진술
303790,판례내용,26,1.이◎◎에 대한 경찰 진술조서
303790,판례내용,27,법령의 적용
303790,판례내용,28,1.범죄사실에 대한 해당법조
303790,판례내용,29,형법 제245조
303790,판례내용,30,1.형의 선택
303790,판례내용,31,벌금형 선택
303790,판례내용,32,1.노역장유치
303790,판례내용,33,"형법 제70조, 제69조 제2항"
303790,판례내용,34,1.가납명령
303790,판례내용,35,형사소송법 제334조 제1항
303790,판례내용,36,변호인의 주장에 대한 판단
303790,판례내용,37,1.공소사실 부인 주장에 대한 판단
303790,판례내용,38,"변호인은, 피고인에게는 술을 마시면 손이 떨리는 증상(수전증)이 있는데, 이 사건 당일에도 피고인이 술을 꽤 마신 상태에서 택시를 타는 바람에 그 안에서 위와 같은 증상이 나타나 택시기사인 이◎◎이 이를 자위행위를 하는 것으로 오인한 것으로서,"
303790,판례내용,39,"피고인이 당시 바지 밖으로 성기를 꺼낸 사실은 없다고 주장하나, 이 법원이 적법하게 채택하여 조사한 증거들, 특히 이◎◎의 수사기관 및 이 법정에서의 각 진술에 의하면 판시 범죄사실을 넉넉히 인정할 수 있고, 변호인 제출의 증 제1호증의 기재, 박○□□의 이 법정에서의 진술만으로는 이에 방해되지 아니하며, 달리 반증이 없으므로, 변호인의 위 주장은 받아들이지 아니한다."
303790,판례내용,40,2.심신장애 주장에 대한 판단
303790,판례내용,41,"변호인의 위 주장에는, 피고인이 이 사건 범행 당시 술에 취하여 심신상실 또는 심신미약의 상태에 있었다는 취지의 주장도 포함되어 있다고 볼 수 있으므로, 이에 관하여 보건대, 이 법원이 적법하게 채택하여 조사한 증거들에 의하면 피고인이 이 사건 범행 당시 술을 마셨던 사실은 인정되나, 이 사건 범행의 경위, 범행의 수단과 방법, 범행 후의 정황 등에 비추어 보면, 그로 인하여 피고인이 사물을 변별할 능력이나 의사를 결정할 능력이 없었다거나 미약한 상태에 이르렀다고는 보이지 않으므로, 변호인의 위와 같은 취지의 주장도 받아들이지 아니한다."
303790,판례내용,42,양형 이유
303790,판례내용,43,"피고인에게 집행유예 이상의 또는 동종 전과는 없는 점, 반성하고 있는 점, 그 밖에 피고인의 연령, 성행, 환경, 범행의 경위, 범행 전후의 정황 등 이 사건 변론에 나타난 양형의 조건이 되는 여러 사정을 종합하여 피고인에 대한 형을 주문과 같이 정한다."
303790,판례내용,44,판사 김○ _________________________
