판례일련번호,구분,문장번호,내용
302805,판례내용,1,광주지방법원
302805,판례내용,2,판결
302805,판례내용,3,사건
302805,판례내용,4,2021고단1491 감염병의예방및관리에관한법률위반
302805,판례내용,5,피고인
302805,판례내용,6,"김○○○ (59년생-1), 자동차판매자"
302805,판례내용,7,주거 광주 남구
302805,판례내용,8,등록기준지 광주 북구
302805,판례내용,9,검사
302805,판례내용,10,"김○(기소), 전○(공판)"
302805,판례내용,11,판결 선고
302805,판례내용,12,2021.7.14.
302805,판례내용,13,주문
302805,판례내용,14,"피고인을 벌금 1,000만 원에 처한다."
302805,판례내용,15,피고인이 위 벌금을 납입하지 아니하는 경우 10만 원을 1일로 환산한 기간 피고인을 노역장에 유치한다.
302805,판례내용,16,위 벌금에 상당한 금액의 가납을 명한다.
302805,판례내용,17,이유
302805,판례내용,18,범죄사실
302805,판례내용,19,"1.질병관리청장, 시․도지사 또는 시장․군수․구청장은 감염병이 유행하면 감염병 전파를 막기 위하여 감염병의심자를 적당한 장소에 일정한 기간 입원 또는 격리하는 조치를 하여야 하고, 위 대상자는 격리조치를 위반하여서는 아니 된다."
302805,판례내용,20,피고인은 2021.2.27.
302805,판례내용,21,"13:23경 광주 서구에 있는 ○○시장 부근에서 유선으로 코로나-19 확진 판정을 받은 직장 동료 2명과 밀접 접촉하였다는 이유로 2021.2.27.부터 2021.3.11.까지 광주 남구 ○○에 있는 피고인의 주거지에서 격리할 것을 통지받았고, 2021.2.28.경 광주시 남구청장으로부터 자가격리 기간, 자가격리 수칙 등을 서면으로 통지받았다."
302805,판례내용,22,그럼에도 불구하고 피고인은 위와 같이 유선통보를 받았음에도 즉시 귀가하지 않은 채 2021.2.27.
302805,판례내용,23,"20:09경까지 위 농수산물시장, 전남 화순군에 있는 사찰, 음식점 등을 방문하고, 2021.2.28."
302805,판례내용,24,"13:18경부터 16:58경까지 위 주거지에서 나와 광주 북구에 있는 종친회 사무실을 방문하고, 2021.3.2."
302805,판례내용,25,09:11경부터 11:10경까지 위 주거지에서 나와 광주 서구에 있는 병원 및 약국을 방문하는 등 정당한 사유 없이 자가격리 지정장소인 위 주거지를 이탈함으로써 격리조치를 위반하였다.
302805,판례내용,26,"2.누구든지 질병관리청장, 시․도지사 또는 시장․군수․구청장이 실시하는 역학조사에서 거짓으로 진술하거나 거짓 자료를 제출하는 행위를 하여서는 아니 된다."
302805,판례내용,27,"그럼에도 불구하고 피고인은 2021.3.3.경 코로나-19 확진 판정 후 광주광역시 남구청 소속 역학조사관 및 광주광역시 감염병지원단 소속 역학조사관으로부터 접촉자 및 동선 파악을 위한 질문을 받자, 사실은 2021.2.27.경 광주 서구에 있는 ○○시장, 전남 화순군에 있는 사찰, 음식점 등을 방문하고 처가 식구들 6명을 접촉하고, 2021.2.28.경 광주 북구에 있는 종친회 사무실을 방문하고 종친회 회원 10명을 접촉한 사실이 있음에도, 역학조사관들에게 “계속 주거지에 있었고 접촉자는 아내, 아들 2명 총 3명 뿐이었다”라고 진술하였다."
302805,판례내용,28,이로써 피고인은 광주광역시 남구청장 및 광주광역시장이 실시하는 역학조사에서 거짓으로 진술하거나 거짓 자료를 제출하였다.
302805,판례내용,29,양형의 이유
302805,판례내용,30,"피고인의 이 사건 각 범행으로 인하여 다수의 코로나-19 감염병의 확진자 및 자가격리자 등이 발생하였고, 방역체계의 혼선과 인력, 재정의 낭비가 초래되었다."
302805,판례내용,31,"피고인이 이 사건 각 범행을 인정하고 있고, 초범이다."
302805,판례내용,32,위와 같은 사정들과 그 밖의 양형의 조건을 종합하여 주문과 같이 형을 정한다.
302805,판례내용,33,판사 김○ _________________________
