판례일련번호,구분,문장번호,내용
303369,판례내용,1,대 구 지 방 법 원
303369,판례내용,2,판 결
303369,판례내용,3,사 건 2015고단1826 특정범죄자에대한보호관찰및전자장치부착등에관한 법률위반
303369,판례내용,4,피 고 인 박○○
303369,판례내용,5,주거
303369,판례내용,6,등록기준지
303369,판례내용,7,"검 사 정○○○(기소), 강○○○(공판)"
303369,판례내용,8,변 호 인 변호사 박○○○(국선)
303369,판례내용,9,판 결 선 고 2015.6.26.
303369,판례내용,10,주 문
303369,판례내용,11,피고인을 징역 4월에 처한다.
303369,판례내용,12,이 유
303369,판례내용,13,범죄사실
303369,판례내용,14,피고인은 2007.9.28.
303369,판례내용,15,대구지방법원에서 성폭력범죄의처벌및피해자보호등에관한법률
303369,판례내용,16,위반(특수강도강간등)죄 등으로 징역 6년을 선고받고 2013.6.13.
303369,판례내용,17,"그 형의 집행을 마쳤으며, 2014.8.27."
303369,판례내용,18,창원지방법원 거창지원에서 특정범죄자에대한보호관찰및전자장치 부착등에관한법률위반죄로 징역 2월을 선고받고 2014.8.31.
303369,판례내용,19,거창경찰서 유치장에서 석방된 후 2014.9.4.
303369,판례내용,20,위 판결이 확정되어 그 형의 집행을 마쳤다.
303369,판례내용,21,피고인은 2013.4.25.
303369,판례내용,22,대구지방법원 서부지원에서 10년간 위치추적 전자장치 부착 명령을 받고 2013.6.13.부터 전자장치를 부착하였다.
303369,판례내용,23,"전자장치가 부착된 사람은 전자장치의 부착기간 중 전자장치를 신체에서 임의로 분리·손상·전파 방해 또는 수신자료의 변조, 그 밖의 방법으로 그 효용을 해하여서는 아니된다."
303369,판례내용,24,그럼에도 피고인은 2015.4.26.
303369,판례내용,25,21:58경 경북 구미시 산동면 성수리 산22-17에 있는 67번 지방도 편도 3차로 도로에서 술에 취한 채 성불상 oo이라는 사람의 차량 뒷좌석에 승차하여 가다가 보호관찰소 담당 직원이 연락을 받지 않는다는 이유로 화가 나 전자장치의 일부인 휴대용 추적장치를 차량 밖 도로로 집어 던져 깨트리는 방법으로 1시간 58분 동안 자신의 위치를 확인되지 않도록 하였다.
303369,판례내용,26,이렇게 하여 피고인은 위치추적 전자장치를 손상시켜 그 효용을 해하였다.
303369,판례내용,27,증거의요지
303369,판례내용,28,1.피고인에 대한 검찰 피의자신문조서의 진술기재
303369,판례내용,29,"2.진술서, 결정문 등본, 부착명령집행지휘서의 각 기재"
303369,판례내용,30,3.사진의 영상
303369,판례내용,31,"4.판시 전과 : 범죄경력 등 조회회보서, 수사보고(판결문 첨부 보고), 수사보고서(개인별 수감/수용현황 자료 첨부 보고), 수사보고(출소일 확인)의 각 기재"
303369,판례내용,32,법령의적용
303369,판례내용,33,1.범죄사실에 대한 해당법조 및 형의 선택
303369,판례내용,34,"특정범죄자에 대한 보호관찰 및 전자장치 부착 등에 관한 법률 제38조, 제14조 제1항(징역형 선택)"
303369,판례내용,35,2.누범가중
303369,판례내용,36,형법 제35조
303369,판례내용,37,양형의이유
303369,판례내용,38,"피고인은 동일한 범죄로 징역 2월의 처벌을 받은 전력이 있음에도 누범기간 중에 또 다시 이 사건 범행을 저질렀고, 피고인에게 다수의 형사처벌전력이 있는 점에 비추어 보면, 피고인에게 징역형의 선고가 불가피하다."
303369,판례내용,39,"다만, 피고인이 다른 범행을 저지르기 위해서 또는 피고인의 위치를 추적하지 못하게 할 목적으로 이 사건 범행에 이르게 된 것으로는 보이지 아니하는 점, 피고인이 이 사건 범행에 대하여 반성하고 있는 점 등 피고인에게 유리한 양형조건과 그 밖에 피고인의 연령, 성행, 범행 후의 정황 등 모든 양형조건을 고려하여 주문과 같이 형을 정한다."
303369,판례내용,40,판사 염○ _________________________
