판례일련번호,구분,문장번호,내용
179982,판례내용,1,【피 고 인】
179982,판례내용,2,"【검    사】 양○(기소), 김○(공판)"
179982,판례내용,3,【변 호 인】 변호사 유○
179982,판례내용,4,【주    문】
179982,판례내용,5,피고인들을 각 벌금 200만 원에 처한다.
179982,판례내용,6,피고인 1이 위 벌금을 납입하지 아니하는 경우 5만 원을 1일로 환산한 기간 위 피고인을 노역장에 유치한다.
179982,판례내용,7,피고인들에게 위 벌금 상당액의 가납을 명한다.
179982,판례내용,8,"【이    유】【범죄사실】피고인 1은 ‘피고인 2 회사’의 대표이사이고, 피고인 2 회사는 서울 금천구 (주소 생략)에서 납골당, 납골함 제조 및 설비업 등을 목적으로 설립된 법인이다."
179982,판례내용,9,1.피고인 1
179982,판례내용,10,누구든지 특허된 것이 아닌 방법에 의하여 생산·사용 또는 대여하기 위하여 광고에 그 물건이 특허된 방법에 의하여 생산한 것으로 표시하거나 이와 혼동하기 쉬운 표시를 하는 행위를 하여서는 안된다.
179982,판례내용,11,피고인은 2003.12.16.경 ‘납골함 안치대’의 제조 방법인 각 개의 납골함 본체를 각기 적치하거나 일체식으로 만들어 각 납골함에 가스(질소)를 뒤에서 한꺼번에 동시에 주입하여 생산하는 방법의 발명을 특허출원하여 2004.2.6.
179982,판례내용,12,대한민국 특허청에 (특허등록번호 1 생략:대판 특허등록번호 생략)로 특허를 받았다.
179982,판례내용,13,그러나 피고인은 2006.1.1.경부터 2012.1.15.경까지 납골함을 생산하여 판매한 물건의 생산 방법은 2005.2.14.
179982,판례내용,14,"공소외 1이 고안하여 실용신안 등록된 (특허등록번호 2 생략)의 사용방식인 일반적인 주지 기술인 철골구조의 프레임식으로 만들어 납골함을 끼워 넣고 앞에서 각각(개별)의 납골함에 가스를 주입하는 등 일반적으로 상용화되어 있는 방식을 취하하는 방법을 사용하여 생산한 방법으로 생산한 것임에도 불구하고, 위 납골함 안치대 생산 방법의 발명내용을 2009.12.15.경 서울 금천구 (주소 생략)에 있는 피고인 2 회사 홈페이지인 (주소 생략)에 ‘진공후 질소충전 봉안함 안치시스템’을 완벽하게 실현하여 진공후 질소충전 납골함안치대 (특허등록번호 1 생략:대판 특허등록번호 생략)을 통하여 인정받아 제작된 봉안함 안치단이라는 내용의 광고를 게시하였다."
179982,판례내용,15,이로써 피고인은 특허된 방법에 의하여 생산하지 않은 물건의 양도 등을 위하여 광고에 그 물건이 특허된 방법에 의해 생산한 것으로 표시하였다.
179982,판례내용,16,2.피고인 2 회사
179982,판례내용,17,피고인은 피고인의 대표이사인 위 피고인 1이 제1항 기재와 같이 피고인의 업무에 관하여 특허된 방법에 의하여 생산하지 않은 물건의 양도 등을 위하여 광고에 그 물건이 특허된 방법에 의해 생산한 것으로 표시하였다.
179982,판례내용,18,【증거의 요지】1.피고인들의 일부 법정진술
179982,판례내용,19,1.피고인 1에 대한 경찰 피의자신문조서
179982,판례내용,20,1.고발장 및 첨부 증거들
179982,판례내용,21,1.특허등록공보 및 판결문
179982,판례내용,22,【법령의 적용】1.범죄사실에 대한 해당법조
179982,판례내용,23,"피고인 1 : 특허법 제228조, 제224조 제3호, 제1호 (벌금형 선택)"
179982,판례내용,24,"피고인 2 : 특허법 제230조, 제228조, 제224조 제3호, 제1호"
179982,판례내용,25,1.노역장유치
179982,판례내용,26,"피고인 1 : 형법 제70조, 제69조 제2항"
179982,판례내용,27,1.가납명령
179982,판례내용,28,각 형사소송법 제334조 제1항
179982,판례내용,29,판사 황○
