판례일련번호,구분,문장번호,내용
304279,판례내용,1,사건 고합 상해치사 2008 536
304279,판례내용,2,"피고인 년생남 종업원 A (84, ), 검 사 유진승 변 호 인 변호사 천○"
304279,판례내용,3,판결선고 2008.12.5.
304279,판례내용,4,피고인을 징역 년에 처한다 5.
304279,판례내용,5,이 판결선고 전의 구금일수 125일을 위형에 산입한다.
304279,판례내용,6,피고인은 부산고등법원에서 폭력행위 등 처벌에 관한 법률 위반 공동공갈죄로 2008.4.30.
304279,판례내용,7,"징역 2년에 집행유예 3년을 선고받고, 그 판결이 확정되어 현재 집행유예 기간 중에 있다.(2008.5.8.)"
304279,판례내용,8,피고인은 2008.8.2.
304279,판례내용,9,"06:30 경 부산 북구 소재 주점에서 술을 마시던 중에 위건 ‘XX’ 물 5층에 있는 주점 업주로부터 어떤 손님이 술값을 주지 않는다는 말을 듣고, ‘YY’ B와 함께 주점으로 올라간 후 가 피해자 B(36세)에게 술값 72,000원을 달라고 하였으나, B가 ""돈이 없다, 가시나야""라고 욕설을 하고, 피고인도 ""아저씨, 왜 술값을 안 주냐, 돈이 없으면 술을 안 처먹어야 할 게 아니냐""라고 말하자, 피해자가 앉아있는 상태로 여종업원에게 헛발길질을 하고 피고인의 뺨을 때렸다는 이유로 양손바닥으로 피해자의 얼굴을 수회 때리고, 오른 주먹으로 피해자의 왼쪽 광대뼈 윗부분을 수회 때렸다."
304279,판례내용,10,피고인의 그로 인하여 그 자리에서 피해자를 외상성 뇌저부 지주막하출혈 등으로 사망에 이르게 하였다.
304279,판례내용,11,생략
304279,판례내용,12,범죄사실에 대한 해당 법조
304279,판례내용,13,1.형법 제 259조 제 1항
304279,판례내용,14,미결구금일수의 산입
304279,판례내용,15,1.형법 제 57조
304279,판례내용,16,"이 사건 범행은 피고인이 주점에서 피해자가 술에 만취한 상태에서 술값을 지불하기를 거절하고, 주점의 여종업원에게 헛발길질을 하고 피고인의 뺨을 때렸다는 이유로 피해자에게 상해를 가하여 그로 하여금 사망에 이르게 하였다는 것이다."
304279,판례내용,17,피고인은 술에 취하여 심신이 미약한 피해자를 심하게 구타함으로써 그를 죽음에 이르게 한 돌이킬 수 없는 심각하고 중한 결과를 야기하였다.
304279,판례내용,18,더욱이 피고인은 2008.4.30.
304279,판례내용,19,"부산고등법원에서 폭력행위 등 처벌에 관한 법률 위반 공동공갈죄로 징역 2년에 집행유예 3년을 선고받고, 그 판결이 확정되어 현재 집행유예 기간 중에 있음에도 불구하고, 그 성행의 개선이 없이 또다시 이 사건 범행에 이르렀다."
304279,판례내용,20,그 죄질과 범정이 좋지 아니하고 비난 가능성이 높으므로 그에 상응하는 처벌을 면할 수 없다.
304279,판례내용,21,"다만, 피고인은 이 사건 범행을 모두 시인하고 자신의 잘못을 반성하고 있다."
304279,판례내용,22,이 사건 범행 당시 피고인 자신도 술에 취하여 우발적으로 이 사건 범행에 이른 것으로 보인다.
304279,판례내용,23,또한 과거에 강도상해 사건의 범인을 검거하는 데 기여한 공로로 부산남부경찰서장으로부터 감사장을 수여받은 바도 있다.
304279,판례내용,24,이러한 사정을 그 형을 정함에 있어 특별히 참작하기로 한다.
304279,판례내용,25,"그밖에 피고인의 연령, 성행, 가정환경, 범행의 동기, 수단 및 결과, 범행 후의 정황 등 여러 양형 조건을 종합적으로 고려하여 법률이 정한 그 형기의 범위 내에서 피고인의 이 사건 범행에 대한 형을 주문과 같이 정하여 선고한다."
304279,판례내용,26,재판장 판사 고○ _________________________
304279,판례내용,27,판사 김○ _________________________
304279,판례내용,28,판사 허○ _________________________
