판례일련번호,구분,문장번호,내용
303928,판례내용,1,대전지방법원
303928,판례내용,2,판결
303928,판례내용,3,사 건 2014고단2916 절도
303928,판례내용,4,피 고 인 甲
303928,판례내용,5,"검 사 이○(기소), 김○(공판)"
303928,판례내용,6,변 호 인 법무법인 비케이
303928,판례내용,7,담당변호사 박○
303928,판례내용,8,판 결 선 고 2015.5.13.
303928,판례내용,9,주문
303928,판례내용,10,피고인을 징역 4월에 처한다.
303928,판례내용,11,"다만, 이 판결 확정일로부터 1년간 위 형의 집행을 유예한다."
303928,판례내용,12,이유
303928,판례내용,13,범죄사실
303928,판례내용,14,피고인은 2014.3.7.
303928,판례내용,15,"10:05경 의정부시 용현동 ** 매장 뒤 야외행사장에 이르러, 피해자 A가 점유하던 시가 합계 38,003,500원 상당의 나이키 신발 343켤레 등 별지 목록(생략)기재 의류 등을 준비해온 자루에 넣어가 절취하였다."
303928,판례내용,16,증거의 요지
303928,판례내용,17,1.피고인의 일부 법정진술
303928,판례내용,18,"1.증인 A, 박○00의 각 법정진술"
303928,판례내용,19,1.A에 대한 경찰 진술조서
303928,판례내용,20,"1.사진, 공정증서, 물건을 사입한 내역과 입출금거래내역, 물건사입내역서, 계좌거래내역"
303928,판례내용,21,"[피고인 및 변호인은 피해자와 행사장 영업을 동업하던 중 피해자가 피고인으로부터물품구입 대금을 송금받았음에도 그 대금으로 구입한 이 사건 의류 등 물품을 다른 행사장으로 빼돌려 횡령하고 피고인에게 이 사건 물품 등을 인도해주지 아니하여 부득이하게 이 사건 물품을 회수한 것에 불과하므로, 피고인의 행위는 피해자에 대한 청구권을 보전하기 불가능한 상황에서 청구권의 실행 곤란을 피하기 위한 자구행위에 해당하거나, 사회상규에 위배되지 아니한 정당행위로서 위법성이 조각된다고 주장한다."
303928,판례내용,22,"그러나 피고인의 진술과 증인 이○, 배00의 증언 등만으로 피고인의 위 주장과 같이 이 사건 당시 피고인과 피해자가 동업관계에 있었다거나, 가사 동업관계에 있었다 하더라도피해자가 점유하고 있던 별지 목록 기재 이 사건 의류 등 물품에 관하여 피고인에게그 소유권 내지 인도청구권이 있었고, 이에 대한 현저한 침해를 피하기 위한 부득이한사정이 있었다고 보기도 어렵다."
303928,판례내용,23,"다만 피고인이 피해자에 대한 대여금 등의 채권을 가지고 있었다고 보이나, 피고인이 법적 절차에 의하여 이러한 채권을 보전하기 불능한경우에 있었다고 보이지 않을 뿐만 아니라, 이 사건 의류 등 물품에 대한 절취행위가채권의 실행불능 또는 현저한 실행곤난을 피하기 위한 행위라고도 볼 수 없다."
303928,판례내용,24,따라서 피고인의 행위가 형법상 자구행위 내지 정당행위에 해당한다는 피고인 및 변호인의 위주장은 받아들이기 어렵다.]
303928,판례내용,25,법령의 적용
303928,판례내용,26,1.범죄사실에 대한 해당법조 및 형의 선택
303928,판례내용,27,"형법 제329조, 징역형 선택"
303928,판례내용,28,1.집행유예
303928,판례내용,29,형법 제62조 제1항
303928,판례내용,30,양형의 이유
303928,판례내용,31,[권고형의 범위] : 일반재산에 대한 절도 > 제2유형(일반절도)> 기본영역(징역 6월 ~ 1년 6월)
303928,판례내용,32,[특별양형인자] : 없음
303928,판례내용,33,"[선고형의 결정] : 이 사건 범행의 태양, 수법 등에 비추어 그 죄질이 가볍지 아니한점은 피고인에게 불리한 정상이다."
303928,판례내용,34,"반면 이 사건 당시 피고인이 피해자와의 거래관계에서 피해자에 대한 금전채권을 갖고 있었고 불이익까지 받고 있었던 것으로 보이는점, 형사처벌을 받은 전력이 전혀 없는 점은 피고인에게 유리한 정상이다."
303928,판례내용,35,"범행 후의 정황, 피고인의 나이, 성행, 가족관계, 환경 등 기타 변론에 나타난 제반사정을 종합하고, 대법원 양형위원회의 양형기준에 따른 권고형량을 참작하여 주문과 같이 결정한다."
303928,판례내용,36,판사 채○ _________________________
