판례일련번호,구분,문장번호,내용
304332,판례내용,1,부 산 지 방 법 원
304332,판례내용,2,판 결
304332,판례내용,3,사 건 2009고단2458-1(분리)가.사기미수
304332,판례내용,4,나.상해
304332,판례내용,5,다.청소년의성보호에관한법률위반(성매수)
304332,판례내용,6,"피 고 인 주A (78년생, 남)"
304332,판례내용,7,검 사 최○
304332,판례내용,8,변 호 인 변호사 윤○(국선)
304332,판례내용,9,판 결 선 고 2009.10.20.
304332,판례내용,10,주문
304332,판례내용,11,피고인을 징역 10월에 처한다.
304332,판례내용,12,이유
304332,판례내용,13,1.청소년의성보호에관한법률위반(성매수)피고인은 2008.8.28.
304332,판례내용,14,"21:00경 서울 금천구 시흥동 ○ ◇아파트 ×동 309호에 있는피고인의 집에서, 인터넷 버디버디 채팅을 통해 만난 청소년인 최○C(여, 15세)에게 화대명목의 돈 6만 원을 주고 그녀와 성교함으로써 청소년의 성을 사는 행위를 하였다."
304332,판례내용,15,2.상해
304332,판례내용,16,피고인은 2009.3.18.
304332,판례내용,17,"0○:40경 부산 부산진구 개금동 ●에 있는 피고인의 부가 운영하는 ◆ 앞에서, 피해자 유○이 피고인의 부와 피해자 유○의 남편이 서로 싸우고, 또그로 인해 피고인과 피해자 유○의 아들인 피해자 이○가 서로 싸워 피해자 이○가상처를 입은 일로 찾아와 피고인의 모에게 사과를 요구하자 주먹으로 피해자 유○의가슴과 얼굴을 수회 때리고, 피해자를 바닥에 넘어뜨리고, 피해자 이○가 찾아와 이를항의하자 피해자 이○의 멱살을 잡고 주먹으로 얼굴을 수회 때려 피해자 유○에게 약2주간의 치료를 요하는 경추부 염좌 등을 가하고, 피해자 이○에게 약 2주간의 치료를요하는 경추부 염좌 등을 가하였다."
304332,판례내용,18,3.사기미수
304332,판례내용,19,피고인은 2.항 기재와 같이 이C2와 싸우던 중 이C2에게 무릎을 걷어 차여 좌측 슬부 전방 십자 인대 파열 등의 상해를 입었다.
304332,판례내용,20,"그런데 이C2와 합의가 되지 않자 마치교통사고로 인하여 상해를 입은 것처럼 허위사실로 보험 접수하여 보험금을 받기로 마음먹고, 2009.4.8.경 부산 부산진구 개금동 □ ◎동 1101호에 있는 피고인의 집에서,피해자 다음다이렉트 보험회사에 전화하여 마치 피고인이 차량 운행 중 가로등과 가로수를 들이받는 교통사고를 당하여 좌측 슬부 전방 십자 인대 파열 등의 상해를 입은것처럼 사고 접수를 하고, 같은 달 10.경 피고인의 집을 방문한 보험회사 담당직원 김D에게 같은 내용의 사고경위서를 작성한 후 이를 제출하여 보험금 지급청구를 하였다."
304332,판례내용,21,"피고인은 위와 같이 보험금 지급청구를 하여 치료비 최대 700만 원, 장해보상비 최대500만 원 등 총 1,200만 원의 보험금을 지급받으려고 하였으나 이를 의심한 김○이 현장조사를 하고, 가로등과 가로수에 대한 차량 충돌 흔적 유무 및 피고인 차량의 수리내역 등을 확인하여 교통사고로 인한 상해가 아닌 것이 발각됨으로써 미수에 그쳤다."
304332,판례내용,22,증거의 요지
304332,판례내용,23,1.피고인의 일부 법정진술
304332,판례내용,24,"1.유C1, 이C2, 최C의 각 법정진술1.피고인, 이C2에 대한 각 일부 검찰피의자신문조서"
304332,판례내용,25,"1.유C1, 최C에 대한 각 경찰피의자신문조서 및 그 사본"
304332,판례내용,26,"1.서D1, 김○에 대한 각 경찰 진술조서"
304332,판례내용,27,1.진단서
304332,판례내용,28,"1.입․퇴원 확인서, 의무기록사본 증명서, 통신자료 통보, 가족관계증명서, 주민등록표등본, 통화내역"
304332,판례내용,29,"1.각 수사보고(가입자 확인, 현장사진, 사고접수서 등, 사고경위서, 보험금지급청구서등, 차량사진, 피해예상금액확인)"
304332,판례내용,30,법령의 적용
304332,판례내용,31,1.범죄사실에 대한 해당법조
304332,판례내용,32,"청소년의 성보호에 관한 법률 제10조, 형법 제257조 제1항, 제352조, 제347조 제1항(징역형 선택)"
304332,판례내용,33,1.경합범가중
304332,판례내용,34,"형법 제37조 전단, 제38조 제1항 제2호, 제50조"
304332,판례내용,35,판사 한○ _________________________
