판례일련번호,구분,문장번호,내용
303708,판례내용,1,대 전 고 등 법 원
303708,판례내용,2,제 7 형 사 부
303708,판례내용,3,판 결
303708,판례내용,4,사 건
303708,판례내용,5,2015노149 공직선거법위반
303708,판례내용,6,피 고 인
303708,판례내용,7,"김◯◯ (67****-1******), 공무원"
303708,판례내용,8,주거 충남 이하 생략
303708,판례내용,9,등록기준지 충남 이하 생략
303708,판례내용,10,항 소 인
303708,판례내용,11,검사
303708,판례내용,12,검 사
303708,판례내용,13,"이○(기소), 김○(공판)"
303708,판례내용,14,변 호 인
303708,판례내용,15,변호사 조○
303708,판례내용,16,원 심 판 결
303708,판례내용,17,대전지방법원 공주지원 2015.2.11.
303708,판례내용,18,선고 2014고합42 판결
303708,판례내용,19,판 결 선 고
303708,판례내용,20,2015.5.6.
303708,판례내용,21,주 문
303708,판례내용,22,검사의 항소를 기각한다.
303708,판례내용,23,이 유
303708,판례내용,24,1.항소이유의 요지
303708,판례내용,25,원심의 양형(벌금 90만 원)이 너무 가벼워서 부당하다.
303708,판례내용,26,2.판단
303708,판례내용,27,이 사건 범행은 ◌◌군수 후보로 출마하고자 하는 김◎◯의 선거공약 수립을 위하여 피고인이 ◌◌군청 기획감사실에서 군정 기획 및 평가 업무를 담당하면서 작성하여 보관 중이던 자료를 이◎◯에게 이메일로 전송하는 방법으로 선거운동의 기획에 참여한 것이다.
303708,판례내용,28,"이러한 피고인의 범행은 공무원의 정치적 중립성과 선거의 공정성을 해하는 범죄인 점, 피고인은 김◎◯이 당선될 것에 대비하여 인사상 혜택 등을 받기 위하여 이 사건 범행에 나아간 것으로 볼 여지가 있는 점 등은 피고인에게 불리한 정상이다."
303708,판례내용,29,"다만, 피고인이 ◌◌군청 기획감사실에서 김◎◯과 오랜 기간 함께 근무하였던 관계로 당시 김◎◯의 요청을 냉정하게 거절하지 못한 사정이 엿보이는 점, 피고인은 공약 수립을 위한 기초자료를 제공하는 정도의 소극적인 도움에 그쳤고, 피고인의 참여에도 불구하고 김◎◯의 선거 공약이 다른 후보자들과 큰 차이가 없었으며, 김◎◯이 ◌◌군수 선거에서 낙선한 점에 비추어 보면, 이 사건 범행이 피고인의 공무원직을 상실시킬 만큼 선거의 공정성을 해하였다고 보기는 어려운 점, 초범인 점, 기타 피고인의 나이, 성행, 환경, 범행 후의 정황 등 제반 양형조건과 대법원 양형위원회의 양형기준 적용결과 등을 종합하여 보면, 원심이 피고인에게 선고한 형량은 적절하다고 판단되고 너무 가벼워서 부당하다고 인정되지 아니한다."
303708,판례내용,30,"[검사는 양형기준을 적용함에 있어 ‘선거운동기간 위반․부정선거운동‘의 제3유형(공무원의 지위 이용 선거운동, 기본영역 권고형 징역 8월 ~ 징역 1년 6월)을 적용하여야 함에도, 원심이 제2유형(선거운동방법 위반, 기본영역 권고형 벌금 70만 원 ~ 벌금 200만 원)을 적용한 잘못이 있다고 주장하나, 이 사건 범행은 선거에 영향을 미치는 공무원의 행위를 금지하는 공직선거법 제86조 제1항 제2호를 위반하여 공직선거법 제255조 제1항 제10호에 따라 처벌되는 행위로서 제2유형에 해당하고, 공직선거법 제255조 제3항이 적용되는 제3유형에 해당하지 아니한다.]."
303708,판례내용,31,검사의 주장은 이유 없다.
303708,판례내용,32,3.결론
303708,판례내용,33,그렇다면 검사의 이 사건 항소는 이유 없으므로 형사소송법 제364조 제4항에 의하여 이를 기각하기로 하여 주문과 같이 판결한다.
303708,판례내용,34,재판장 판사 유○ _________________________
303708,판례내용,35,판사 강○ _________________________
303708,판례내용,36,판사 최○ _________________________
303708,판례내용,37,.
