판례일련번호,구분,문장번호,내용
302195,판례내용,1,울산지방법원
302195,판례내용,2,판결
302195,판례내용,3,사건
302195,판례내용,4,2020고단2719 명예훼손
302195,판례내용,5,피고인
302195,판례내용,6,"1.정○, 75년생, 남, 회사원"
302195,판례내용,7,주거 양산시
302195,판례내용,8,"2.박회원, 82년생, 남, 자영업"
302195,판례내용,9,주거 양산시
302195,판례내용,10,검사
302195,판례내용,11,"유○(기소), 신○(공판)"
302195,판례내용,12,판결 선고
302195,판례내용,13,2020.9.16.
302195,판례내용,14,주문
302195,판례내용,15,피고인들을 각 벌금 300만 원에 처한다.
302195,판례내용,16,피고인들이 위 벌금을 납입하지 아니하는 경우 10만 원을 1일로 환산한 기간 피고인들을 노역장에 유치한다.
302195,판례내용,17,위 벌금에 상당한 금액의 가납을 명한다.
302195,판례내용,18,이유
302195,판례내용,19,범죄사실
302195,판례내용,20,1.피고인 정일베
302195,판례내용,21,피고인은 ‘일베저장소’(https://www.ilbe.com) 사이트에 회원으로 가입하여 ‘폭-----’이라는 닉네임으로 활동하는 사람이다.
302195,판례내용,22,피고인은 2020.1.30.
302195,판례내용,23,"20:25경 양산시에 있는 피고인의 주거지에서, 중국인 ‘M의 성명, 생년월일, 체류장소, 가족사항, 거주지, 입국일, 이동경로, 주요 증상, 병원 조치 사항 등 기재되어 있는 양산시청 보건행정과에서 작성한 ‘신종 코로나바이러스 감염증 의심자 이송 관련 보고’ 업무보고서를 촬영한 파일을 배우자 김○로부터 카카오톡을 통해 전송받은 것을 기화로 위 일베저장소 사이트 게시판에 “속보!!"
302195,판례내용,24,경남양산 중국바이러스 의심환자 발생”이라는 제목의 글을 작성하면서 위 파일을 같이 게재하였다.
302195,판례내용,25,이로써 피고인은 공연히 사실을 적시하여 피해자의 명예를 훼손하였다.
302195,판례내용,26,2.피고인 박회원
302195,판례내용,27,피고인은 ‘일베저장소’(https://www.ilbe.com) 사이트의 회원으로 가입하여 ‘조-----’라는 닉네임으로 활동하는 사람이다.
302195,판례내용,28,피고인은 2020.1.30.
302195,판례내용,29,"20:14경 양산시에 있는 GS25 편의점 앞 노상에서 중국인 ‘M의 성명, 생년월일, 체류장소, 가족사항, 거주지, 입국일, 이동경로, 주요 증상, 병원 조치 사항 등 기재되어 있는 양산시청 보건행정과에서 작성한 ‘신종 코로나바이러스 감염증 의심자 이송 관련 보고’ 업무보고서를 촬영한 파일을 지인 권지인으로부터 카카오톡을 통해 전송받은 것을 기화로 위 일베저장소 사이트 게시판에 “경남 양산에도 우한폐렴 나왔다”라는 제목의 글을 작성하면서 위 파일을 같이 게재하였다."
302195,판례내용,30,이로써 피고인은 공연히 사실을 적시하여 피해자의 명예를 훼손하였다.
302195,판례내용,31,증거의 요지
302195,판례내용,32,1.피고인들의 각 법정진술
302195,판례내용,33,1.M에 대한 경찰 진술조서
302195,판례내용,34,"1.내사착수보고, 각 인터넷 글 내용, 수사보고(추가 유포자 확인)"
302195,판례내용,35,법령의 적용
302195,판례내용,36,1.범죄사실에 대한 해당법조 및 형의 선택
302195,판례내용,37,◯ 피고인들: 각 형법 제307조 제1항(벌금형)
302195,판례내용,38,1.노역장유치
302195,판례내용,39,"◯ 피고인들: 각 형법 제70조 제1항, 제69조 제2항"
302195,판례내용,40,1.가납명령
302195,판례내용,41,◯ 피고인들: 각 형사소송법 제334조 제1항
302195,판례내용,42,양형의 이유
302195,판례내용,43,"피고인들이 이 사건 범행을 인정하고 뉘우치고 있는 점, 이 사건 범행에 이르게 된 경위에 참작할 만한 사정이 있는 점, 피고인 정○는 초범이고, 피고인 박○회원은 동종 전력이나 벌금형을 초과하는 형사 처벌전력은 없는 점, 그 밖에 피고인들의 연령, 성행, 환경, 범행의 동기, 수단과 결과, 범행 후의 정황 등 기록에 나타난 제반 사정을 종합하여 주문과 같이 형을 결정함."
302195,판례내용,44,판사 이○ _________________________
