판례일련번호,구분,문장번호,내용
218601,판례내용,1,【피 고 인】 피고인
218601,판례내용,2,【검    사】 김○
218601,판례내용,3,【변 호 인】 변호사 김○
218601,판례내용,4,【주    문】
218601,판례내용,5,피고인을 징역 10월에 처한다.
218601,판례내용,6,다만 판결 확정일로부터 2년간 형의 집행을 유예한다.
218601,판례내용,7,【이    유】【범죄사실】   피고인은 2009.12.16.경 서울 서초구 (주소 2 생략)공소외 6 변호사 사무실에서 공소외 1에 대한 허위내용의 고소장을 작성하였다.
218601,판례내용,8,"그 고소장에는 “공소외 1은 피고인이 공소외 1을 상대로 제기한 서울중앙지방법원 2007가합97254 사건의 재판과정에서 위조된 사문서를 증거로 제출하여 행사하였다, 구체적으로 2008.7.7.경에는 ‘본인 대리인으로 귀사와 귀하에게 이사자격으로 회의에 참석했을 따름이고 위 공소외 2 주식회사에는 단 1원도 투자한 사실이 없음을 확인함’이라는 허위사실을 기재하여 위조한 확인서를 제출하였고, 2008.10.경에는 ‘공소외 1은 피고인에게 공소외 2 주식회사와 공소외 3 주식회사간에 1990.7.25."
218601,판례내용,9,"수지 제1지구 집배송단지 중 2,715평에 대한 토지분양계약에 따른 수분양자의 지위를 인정하고, 공소외 4 건설회사 명의로 입금시킨 분양대금 15억원은 피고인의 공소외 4 건설회사에 대한 채무임을 인정하고, 피고인이 공소외 2 주식회사와 공소외 4 건설회사간 1997.6.24."
218601,판례내용,10,"합의 시에 지급한 어음 1매 액면금 1,633,883,684원이 부도 기타 사유로 지급되지 아니하여 공소외 1과 공소외 2 주식회사에 손해를 가한 경우에 피고인의 분양권자의 권리를 포기하고 그 해당 토지를 제3자에게 매도처분하여도 하등의 이의를 제기하지 않는다’라고 허위사실을 기재하여 위조한 합의서를 제출하는 등으로 각 위조사문서를 행사하였으니 처벌해 달라”는 내용이나 피고인은 위 확인서에는 직접 서명을 하여 준 사실이 있어 위조된 문서가 아니었고, 위 합의서는 공소외 1과의 합의하에 작성된 것으로서 위조된 문서가 아니었다."
218601,판례내용,11,"그럼에도 불구하고, 피고인은 2009.12.16.경 위와 같이 허위의 사실이 기재된 고소장을 서울 서초구 서초동에 있는 서초경찰서 종합민원실에 제출하였다."
218601,판례내용,12,결국 피고인은 공소외 1로 하여금 형사처분을 받게 할 목적으로 무고하였다.
218601,판례내용,13,【증거의 요지】   1.피고인의 법정진술 일부
218601,판례내용,14,"1.제5, 12회 공판조서 중 증인 공소외 1의 각 진술기재"
218601,판례내용,15,1.이 법원의 문서감정촉탁결과
218601,판례내용,16,1.피고인에 대한 검찰피의자신문조서 일부
218601,판례내용,17,1.2009.12.16.자 고소장
218601,판례내용,18,"1.1996.2.26.자 확인서, 1997.6.자 합의서"
218601,판례내용,19,"1.2006.11.1.자 사실확인서, 2007.1.자 각서"
218601,판례내용,20,"1.서울지방법원 남부지원 2002카합229 판결문, 서울중앙지방법원 2007가합97254 판결문, 서울고등법원 2009나1674 판결문, 대법원 2009다104625 판결문"
218601,판례내용,21,【법령의 적용】   1.범죄사실에 대한 해당법조
218601,판례내용,22,형법 제156조
218601,판례내용,23,1.집행유예
218601,판례내용,24,형법 제62조 제1항
218601,판례내용,25,【양형이유】O 징역 10월 : 무고죄의 기본구간인 징역 6월 ~ 징역 2년에서 선택함.
218601,판례내용,26,"O 집행유예 : 집행유예 이○의 전과가 없고, 고령인 점 참작"
218601,판례내용,27,이○의 이유로 주문과 같이 판결한다.
218601,판례내용,28,판사 곽○
