판례일련번호,구분,문장번호,내용
138844,판시사항,1,준항고에 관한 결정에 대한 불복방법
138844,판결요지,2,"형사소송법 제416조,"
138844,판결요지,3,"제417조의 준항고에 관한 결정에 대하여는 재판에 영향을 미친 헌법, 법률, 명령, 규칙의 위반이 있음을 이유로 하는 때에 한하여 대법원에 즉시 항고할 수 있는바, 이는"
138844,판결요지,4,"제419조,"
138844,판결요지,5,제415조에 의한 재항고에 해당한다.
138844,참조조문,6,"형사소송법 제416조,"
138844,참조조문,7,"제417조,"
138844,참조조문,8,"제419조,"
138844,참조조문,9,제415조
138844,판례내용,10,【재항고인】
138844,판례내용,11,【원 결 정】
138844,판례내용,12,서울지방법원 동부지원 1983.3.3자 83보1 결정
138844,판례내용,13,【주    문】
138844,판례내용,14,재항고를 기각한다.
138844,판례내용,15,"【이    유】  1.먼저 기록에 의하여 살펴보면 이 사건은 재항고인이 검사의 구금에 관한 처분에 불복하여 그 취소를 청구(준항고)하고, 원심이 그 불복신청을 기각한 결정에 대하여 재항고인이 즉시 항고를 제기하자 원심법원은 이를"
138844,판례내용,16,형사소송법 제415조의 재항고에 해당하는 것으로 보아 일건 기록을 당원에 송부한 사건이므로
138844,판례내용,17,"형사소송법 제417조 소정의 준항고에 관한 원심결정이 재항고의 대상이 되는 여부 즉, 이 사건 재항고의 적법여부를 직권으로 살펴본다.형사소송법 제419조에 의하면"
138844,판례내용,18,"제416조,"
138844,판례내용,19,제417조의 청구(준항고)가 있는 경우에 「
138844,판례내용,20,제415조 본문의 규정」을 준용한다고 규정하고 있으나 현행
138844,판례내용,21,"형사소송법 제415조에는 본문, 단서의 구별이 없고 다만 「항고법원 또는 고등법원의 결정에 대하여는 재판에 영향을 미친 헌법, 법률, 명령 또는 규칙의 위반이 있음을 이유로 하는 때에 한하여 대법원에 즉시항고를 할 수 있다」고만 규정되어 있을 뿐이다.이는"
138844,판례내용,22,"위 제415조의 규정내용이 본문, 단서로 구별되어 본문의 내용이 「항고법원 또는 고등법원의 결정에 대하여는 항고를 하지 못한」고 되어 있던 것을 1963.12.13 법률 제1500호로 형사소송법을 일부 개정하면서"
138844,판례내용,23,"제415조의 내용만을 현행과 같이 「항고법원 또는 고등법원의 결정에 대하여는 재판에 영향을 미친 헌법, 법률, 명령 또는 규칙의 위반이 있음을 이유로 하는 때에 한하여 대법원에 즉시항고를 할 수 있다」고 개정하고 「"
138844,판례내용,24,제415조 본문의 규정」을 준용한다고 한
138844,판례내용,25,"제419조는 정리를 하지 아니한 채 그대로 놓아둔 개정연혁에 연유된 것인바,"
138844,판례내용,26,위와 같은 경위로 현행
138844,판례내용,27,"형사소송법 제415조에는 본문, 단서의 구별이 없어졌으므로"
138844,판례내용,28,제419조에서 준용한다고 하는 「
138844,판례내용,29,제415조 본문의 규정」이란 「
138844,판례내용,30,제415조의 규정」을 뜻하는 것이라고 해석된다.그렇다면
138844,판례내용,31,"형사소송법 제416조,"
138844,판례내용,32,"제417조의 준항고에 관한 결정에 대하여는 항고법원 또는 고등법원의 결정과 마찬가지로 재판에 영향을 미친 헌법, 법률, 명령, 규칙의 위반이 있음을 이유로 하는 때에 한하여 대법원에 즉시항고를 할 수 있다 할 것이므로 원심결정에 대한 이 사건 즉시항고는"
138844,판례내용,33,"형사소송법 제419조,"
138844,판례내용,34,제415조에 의한 재항고에 해당되어 적법하다.
138844,판례내용,35,"2.그러므로 나아가서 재항고이유를 보건대, 기록에 의하여 살펴보아도 검사의 소론 구금처분이 법률의 규정에 위배된 불법감금이라고 인정할 수 없다 하여 재항고인의 준항고를 기각한 원심결정에"
138844,판례내용,36,형사소송법 제415조에 규정된 재항고사유가 있음을 찾아볼 수 없으므로 논지 이유없다.
138844,판례내용,37,3.이에 재항고를 기각하기로 관여법관의 의견이 일치되어 주문과 같이 결정한다.
138844,판례내용,38,대법관 윤○(재판장)정○ 김○ 오○
