판례일련번호,구분,문장번호,내용
304404,판례내용,1,사 건 고합 2009 513 청소년의성보호에관한법률위반(청소년강간등)
304404,판례내용,2,"피 고 인 나○룰 A(NAZRUL A) (82년생, 남)"
304404,판례내용,3,검 사 윤○
304404,판례내용,4,변 호 인 변호사 류○(국선)
304404,판례내용,5,판 결 선 고 2009.10.23.
304404,판례내용,6,주문
304404,판례내용,7,피고인을 징역 1년 6개월에 처한다.]
304404,판례내용,8,이유
304404,판례내용,9,범죄사실
304404,판례내용,10,"피고인은 방글라데시 국적의 불법체류자로서, 청소년인 피해자 곽○(여, 13세)의 아버지인 곽○1과 같은 직장에 근무하면서 친분을 쌓게 된 것을 계기로 2009.7.27."
304404,판례내용,11,거제시 능포동에 있는 능포 바닷가에 위 곽○과 피해자 및 피해자의 남동생 곽○와 함께 여름휴가를 가게 되었다.
304404,판례내용,12,피고인은 2009.7.29.
304404,판례내용,13,21:00경부터 22:00경 사이에 곽○○이 위 바닷가에 설치한 텐트내에 피해자만 혼자 남겨 두고 곽○ C○와 함께 바다낚시를 떠나자 피해자를 추행하기로 마음먹었다.
304404,판례내용,14,"이에 피고인은 위 텐트 밖에서 텐트 안에 있던 피해자에게 “아이 러브 유(I love you)"" 라고 수차례에 걸쳐 말한 후 갑자기 텐트 안으로 들어가 피해자를 양손으로 안아 바닥에 눕힌 후 강제로 뺨에 키스를 하였고, 이에 피해자가 양손으로 피고인의 가슴과 어깨 등을 밀치며 반항을 하자 피고인의 몸으로 피해자의 몸을 눌러 피해자의 반항을 억압한 뒤 손으로 피해자의 음부와 가슴, 허리와 허벅지 등을 만져 추행하였다."
304404,판례내용,15,"이후 피고인은 피해자가 아빠를 부르며 소리치자 잠시 추행을 멈추고 피해자의 앞에 무릎을 꿇고 앉았다가, 다시 양손으로 피해자의 발을 강하게 잡아당겨 이를 피고인의 성기에 가져다 대고 문질렀다."
304404,판례내용,16,이로써 피고인은 청소년인 피해자를 강제로 추행하였다.
304404,판례내용,17,증거의 요지
304404,판례내용,18,1.피고인의 법정진술
304404,판례내용,19,1.증인 김○의 법정진술
304404,판례내용,20,1.피고인에 대한 검찰 피의자신문조서(일부)
304404,판례내용,21,1.곽○C에 대한 검찰 진술조서
304404,판례내용,22,1.피고인 작성의 확인서
304404,판례내용,23,"1.곽○○C, 김○, 곽○○C1 작성의 각 진술서"
304404,판례내용,24,1.수사보고(수사기록 제28면)
304404,판례내용,25,법령의 적용
304404,판례내용,26,1.범죄사실에 대한 해당법조 및 형의 선택
304404,판례내용,27,"청소년의 성보호에 관한 법률 제7조 제2항, 형법 제298조(징역형 선택)"
304404,판례내용,28,양형의 이유
304404,판례내용,29,1.양형의 이유
304404,판례내용,30,[처단형의 범위] 징역 1년 ~ 15년
304404,판례내용,31,[권고형의 범위] 징역 6월 ~ 2년 : 강제추행죄(13세 이상 대상)중 제1유형의 기본영역
304404,판례내용,32,[수정된 권고형의 범위] 징역 1년 ~ 2년 (처단형의 하한을 고려)
304404,판례내용,33,"[일반가중인자] 청소년의 성보호에 관한 법률 제7조가 규정하는 형태의 범행, 인적"
304404,판례내용,34,신뢰관계 이용
304404,판례내용,35,[일반감경인자] 형사처벌 전력 없음
304404,판례내용,36,[선고형의 결정] 징역 1년 6월
304404,판례내용,37,2.신상정보 제출의무
304404,판례내용,38,피고인에 대한 이 사건 범죄사실에 대해 유죄판결이 확정되는 경우 피고인은 청소년
304404,판례내용,39,"의 성보호에 관한 법률 제32조 제1항의 신상정보 등록대상자에 해당하므로, 같은 법"
304404,판례내용,40,제33조에 따라 관할기관에 신상정보를 제출할 의무가 있다.
304404,판례내용,41,이○의 이유로 주문과 같이 판결한다.
304404,판례내용,42,재판장 판사 구○ _________________________
304404,판례내용,43,판사 김○ _________________________
304404,판례내용,44,판사 김○ _________________________
