판례일련번호,구분,문장번호,내용
190180,판시사항,1,음주만취상태에서의 운전과 특정범죄가중처벌등에 관한 법률 제5조의 3 제1항의 도주
190180,판결요지,2,피고인은 본건 사고당시 음주만취되어 피고인이 운행하던 차량의 진행 전면에 나타나는  물
190180,판결요지,3,체를 분명히 알아보지 못하고 본건 피해자들을  충격하고도 이를 인식하지 못한 채  그대로
190180,판결요지,4,진행한 것이라고 보여지므로 특정범죄가중처벌등에 관한 법률 제5조의 3 제1항 소정의 도주
190180,판결요지,5,에 해당하지 아니한다.
190180,참조조문,6,특정범죄가중처벌등에관한법률 제5조의 3
190180,판례내용,7,【피 고 인】
190180,판례내용,8,【항 소 인】   검사
190180,판례내용,9,【원심판결】
190180,판례내용,10,제1심 서울형사지방법원(79고합377 판결)
190180,판례내용,11,【주    문】
190180,판례내용,12,검사의 항소를 기각한다.
190180,판례내용,13,"【이    유】  검사의 항소이유의 요지는 첫째, 원심판결은 피고인이  본건 사고당시 음주만취상태에 있"
190180,판례내용,14,었으므로 피해자들을 충돌하여 사상에 이르게 한 사실을 알지 못하고 차의 운전을 계속하였
190180,판례내용,15,을 뿐이지 피고인이 사고사실을 알고도 도주한 것이라고 인정할 증거가 없다는 이유로 본위
190180,판례내용,16,적 공소사실인 특정범죄가중처벌등에 관한 법률위반사실에 대하여 무죄를 선고하였으나  주
190180,판례내용,17,취중의 행위를 행위당시 인식하였는지의 여부와 주취상태로부터 깨어난 후 취중에 한  행위
190180,판례내용,18,를 기억하는가의 여부는 전혀 별개의 문제이고 우리의 경험칙에 의하면 주취운전중에  사고
190180,판례내용,19,가 발생하면 그 충격과 사고발생에 대한 각성으로 의식이 명료해지는 것이 보통임에도 불구
190180,판례내용,20,하고 원심판결은 채증법칙을 위배하여 증거의  취사를 그릇침으로써 사실을 오인한  위법이
190180,판례내용,21,"있다는 것이고 둘째, 원심이 피고인에 대하여 선고한 형의  양정이 너무 가벼워서 부당하다"
190180,판례내용,22,는 것이다.
190180,판례내용,23,"그러므로 먼저 위 항소이유 첫째점에 관하여 보건대, 원심이  증거조사를 거쳐 채택한 여"
190180,판례내용,24,러증거들을 기록에 비추어 종합 검토하여 보아도 피고인이 본건 피해자들을 충돌하여  사상
190180,판례내용,25,에 이르게 한 사실을 알고도 그대로 도주하였다고 인정할 아무런 증거가 없고 원심이 판시
190180,판례내용,26,한 바와 같이 피고인은 본건 사고당시 음주만취되어 피고인이 운행하던 차량이  진행전면에
190180,판례내용,27,나타나는 물체를 분명히 알아보지 못하고 본건 피해자들을 충격하고도 이를 인식하지  못한
190180,판례내용,28,채 그대로 진행한 것이라고 보여지므로(특히 공소외 B의 수사기관에서의  진술을 보면
190180,판례내용,29,본건 사고후의 피고인의 언동이 위  사고사실을 알고서도 도주한 사람으로서의  언동이라고
190180,판례내용,30,볼 수 없다)
190180,판례내용,31,원심판결에 논지가 지적하는 바와 같은 위법이 없고 따라서 검사의 위 항소이유는 받아들
190180,판례내용,32,일 수 없다.
190180,판례내용,33,"다음 검사의 양형부당의 항소이유에 관하여 보건대, 본건 범행의 동기, 수단, 결과, 피해정"
190180,판례내용,34,"도, 피고인의 연령, 성행, 환경, 전과, 범행후의 정황등 원심이 적법하게 조사한 양형의 조건"
190180,판례내용,35,이 되는 여러가지 사정을 자세히 살펴보면 검사가 주장하는 정상을 참작하더라도 원심이 피
190180,판례내용,36,고인에 대하여 선고한 형의 양정은 적당하고 너무 가벼워서 부당하다고는 생각되지  아니하
190180,판례내용,37,므로 검사의 위 항소이유 역시 받아들일 수 없다.
190180,판례내용,38,따라서 형사소송법 제364조 제4항에 의하여 검사의 항소를 기각하기로 하여 주문과  같이
190180,판례내용,39,판결한다.
190180,판례내용,40,판사 김○(재판장)이○ 양○
