판례일련번호,구분,문장번호,내용
304232,판례내용,1,사건 고단 업무상횡령 2008 6024
304232,판례내용,2,"피고인 년생남 A (51, )"
304232,판례내용,3,검사 김○
304232,판례내용,4,변호인 법무법인로앤로 담당변호사강○
304232,판례내용,5,판결선고 2008.12.16.
304232,판례내용,6,피고인을 징역 8월에 처한다.
304232,판례내용,7,이 판결선고 전의 구금일수 1일을 위형에 산입한다.
304232,판례내용,8,피고인은 부산 동구에 있는 사회복지법인 XX원의 대표이사이다.
304232,판례내용,9,B에 대한 급여횡령
304232,판례내용,10,1.피고인은 1995.4.경부터 2008.6.경까지 정신지체장애 2급인 피해자 B를 XX원의 취사원으로 고용한 후 국가로부터 지급되는 B의 월급을 관리하는 업무에 종사하였다.
304232,판례내용,11,피고인은 B의 월급통장을 직접 소지하면서 이를 관리함을 기화로 2005.4.25.
304232,판례내용,12,"경 B 명의의 새마을금고 계좌로 입금된 B의 월급 중 1,800,300원을 피고인이 사용하는 C 명의의 부산은행 계좌로 송금하여 거주지 전화요금으로 납부한 것을 비롯하여 그때부터 2008.6.23."
304232,판례내용,13,"경에 이르기까지 별지 범죄일람표(기재 생략)와 같이 총 66,212,969원을 피고인의 채무변제, 생활비 등으로 임의 사용하여 이를 횡령하였다."
304232,판례내용,14,D 등 명의 장애수당 및 생계비 횡령
304232,판례내용,15,"2.아동양육시설인 XX원은 아동의 연령이 18세가 도달하면 퇴소조치하여야 함에도 불구하고 피고인은 18세를 넘은 D, E, F, E2 등 4명의 장애인을 무단으로 수용한 후 그들에게 지급되는 기초생계비와 장애수당을 관리하는 업무에 종사하였다."
304232,판례내용,16,피고인은 위 장애수당 등이 입금되는 D의 통장을 직접 소지하면서 이를 관리함을 기화로 2005.4.11.
304232,판례내용,17,"경 D 명의의 새마을금고 계좌로 입금된 D의 장애수당 중 200,300원을 피고인의 채권자인 G에게 대출이자 명목으로 송금한 것을 비롯하여 그때부터 2006.4.25."
304232,판례내용,18,"경에 이르기까지 별지 범죄일람표(기재 생략)와 같이 총 12,892,700원을 피고인의 채무변제, 생활비 등으로 임의 사용하여 이를 횡령하였다."
304232,판례내용,19,범죄사실에 대한 해당 법조
304232,판례내용,20,"1.형법 제356조, 제355조 제1항(징역형 선택)"
304232,판례내용,21,경합범 가중
304232,판례내용,22,"2.형법 제37조 전단, 제38조 제1항 제2호, 제50조"
304232,판례내용,23,미결구금일수의 산입
304232,판례내용,24,3.형법 제57조
304232,판례내용,25,피고인이 피해자들에게 용돈을 주거나 피해자들을 위하여 생계비를 지출한 사정은 엿보이나 그 실제 금액이 위 횡령금액과 같다는 피고인의 주장은 믿기 어렵다.
304232,판례내용,26,"한편 피고인이 피해자들을 위하여 일부 금원을 지출하였다 하더라도 사회봉사를 사명으로 하는 사회복지법인의 대표이사이자 오갈 곳 없는 피해자들을 가족으로 생각하고 보호해왔다는 피고인으로서는 피해자들의 급여, 보조금 등에서 그 지출금원을 보상받기보다는 피해자들의 미래를 위하여 그 급여, 보조금 등을 더욱 소중히 관리, 보관해야 함이 마땅하다."
304232,판례내용,27,그러나 피고인은 피해자들이 낭비벽이 심하여 급여를 관리해준다는 명목으로 실제로 피고인이 위 급여로 적금을 불입하는 등 체계적으로 관리한 흔적은 전혀 찾아볼 수 없다.
304232,판례내용,28,"피해자들에게 용돈을 주거나 피해자들을 위하여 생계비를 지출하였다는 명목으로 피해자들의 급여, 보조금 등을 개인 채무의 변제 등의 용도로 무단으로 사용하였는바, 이는 앞서 본 사회복지법인 대표이사로서의 사명을 저버린 것으로서 결코 용납할 수 없으며 엄중한 형의 선고가 불가피하다고 할 것이다."
304232,판례내용,29,이○의 이유로 주문과 같이 판결한다.
304232,판례내용,30,판사 오○
304232,판례내용,31,_________________________
