판례일련번호,구분,문장번호,내용
304449,판례내용,1,부산지방법원
304449,판례내용,2,제4형사부
304449,판례내용,3,판결
304449,판례내용,4,사 건 2009노3467 사행행위등규제및처벌특례법위반
304449,판례내용,5,"피 고 인 정A (69년생, 남)"
304449,판례내용,6,항 소 인 피고인
304449,판례내용,7,검 사 김○
304449,판례내용,8,변 호 인 변호사 장○
304449,판례내용,9,원 심 판 결 부산지방법원 2009.9.24.
304449,판례내용,10,선고 2009고단4176 판결
304449,판례내용,11,판 결 선 고 2009.11.19.
304449,판례내용,12,주문
304449,판례내용,13,피고인의 항소를 기각한다.
304449,판례내용,14,이유
304449,판례내용,15,항소이유의 요지
304449,판례내용,16,"1.피고인이 이 사건 공소사실을 모두 인정하면서 자신의 잘못을 깊이 뉘우치고 있는 점, 피고인은 오락실 업자가 구입해 놓은 야○ 게임기의 부품들을 단순히 조립하는 정도의 일을 하였을 뿐이므로 게임기를 통째로 제작하여 판매하는 경우에 비해 가벌성이 약한 점, 피고인이 야○ 게임기를 조립하여 주고 차지하는 이익은 만원 정도, 1.5에 불과하여 이 사건 범행으로 얻은 이익이 크지 않은 점, 피고인은 처와 이혼하고 두 아들과 고령의 모친을 부양하며 살고 있는 점, 피고인에게 동종 범죄 전력이 없는 점 등을 감안하면 원심의 양형 징역 년은 지나치게 무거워서 부당하다."
304449,판례내용,17,(1)판단
304449,판례내용,18,"2.살피건대 비록 피고인에게 동종 범죄로 형사처벌을 받은 전력이 없기는 하나 이 사건 범행은 피고인이 사행성 유기기구인 이 사건 야마토 게임기를 차례에 걸쳐 100가량을 조립하여 사행성 게임장 업주들에게 판매하였다는 것으로, 피고인이 제조한 게임기의 수량과 판매 횟수, 그로 인해 취득한 판매대금의 규모 등에 비추어 사안이 가볍지 아니한 점, 피고인은 남의 눈에 잘 띄지 않는 고물상의 빈터를 임차하여 콘테이너를 설치한 다음 그곳에서 이 사건 야마토 게임기와 같은 사행성 유기기구를 제조하여 대규모로 유통시키는 등 이 사건 범행이 발각되지 않도록 치밀한 준비를 하였던 것으로 보이고, 이 사건과 같은 불법 게임기의 유통을 근원적으로 차단하기 위해서라도 피고인과 같이 불법 게임기의 제조 및 조립을 담당하는 제조책들을 엄단할 필요도 있는 점,"
304449,판례내용,19,더욱이 피고인은 수사 과정에서 자신이 이 사건 야마토 게임기를 제조하기 시작하였다고 진술한 년 월경부터 같은 해 월경까지 자신의 전처인 백명의 국민은행 계좌로 게임기 제작 대금을 위 계좌로 송금받았다고 진술하였다.
304449,판례내용,20,"(×-×-188021,)에 억여원의 거금이 입금된 경위에 대해 변명으로 일관하면서 자신의 범행을 축소하기에 급급하였을 뿐, 자신의 잘못을 진정으로 뉘우치는 모습은 보이지 않고 있는 점 등 그 밖에 이 사건 범행에 이르게 된 경위, 범행 전후의 정황, 피고인의 연령, 성행, 가정 환경 등 기록에 나타난 양형의 조건이 되는 여러 가지 사정을 종합하여 보더라도, 피고인이 주장하는 정상을 참작하여 보더라도 피고인에 대한 원심의 양형이 너무 무거워 부당하다고 할 수 없으므로 피고인의 주장은 이유 없다."
304449,판례내용,21,결론
304449,판례내용,22,3.따라서 피고인의 항소는 이유 없으므로 형사소송법 제 조 제 항에 의하여 이를 기각하기로 하여 주문과 같이 판결한다.
304449,판례내용,23,재판장 판사 박○
304449,판례내용,24,_________________________
304449,판례내용,25,판사 정○
304449,판례내용,26,_________________________
304449,판례내용,27,판사 김○
304449,판례내용,28,_________________________
