판례일련번호,구분,문장번호,내용
304507,판례내용,1,부 산 지 방 법 원
304507,판례내용,2,판 결
304507,판례내용,3,사 건 2010고정1898 변호사법위반
304507,판례내용,4,"피 고 인 이A (47년생, 남)"
304507,판례내용,5,검 사 김○
304507,판례내용,6,변 호 인 변호사 서○(국선)
304507,판례내용,7,판 결 선 고 2010.8.18.
304507,판례내용,8,주 문
304507,판례내용,9,"피고인을 벌금 10,000,000원에 처한다."
304507,판례내용,10,"피고인이 위 벌금을 납입하지 아니하는 경우 60,000원을 1일로 환산한 기간 피고인을"
304507,판례내용,11,"노역장에 유치한다.다만, 단수금액은 1일로 한다."
304507,판례내용,12,"피고인으로부터 58,000,000원을 추징한다."
304507,판례내용,13,위 벌금에 상당한 금액의 가납을 명한다.
304507,판례내용,14,이 유
304507,판례내용,15,피고인은 초○ 지인의 소개로 김○을 처음 만나 피고인의 명의로 김○이 2005.1.C C 개인회생 파산 및 면책 사건을 독자적으로 수임하여 처리하는 대신 그 대가로 김○으로부터 월 만원씩 지급받기로 상호 약정하였다.
304507,판례내용,16,"그 무렵 이미 김○ 법무사 명의 200.C를 빌려 개인회생 파산 및 면책 사건을 독자적으로 수임하여 처리할 계획 하에 같이, 일할 법무사를 찾는 한편 개인회생 파산 및 면책 건을 개인적으로 미리 수임해오고 있었고 경부산 남구 문현동에 있는 오피스텔 호를 법무사사, 2004.12.27."
304507,판례내용,17,4 XX1 ○ ◇ 무실로 직접 임차하고 김 같은 날 불구속 기소 등 직원들도 고용해 놓은 상태였다.
304507,판례내용,18,C1().
304507,판례내용,19,"피고인과의 약정에 따라 김○ 등은 경위 사무실에서 개인회생 신청을 하 2005.1.4., 기 위하여 찾아온 이를 상담하고 그에 대한 개인회생 사건을 수임하여 처리해 주기로 계약한 후 수임료 명목으로 만 원을 김○ 명의의 은행 계좌 계좌번호 70 C (◆로 송금받은 다음 개인회생 신청서 등 필요한 서류를 작성하고 신청 대리인 50******57), 을 피고인 명의로 하여 부산지방법원 민사 신청과에 제출하는 등 의 개인회생 절차 C2 사무를 대행해 줌으로써 임의로 비송 사건에 관한 법률 사무를 취급하였다."
304507,판례내용,20,김○ 등은 이를 비롯하여 그때부터까지 사이에 별지 범죄 일람표 생략에 C 2009.8.31.
304507,판례내용,21,"() 기재된 것과 같이 총 회에 걸쳐 합계 원의 금품을 받고 비송 사건에 2,645 1,932,700,000 관한 법률 사무를 취급하였다."
304507,판례내용,22,이로써 피고인은 김○ 등과 공모하여 변호사가 아니면서 금품을 받고 비송 사건에 관한 법률 사무를 취급하였다.
304507,판례내용,23,"피고인의 일부 법정 진술 1.김 김에 대한 각 검찰 피의자 신문 조서 1.C, C1 이 이 이 에 대한 각 검찰 진술 조서 및 그 사본 1.C3, C4, C5 각 수사 보고 명의 대여료 추정 급여 입금 내역 첨부 보고 이 통장 사본 첨부 보고 각 1.(, A), 압수 수색 영장 집행 결과 보고 각 금융 정보 조회 자료 계좌 거래 내역이의 은행 계좌 통장 사본 1., , A □ 급여 신고 내역 고객 목록 파일 출력물 1.2005., 범죄 사실에 대한 해당 법조 형의 선택 1., 변호사법 제 조 제 호 형법 제 조 벌금형 선택 109 1, 30, 노역장 유치 1 형법 제 조 제 조 제 항 70, 69 2 추징 1.변호사법 제 조부터까지 월 만원씩 총 만원을 추징 116 (2005.1.2007.6.200 6,000 하여야 할 것이나 이는 약식 명령에서 정한 추징액을 초과하므로 형사소송법 제 조, , 467 의 에 의하여 약식 명령에서 정한 액수만큼을 추징하기로 한다 2.) 가납 명령 1.형사소송법 제 조 제 항 334 1 이상의 이유로 주문과 같이 판결한다."
304507,판례내용,24,판사 정○
304507,판례내용,25,_________________________
