판례일련번호,구분,문장번호,내용
306508,판례내용,1,울 산 지 방 법 원
306508,판례내용,2,판 결
306508,판례내용,3,"사 건 2012고단2555·2013고단2139(병합)도로교통법위반(음주운전),"
306508,판례내용,4,도로교통법위반(무면허운전)
306508,판례내용,5,피 고 인 A
306508,판례내용,6,"검 사 김○, 이○(기소), 이○(공판)"
306508,판례내용,7,변 호 인 변호사 신강식(국선)
306508,판례내용,8,판 결 선 고 2013.7.4.
306508,판례내용,9,주 문
306508,판례내용,10,피고인을 징역 6월에 처한다.
306508,판례내용,11,이 유
306508,판례내용,12,범죄사실
306508,판례내용,13,『2012고단2555』
306508,판례내용,14,피고인은 2012.8.14.
306508,판례내용,15,23:51경 울산 중구에 있는 00시장 앞 도로에서부터 같은 구에 있는 00삼거리 앞 도로에 이르기까지 약 1㎞ 구간에서 자동차운전면허를 받지 아니하고 혈중알코올농도 0.147%의 술에 취한 상태로 00조0000호 봉고 Ⅲ 화물차를 운전하였다.
306508,판례내용,16,『2013고단2139』
306508,판례내용,17,피고인은 2005.2.2.
306508,판례내용,18,"울산지방법원에서 도로교통법위반(음주운전)등으로 벌금 300만 원을, 2011.9.7."
306508,판례내용,19,같은 법원에서 같은 죄 등으로 벌금 600만 원을 선고받은 전력이 있다.
306508,판례내용,20,피고인은 2013.6.3.
306508,판례내용,21,22:35경 울산 중구 00시장 앞 도로에서부터 같은 구 00학교 앞 도로에 이르기까지 약 2km 구간에서 자동차운전면허를 받지 아니하고 혈중알코올농도 0.223%의 술에 취한 상태로 00조0000호 봉고Ⅲ 화물차를 운전하였다.
306508,판례내용,22,증거의요지
306508,판례내용,23,1.피고인의 법정진술
306508,판례내용,24,"2.수사보고(주취운전자정황보고서), 주취운전자정황진술보고서"
306508,판례내용,25,3.자동차운전면허대장
306508,판례내용,26,4.범죄 전력 : 범죄경력 등 조회회보서
306508,판례내용,27,법령의적용
306508,판례내용,28,1.범죄사실에 대한 해당법조
306508,판례내용,29,"도로교통법 제148조의2 제2항 제2호, 제1항 제1호, 제44조 제1항(각 음주운전의 점), 도로교통법 제152조 제1호, 제43조(각 무면허운전의 점)"
306508,판례내용,30,2.상상적 경합
306508,판례내용,31,"형법 제40조, 제50조"
306508,판례내용,32,3.형의 선택
306508,판례내용,33,징역형 선택
306508,판례내용,34,4.경합범가중
306508,판례내용,35,"형법 제37조 전단, 제38조 제1항 제2호, 제50조"
306508,판례내용,36,5.작량감경
306508,판례내용,37,"형법 제53조, 제55조 제1항 제3호(타고 다니던 차를 매도하고 다시는 음주운전하지 않겠다고 다짐하면서 깊이 반성하고 있는 점 등 참작)"
306508,판례내용,38,양형의이유
306508,판례내용,39,"피고인이 2012고단2555호 사건으로 전화소환을 받았음에도 재판에 출석하지 않고 있다가 또다시 2013고단2139호 사건의 범행을 저지른 점, 피고인이 1996.11.13."
306508,판례내용,40,"울산지방법원에서 특정범죄가중처벌 등에 관한 법률위반(도주차량)등으로 징역 1년에 집행유예 3년을, 2011.9.7."
306508,판례내용,41,"같은 법원에서 교통사고처리특례법위반, 도로교통법위반(음주운전)으로 벌금 600만 원을 선고받은 외 도로교통법위반으로 인한 벌금 6회 더 있는 점, 혈중알코올농도 수치 높은 점 등을 고려하면, 피고인에게 실형을 선고하는 것이 불가피하다."
306508,판례내용,42,"위와 같은 정상에다 피고인이 깊이 반성하고 있는 점 등 유리한 정상에 그밖에 피고인의 나이, 범행 경위, 범행 후의 정황 등 제반 사정을 참작하여, 주문과 같이 형을 정한다."
306508,판례내용,43,이○의 이유로 주문과 같이 판결한다.
306508,판례내용,44,판사 오○ _________________________
