판례일련번호,구분,문장번호,내용
303640,판례내용,1,대구지방법원 경주지원
303640,판례내용,2,판 결
303640,판례내용,3,사 건 2021고정26 전자금융거래법위반
303640,판례내용,4,"피 고 인 이○○○ (79 -1 ), 회사원"
303640,판례내용,5,주거 양산시
303640,판례내용,6,등록기준지 경주시
303640,판례내용,7,"검○ 홍○(기소), 김○(공판)"
303640,판례내용,8,판 결 선 고 2021.3.18.
303640,판례내용,9,주 문
303640,판례내용,10,1.피고인을 벌금 200 만 원에 처한다.
303640,판례내용,11,2.피고인이 위 벌금을 납입하지 아니하는 경우 만 원을 일로 환산한 기간 피고인을 노역장에 유치한다.
303640,판례내용,12,3.위 벌금에 상당한 금액의 가납을 명한다.
303640,판례내용,13,이 유
303640,판례내용,14,범 죄 사 실
303640,판례내용,15,누구든지 접근매체를 사용 및 관리함에 있어서 다른 법률에 특별한 규정이 없는 한 대가를 수수요구 또는 약속하면서 대여하는 행위를 하여서는 아니된다.
303640,판례내용,16,그럼에도 불구하고 피고인은 2019.8.20.
303640,판례내용,17,"17:50경 양산시에 있는 OO횟집 앞 도로에서 성명불상자로부터 '2%대 금리로 1,500만 원까지 대환 대출이 가능하다, 이자를 납입하는 데 사용할 체크카드가 필요하니 체크카드를 보내달라'라는 취지의 제안을 받고 이를 승낙하여 피고인 명의의 은행 계좌와 연결된 체크카드 장을 퀵서비스 기사에게 보내주었다."
303640,판례내용,18,이로써 피고인은 대출을 받을 수 있는 무형의 기대이익을 대가로 받기로 약속하면서 위 성명불상자에게 접근매체를 대여하였다.
303640,판례내용,19,증거의 요지
303640,판례내용,20,피고인의 일부 법정진술
303640,판례내용,21,1.이 ○ 의 진술서
303640,판례내용,22,"1.압수수색검증영장, 통신자료제공요청"
303640,판례내용,23,"[피고인은 대가를 바라거나 범죄 목적에 사용될 것을 알고 카드를 대여한 것이 아니고, 자신이 행위가 죄가 되는 줄 몰랐다는 취지로 주장한다."
303640,판례내용,24,"그러나 피고인은 낮은 이자로 대환 대출을 받기 위하여 접근매체를 빌려주었는데, 이와 같이 낮은 이자로 대환 대출 받을 기회를 얻는 것은 피고인의 접근매체 대여와 대가관계에 있었다고 볼 수 있다."
303640,판례내용,25,나아가 이 사건 범행에 대한 해당법조는 대가를 약속받고 접근매체를 빌려줌으로써 성립하고 범죄 목적에 사용될 것을 알고 대여할 것까지 요구하지 않는다.
303640,판례내용,26,그리고 피고인이 자신의 행위가 죄가 되는 줄 몰랐다고 하더라도 이러한 사정은 단순한 법률의 부지에 불과하므로 범죄의 성립에 영향이 없다.
303640,판례내용,27,따라서 피고인의 주장은 받아들이지 않는다.]
303640,판례내용,28,법령의 적용
303640,판례내용,29,1.범죄사실에 대한 해당법조 및 형의 선택
303640,판례내용,30,구 전자금융거래법 (2020.5.19.
303640,판례내용,31,"법률 제17297호로 개정되기 전의 것)제49조 제4항 제2호, 제6조 제3항 제2호(벌금형 선택)"
303640,판례내용,32,1.노역장유치
303640,판례내용,33,"형법 제70조 제1항, 제69조 제2항"
303640,판례내용,34,1.가납명령
303640,판례내용,35,형사소송법 제334조 제1항
303640,판례내용,36,양형의 이유
303640,판례내용,37,"전자금융거래에 사용되는 접근매체를 타인에게 대가를 약속받고 대여하는 행위는 다른 범죄의 수단으로 악용되어 불특정 다수에게 큰 피해를 일으킬 수 있어 엄벌할 필요성이 있고, 피고인이 대여한 접근매체가 실제로 사기 범행에 사용된 점, 그 밖에 피고인의 나이, 성행, 지능과 환경, 범행의 동기, 수단과 결과, 범행 후의 정황 등 모든 양형조건을 참작하여 주문과 같이 형을 정한다."
303640,판례내용,38,판사 김○
