판례일련번호,구분,문장번호,내용
305362,판례내용,1,서울동부지방법원
305362,판례내용,2,제1 2 형사부
305362,판례내용,3,판 결
305362,판례내용,4,사 건
305362,판례내용,5,2017고합100 통신비밀보호법위반
305362,판례내용,6,피 고 인 김**
305362,판례내용,7,"검 사 이**(기소), 이**, 정**(공판)"
305362,판례내용,8,변 호 인 변호사 엄**(국선)
305362,판례내용,9,판 결 선 고 2017.8.8.
305362,판례내용,10,주
305362,판례내용,11,문
305362,판례내용,12,피고인을 징역 6월 및 자격정지 1년에 처한다.
305362,판례내용,13,"다만, 이 판결 확정일부터 1년간 위 징역형의 집행을 유예한다."
305362,판례내용,14,이 유
305362,판례내용,15,범죄사실
305362,판례내용,16,"누구든지 우편물의 검열, 전기통신의 감청 또는 통신사실확인자료의 제공을 하거나 공개되지 아니한 타인간의 대화를 녹음 또는 청취하지 못한다."
305362,판례내용,17,"그럼에도 불구하고, 피고인은 2014.2.19.경 1회, 2014.5.일자불상경 1회, 2014.10.일자불상경 2회, 2015.1.24.경 1회까지 총 5회에 걸쳐 주거지인 서울 **구 **로 **호에 자신의 휴대전화의 녹음기능을 켜둔 상태로 집 안에 두고 외출하여 피해자가 통화하는 내용을 불법으로 녹취하였다."
305362,판례내용,18,이로써 피고인은 공개되지 아니한 타인과의 대화를 녹음하였다.
305362,판례내용,19,증거의요지
305362,판례내용,20,1.피고인의 법정진술
305362,판례내용,21,"1.수사보고(고소인 피해진술 문답서 첨부), 피해진술 문답서"
305362,판례내용,22,1.이혼 소송에 제출한 진술서
305362,판례내용,23,"1.카톡 대화 내용, 녹취록"
305362,판례내용,24,법령의적용
305362,판례내용,25,1.범죄사실에 대한 해당법조
305362,판례내용,26,"각 통신비밀보호법 제16조 제1항 제1호, 제3조 제1항"
305362,판례내용,27,1.경합범가중
305362,판례내용,28,"형법 제37조 전단, 제38조 제1항 제2호, 제50조(범정이 가장 무거운 2015.1.24.경 통신비밀보호법위반죄에 정한 형에 경합범가중)"
305362,판례내용,29,1.작량감경
305362,판례내용,30,"형법 제53조, 제55조 제1항 제3호(아래 양형의 이유 중 유리한 정상 참작)"
305362,판례내용,31,1.집행유예
305362,판례내용,32,형법 제62조 제1항(아래 양형의 이유 중 유리한 정상 참작)
305362,판례내용,33,양형의이유
305362,판례내용,34,1.처단형의 범위: 징역 6월 ~ 7년 6월 및 자격정지 3년 9월 이하
305362,판례내용,35,2.양형기준상 권고형의 범위: 양형기준이 설정되어 있지 않음
305362,판례내용,36,3.선고형의 결정
305362,판례내용,37,가.피고인에게 불리한 정상
305362,판례내용,38,○ 위법하게 타인 간의 대화를 녹음함으로써 사생활의 비밀과 자유를 침해한 점
305362,판례내용,39,나.피고인에게 유리한 정상
305362,판례내용,40,○ 배우자의 불륜을 의심하여 이 사건 범행에 이르게 된 것으로 그 경위에 참작할 만한 사정이 있는 점
305362,판례내용,41,○ 범행을 인정하며 반성하고 있는 점
305362,판례내용,42,○ 동종 범죄전력이 없는 점
305362,판례내용,43,배심원평결결과및양형의견
305362,판례내용,44,가.배심원 평결결과(배심원 7명)
305362,판례내용,45,○ 유죄: 7명
305362,판례내용,46,○ 무죄: 0명
305362,판례내용,47,나.배심원 양형의견(배심원 7명)
305362,판례내용,48,"○ 징역 6월, 집행유예 1년, 자격정지 1년: 7명"
305362,판례내용,49,재판장 판사 이○ _________________________
305362,판례내용,50,판사 이○ _________________________
305362,판례내용,51,판사 김준영 _________________________
