판례일련번호,구분,문장번호,내용
303924,판례내용,1,대전지방법원
303924,판례내용,2,판결
303924,판례내용,3,사건
303924,판례내용,4,2014고단2723 성폭력범죄의처벌등에관한특례법위반(성적목적공공장소침입)
303924,판례내용,5,피고인
303924,판례내용,6,甲
303924,판례내용,7,검사
303924,판례내용,8,"김○(기소), 이○(공판)"
303924,판례내용,9,변호인
303924,판례내용,10,법무법인 정의
303924,판례내용,11,담당 변호사 노○
303924,판례내용,12,판결 선고
303924,판례내용,13,2014.10.15.
303924,판례내용,14,주문
303924,판례내용,15,피고인을 징역 4월에 처한다.
303924,판례내용,16,"다만, 이 판결 확정일로부터 2년간 위 형의 집행을 유예한다."
303924,판례내용,17,압수된 증 제2 내지 8호를 각 몰수한다.
303924,판례내용,18,피고인에게 40시간의 성폭력치료 강의 수강을 명한다.
303924,판례내용,19,이유
303924,판례내용,20,범죄사실
303924,판례내용,21,"피고인은 2014.4.경 대전 유성구에 있는 **찜질방에서 빨래 수거함에 들어있는 여성용 찜질복을 발견하고, 여장한 후 여성 탈의실에 들어가 여성들의 나체를 보기로 마음먹었다."
303924,판례내용,22,"이에 따라 피고인은 그 무렵 여성용 속옷, 여성용 가발 등을 구입하고, 2014.5.17."
303924,판례내용,23,13:30경 위 찜질방에 들어갔다.
303924,판례내용,24,이후 피고인은 2014.5.18.
303924,판례내용,25,"01:00경 3층 공용찜질방 빨래 수거함에서 여성용 찜질복 1벌을 꺼내 남자화장실로 간 후, 위 여성용 찜질복과 미리 준비한 여성용 속옷, 여성용 가발 등을 착용하여 여장하고, 2층 여자 탈의실로 들어가 같은 날 10:00경까지 약 9시간 가량 머물면서 불특정 다수 여성들의 나체를 훔쳐보았다."
303924,판례내용,26,이로써 피고인은 자기의 성적 욕망을 만족시킬 목적으로 목욕장 등 공공장소에 침입하였다.
303924,판례내용,27,증거의 요지
303924,판례내용,28,1.피고인의 법정진술
303924,판례내용,29,1.피고인에 대한 경찰 피의자신문조서
303924,판례내용,30,1.***에 대한 경찰 진술조서
303924,판례내용,31,"1.압수조서, 사진"
303924,판례내용,32,법령의 적용
303924,판례내용,33,1.범죄사실에 대한 해당법조
303924,판례내용,34,성폭력범죄의 처벌 등에 관한 특례법 제12조(징역형 선택)
303924,판례내용,35,1.집행유예
303924,판례내용,36,형법 제62조 제1항
303924,판례내용,37,1.몰수
303924,판례내용,38,형법 제48조 제1항 제1호
303924,판례내용,39,1.수강명령
303924,판례내용,40,성폭력범죄의 처벌 등에 관한 특례법 제16조 제2항
303924,판례내용,41,양형의 이유
303924,판례내용,42,"초범이고 반성하고 있는 점, 화장품, 여성용 옷 등을 미리 준비한 다음 계획적으로 판시 범죄를 저지른 점 등 참작"
303924,판례내용,43,신상정보 등록
303924,판례내용,44,"등록대상 성폭력범죄인 판시 범죄사실에 관하여 유죄판결이 확정되는 경우 피고인은 성폭력범죄의 처벌 등에 관한 특례법 제42조 제1항의 신상정보 등록대상자가 되므로, 같은 법 제43조에 의하여 관계기관에 신상정보를 제출할 의무가 있다."
303924,판례내용,45,공개명령 또는 고지명령의 면제
303924,판례내용,46,"피고인의 나이, 직업, 재범위험성, 이 사건 범행의 종류, 동기, 범행과정, 결과 및 죄의 경중, 공개명령 또는 고지명령으로 인하여 피고인이 입는 불이익의 정도와 예상되는 부작용, 그로 인해 달성할 수 있는 등록대상 성폭력범죄의 예방효과, 피해자 보호 효과 등을 종합적으로 고려하여 볼 때, 아동․청소년의 성보호에 관한 법률 제49조 제1항 단서, 제50조 제1항 단서에 따라 신상정보를 공개․고지하여서는 아니될 특별한 사정이 있다고 판단되므로, 피고인에 대하여 공개명령 또는 고지명령을 선고하지 아니한다."
303924,판례내용,47,이○의 이유로 주문과 같이 판결한다.
303924,판례내용,48,판사 도○ _________________________
