판례일련번호,구분,문장번호,내용
305066,판례내용,1,부 산 지 방 법 원
305066,판례내용,2,판 결
305066,판례내용,3,사 건
305066,판례내용,4,"2021고단4533 업무상배임, 업무상횡령"
305066,판례내용,5,피 고 인
305066,판례내용,6,A
305066,판례내용,7,검 사
305066,판례내용,8,"류○(기소), 김○(공판)"
305066,판례내용,9,변 호 인
305066,판례내용,10,법무법인 ○
305066,판례내용,11,판 결 선 고
305066,판례내용,12,2022.3.21.
305066,판례내용,13,주 문
305066,판례내용,14,피고인을 징역 8개월에 처한다.
305066,판례내용,15,"다만, 이 판결 확정일로부터 2년간 위 형의 집행을 유예한다."
305066,판례내용,16,이 유
305066,판례내용,17,범 죄 사 실
305066,판례내용,18,피고인은 부산 연제구 B에 있는 피해자 주식회사 C(이하 ‘피해 회사’라고 한다)의 대표이사로서 위 회사의 자금을 운용·관리하는 업무에 종사하였다.
305066,판례내용,19,1.업무상배임
305066,판례내용,20,피고인은 피해 회사의 대표이사로서 회사의 자금을 타인에게 대여함에 있어 변제기 내지 이자 약정을 분명히 하고 나아가 충분한 담보를 제공받는 등의 방법으로 회사에 손해가 발행하지 않도록 합리적인 조치를 취하여야 한다.
305066,판례내용,21,"그럼에도 피고인은 2017.5.10.경 피해 회사에서, 위와 같은 임무를 위배하여 회사 경리 직원으로 하여금 피고인의 사적 지인인 D에게 아무런 담보도 받지 아니하고 변제기일이나 이자 등에 관한 약정도 없이 대여금 명목으로 5,000만 원을 송금하게 하였다."
305066,판례내용,22,"이로써 피고인은 D에게 5,000만 원 상당의 재산상 이익을 취득하게 하고 피해 회사에 같은 액수에 해당하는 손해를 가하였다."
305066,판례내용,23,2.업무상횡령
305066,판례내용,24,"피고인은 2017.8.25.경 피해 회사에서, 이자나 변제기의 약정도 없고 나아가 적법한 이사회 결의도 없이 경리직원으로 하여금 피해 회사 명의 계좌에서 피고인 명의 계좌로 70,000,000원을 이체하도록 한 것을 비롯하여 2017.9.29.경 100,000,000원, 2017.12.22.경 52,000,000원, 2018.1.3.경 100,000,000원, 2018.3.2.경 45,000,000원, 2019.2.1.경 35,000,000원 등 6회에 걸쳐 합계 402,000,000원을 가지급금 명목으로 이체하도록 한 다음 피고인의 주식투자에 사용하였다."
305066,판례내용,25,이로써 피고인은 업무상 보관 중이던 피해 회사의 금원을 횡령하였다.
305066,판례내용,26,증거의 요지
305066,판례내용,27,1.피고인의 법정진술
305066,판례내용,28,1.D에 대한 각 일부 경찰 진술조서
305066,판례내용,29,1.수사보고서[C 법인계좌 거래내역 정정자료 편철]
305066,판례내용,30,"1.수사보고서(회삿돈 402,000,000원을 가지급금 명목 인출, 주식투자 사실 확인)"
305066,판례내용,31,1.이체확인증
305066,판례내용,32,1.거래처원장(대여금-D)
305066,판례내용,33,1.F A 명의 계좌((계좌번호 1 생략))
305066,판례내용,34,1.A 명의 계좌((계좌번호 2 생략)) 거래내역
305066,판례내용,35,1.각 계정별 원장
305066,판례내용,36,법령의 적용
305066,판례내용,37,1.범죄사실에 대한 해당법조 및 형의 선택
305066,판례내용,38,"형법 제356조, 제355조 제2항(업무상 배임의 점), 형법 제356조, 제355조 제1항(업무상 횡령의 점, 포괄하여), 각 징역형 선택"
305066,판례내용,39,1.경합범가중
305066,판례내용,40,"형법 제37조 전단, 제38조 제1항 제2호, 제50조"
305066,판례내용,41,1.집행유예
305066,판례내용,42,"형법 제62조 제1항(피고인이 이 사건 범행을 자백하고 반성하고 있는 점, 피해 회사는 피고인이 사실상 1인 주주이자 실질적 운영자인 1인 회사이므로, 일반적인 회사 임원의 배임 범행과 일반적인 회사의 자금 횡령 범행과 그 책임의 내용과 정도를 동일하게 평가하기 어려운 측면이 있는 점, 피해 회사의 피해가 대부분 회복된 것으로 보이는 점, 피고인에게 동종 전과는 없는 점, 피고인의 사회적 유대관계가 비교적 분명해 보이는 점 등 참작)"
305066,판례내용,43,판사 임○ _________________________
