판례일련번호,구분,문장번호,내용
306207,판례내용,1,수원지방법원 판결
306207,판례내용,2,사건 2014고단1820 사기
306207,판례내용,3,"피고인 백☐☐ (73년생, 남), 기타"
306207,판례내용,4,주거 용인시
306207,판례내용,5,등록기준지 김제시
306207,판례내용,6,"검사 장○(기소), 김○(공판)"
306207,판례내용,7,변호인 변호사 김○
306207,판례내용,8,판결 선고 2014.11.26.
306207,판례내용,9,주문
306207,판례내용,10,피고인을 징역 8월에 처한다.
306207,판례내용,11,"다만, 이 판결확정일로부터 2년간 위 형의 집행을 유예한다."
306207,판례내용,12,이유
306207,판례내용,13,범죄사실
306207,판례내용,14,"1.피고인은 2013.4.15.경 서울 서초구 서초동에 있는 스타벅스 커피숍에서 필리핀 카비테 주정부 사무관 행세를 하면서 피해자 남☉☉에게 “카비테주립대 내의 국제학교 운영권을 정부로부터 위탁운영하고 있다, 카비테 주정부에 납부할 예치금 30,000달러를 내면 주정부에서 운영하는 국제학교 캠프 운영권을 주겠다”고 거짓말하였다."
306207,판례내용,15,그러나 사실은 피고인은 필리핀 카비테 주정부 사무관이 아니고 피해자로부터 금원을 받더라도 그 금원을 카비테 주정부 예치금으로 납부할 의사나 능력이 없었다.
306207,판례내용,16,"피고인은 이와 같이 피해자를 기망하여 이에 속은 피해자로부터 즉석에서 국제학교 영어캠프사업의 운영권을 위한 카비테 주정부 예치금 명목으로 30,000달러를 교부받아 편취하였다."
306207,판례내용,17,2.피고인은 2013.4.25.경 필리핀 이하 불상지에서 위 남☉☉의 회사 직원으로 피고인을 필리핀 카비테 주정부 사무관으로 알고 있던 피해자 장☆☆에게 전화를 걸어 피해자에게 “지갑을 잃어버렸는데 100만원을 빌려주면 다음날 갚겠다”고 거짓말하였다.
306207,판례내용,18,그러나 피고인은 필리핀 카비테 주정부 사무관이 아니고 피해자로부터 돈을 빌리더라도 이를 갚을 의사나 능력이 없었다.
306207,판례내용,19,"피고인은 이와 같이 피해자를 기망하여 이에 속은 피해자로부터 즉석에서 차용금 명목으로 피고인 명의의 우리은행 계좌로 1,000,000원을 교부받아 편취하였다."
306207,판례내용,20,3.피고인은 2013.6.12.경 서울 마포구 도화동에 있는 식당에서 피고인을 필리핀 카비테 주정부 사무관으로 알고 있던 피해자 장☆☆에게 “한국을 방문한 필리핀 카비테 주 일행의 식사비를 우선 결제해 주면 2013.6.16.경까지 지급해 주겠다.”라고 거짓말하였다.
306207,판례내용,21,그러나 피고인은 필리핀 카비테 주정부 사무관이 아니고 피해자가 식사비를 우선 지급하더라도 이를 갚을 의사나 능력이 없었다.
306207,판례내용,22,"피고인은 이와 같이 피해자를 기망하여 이에 속은 피해자로 하여금 식사비 1,019,000원을 대신 변제하게 하여 동액 상당의 재산상 이익을 취득하였다."
306207,판례내용,23,증거의 요지
306207,판례내용,24,1.피고인의 일부 법정진술
306207,판례내용,25,"1.증인 남☉☉, 장☆☆의 각 법정진술"
306207,판례내용,26,1.피고인에 대한 경찰피의자신문조서 중 남☉☉의 진술부분
306207,판례내용,27,1.남☉☉에 대한 검찰진술조서
306207,판례내용,28,"1.남☉☉, 장☆☆에 대한 경찰진술조서"
306207,판례내용,29,"1.각 수사보고(남☉☉ 제출의 이메일첨부, 카비테 주지사 방문관련 경상북도청 공문첨부)"
306207,판례내용,30,"1.카바테주지사 공문, 거래내역"
306207,판례내용,31,법령의 적용
306207,판례내용,32,1.범죄사실에 대한 해당법조
306207,판례내용,33,"형법 제347조 제1항, 징역형 선택"
306207,판례내용,34,1.경합범가중
306207,판례내용,35,"형법 제37조 전단, 제38조 제1항 제2호, 제50조"
306207,판례내용,36,1.집행유예
306207,판례내용,37,형법 제62조 제1항
306207,판례내용,38,판사 이○ _________________________
