판례일련번호,구분,문장번호,내용
154721,판시사항,1,자기의 반국가적 범죄 사실을 수사기관에 알려 달라고 부탁한 것이 전향한 것을 가리키는 뜻이라면 다시 반공법위반 범죄행위를 저지를 목적으로 지령을 할 이유가 없다 할 것이다.
154721,판결요지,2,"(갑)이 자기의 반국가적 범죄사실을 수사기관에 알려달라고 피고인에게 부탁하여 전향의 뜻을 나타냈다면 (갑)이 다시 반공법(폐)위반 범죄행위를 저지를 목적으로 피고인에게 지령할 이유가 없다고 할 것이고 또 피고인도 (갑)이 반국가적 행위를 함을 목적으로 한다는 점을 알면서 원 판시와 같은 각 행위(회합, 지령에 의한 잠입, 편의제공 등)를 하였다고 볼 수 없다 할 것이니 피고인에게 반공법(폐)위반의 범의가 있었다고 단정할 수 없다."
154721,참조조문,3,섭외사법 제5조 제1항
154721,판례내용,4,"【피고인, 상고인】 피고인"
154721,판례내용,5,"【원심판결】 제1심 서울형사지방, 제2심 서울고등 1971.10.2."
154721,판례내용,6,선고 71노555 판결
154721,판례내용,7,【주    문】
154721,판례내용,8,원판결 중 유죄 부분을 파기하고 이 부분에 관한 사건을 서울고등법원으로 환송한다.
154721,판례내용,9,【이    유】  변호인 오제도의 상고 이유를 판단한다.
154721,판례내용,10,원판결 이유에 의하면 원심은 피고인은 1970.11.6.
154721,판례내용,11,일본에 건너가 공소외 1의 안내로 공소외 2와 만나 1970.11.8.
154721,판례내용,12,02:00경 아다미 소재 미후루깡에서 공소외 2로부터 공소외 1은 빨갱이로서 조총련 지하조직의 큰 인물이며 자기도 그와 정치 활동을 같이 하고 있다는 말을 듣고 나서는 공소외 1이나 공소외 2가 북괴의 지령을 받은 재일 조총련의 구성원이라는 사실을 알았음에도 불구하고 원판시 (1)내지 (4)의 각 반공법위반 범죄 행위를 저지른 것이라고 단정하여 피고인에게 유죄의 판결을 선고 하였다.
154721,판례내용,13,그러나 원판결 이유 제2(항소이유에 대한 판단)에 의하면 원심은 증거에 의하여 1970.11.8.
154721,판례내용,14,"02:00경 일본 아다미 미하루깡에서 공소외 2는 피고인에게 공소외 1은 빨갱이로서 조총련 지하조직망의 큰 인물이며 자기도 그와 정치 활동을 같이하고 있는데, 귀국하거든 중앙정보부장 공소외 3 장군에게 이와 같은 사실을 알려 달라고 부탁한 사실을 인정하고 있는바, 공소외 2가 이와 같이 자기의 반국가적 범죄 사실을 중앙정보부장 공소외 3에게 알려달라고 부탁한 뜻이 자기는 앞으로 반국가적 행위를 하지 아니하기로 마음을 돌이킨 것을 가리키는 것이라 한다면 공소외 2가 다시 반공법위반 범죄 행위를 저지를 목적으로 피고인에게 원판시와 같은 지령을 할 이유가 없다 할 것이고, 또 피고인도 공소외 2나 공소외 1이 원 판시와 같은 반국가적 행위를 함을 목적으로 한다는 점을 알고서 원판시와 같은 각 행위를 하였다고는 볼 수 없다 할 것이니 원심으로서는 공소외 2가 어떠한 동기에서 앞서와 같은 중앙정보부장에게 알려 달라는 부탁을 한 것이며, 또 피고인은 이와 같은 공소외 2의 부탁을 받고 한국으로 돌아와서 어떠한 조처를 취하였는지의 점을 밝히지 않고서는 피고인에게 원판시와 같은 반공법 위반행위를 할 의사 즉, 범의가 있었다고 단정할 수 없다할 것임으로 이점에 관한 상고 논지는 이유있고, 원판결은 파기를 면할 수 없어서 사건을 서울고등법원으로 환송하기로 하고, 관여법관의 일치된 의견으로 주문과 같이 판결한다."
154721,판례내용,15,대법원판사 홍○(재판장)김○ 사○ 김○ 양○
