판례일련번호,구분,문장번호,내용
305249,판례내용,1,서 울 남 부 지 방 법 원
305249,판례내용,2,판 결
305249,판례내용,3,사 건
305249,판례내용,4,2017고단1387 약사법위반
305249,판례내용,5,피 고 인
305249,판례내용,6,"구◯◯ (70년생, 여)"
305249,판례내용,7,검 사
305249,판례내용,8,"단◯◯(기소), 이◯◯, 용◯◯, 김◯◯(공판)"
305249,판례내용,9,변 호 인
305249,판례내용,10,"변호사 최◯◯, 김◯◯"
305249,판례내용,11,판 결 선 고
305249,판례내용,12,2018.3.7.
305249,판례내용,13,주 문
305249,판례내용,14,피고인을 징역 6월에 처한다.
305249,판례내용,15,이 유
305249,판례내용,16,범 죄 사 실
305249,판례내용,17,피고인은 2004.11.6.부터 서울 구로구 구로동에 있는 A플라자 4층에서 ‘◯◯약국’이라는 상호로 약국을 운영하는 사람이다.
305249,판례내용,18,"목시클듀오시럽, 아목타심듀오건조시럽, 클래신건조시럽, 바난건조시럽은 주로 소아에게 처방되는 항생제로, 제약회사에서 건조분말 형태로 용기에 담아 약국에 공급하면, 약사는 위 시럽의 용기에 표시된 별도 표선의 2/3가량까지 물을 부어 잘 섞은 다음 표선까지 물을 채우고 충분히 흔드는 방법으로 이를 조제하여야 하고, 의사의 처방에 따라 정해진 용량을 환자에게 제공하여야 한다."
305249,판례내용,19,약사는 처방전을 발행한 의사의 동의 없이 처방을 변경하거나 수정하여 조제할 수 없다.
305249,판례내용,20,"그럼에도 피고인은 목○, 아○, 클래신건조시럽, 바난건조시럽을 조제할 때 용기에 표시된 표선보다 물을 더 많이 부어 조제하여 환자들에게 제공하는 방법으로 약제비를 부당 수령하기로 마음먹었다."
305249,판례내용,21,"이에 피고인은 2015.4.1.부터 같은 해 4.30.까지 사이에 피고인이 운영하는 ‘◯◯약국’에서 별지 범죄일람표(1)연번 28번 기재와 같이 A소아과 성명불상의 의사가 금○○에게 발행한 처방전에 따라 목시클듀오시럽을 조제하는 등 목시클듀오시럽을 조제함에 있어 의사의 동의 없이 목시클듀오시럽 45,000ml(조제법에 따라 조제하는 경우 1병당 조제된 총용량 50ml × 900병 = 45,000ml)를 그 용기에 표시된 표선보다 물을 더 많이 부어 총 81,547ml로 조제한 것을 비롯하여, 2013.1.1.부터 2015.11.30.까지 사이에 별지 범죄일람표(1)내지 (4)기재와 같이 같은 방법으로 목시클듀오시럽, 아목타심듀오건조시럽, 클래신건조시럽, 바난건조시럽을 각 용기에 표시된 표선보다 물을 더 많이 부어 조제함으로써 의사의 동의 없이 처방을 변경하여 조제하였다."
305249,판례내용,22,증거의 요지
305249,판례내용,23,생략
305249,판례내용,24,법령의 적용
305249,판례내용,25,1.범죄사실에 대한 해당법조 및 형의 선택
305249,판례내용,26,"약사법 제95조 제1항 제5호, 제26조 제1항(별지 범죄일람표 별로 포괄하여), 징역형 선택"
305249,판례내용,27,1.경합범가중
305249,판례내용,28,"형법 제37조 전단, 제38조 제1항 제2호, 제50조"
305249,판례내용,29,양형의 이유
305249,판례내용,30,"국가는 약사법을 제정하여 특별한 자격을 갖춘 자에게만 약사의 면허를 부여하는데, 이는 제대로 된 의약품을 조제, 판매하도록 하고 의약품의 위험으로부터 국민을 보호하기 위한 제도라 할 것이다."
305249,판례내용,31,"그런데 약사인 피고인은 자신의 면허를 이용하여 그른 조제를 함으로써 부당한 이익을 챙긴바, 이는 특허를 바탕으로 한 사회의 신뢰에 중대한 손상을 가한 것이다."
305249,판례내용,32,더욱이 이러한 피고인의 행위는 투약받은 어린 환자들의 건강에 해를 끼칠 수 있다.
305249,판례내용,33,"이○과 함께 범행의 기간, 범행으로부터 얻은 이익의 정도, 범행 발각 후 피고인의 태도 등 형법 제51조가 정한 양형의 조건을 참작하여 주문과 같이 형을 정한다."
305249,판례내용,34,판사 류○ _________________________
