판례일련번호,구분,문장번호,내용
306498,판례내용,1,울 산 지 방 법 원
306498,판례내용,2,판 결
306498,판례내용,3,"사 건 2012고단2019, 2013고단365(병합)사기"
306498,판례내용,4,피 고 인 A
306498,판례내용,5,"검 사 배○, 박○(기소), 황○(공판)"
306498,판례내용,6,변 호 인 변호사 전○(국선)
306498,판례내용,7,판 결 선 고 2013.10.18.
306498,판례내용,8,주 문
306498,판례내용,9,피고인을 징역 6월에 처한다.
306498,판례내용,10,이 유
306498,판례내용,11,범죄사실
306498,판례내용,12,[2012고단2019]
306498,판례내용,13,피고인은 2011.5.8.경까지 울산 동구에서 ‘B다방’을 운영한 사람으로서 같은 해 3.경 지적 수준이 정상인에 비하여 현저히 떨어지는 피해자 C를 위 다방종업원으로 고용하였다.
306498,판례내용,14,피고인은 피해자의 아버지가 사망하여 피해자의 어머니 D가 상속 재산 처리 문제 등으로 약 30년 전 헤어진 피해자를 찾고 있다는 사실을 알게 되자 D와 피해자를 기망하여 피해자의 상속재산을 가로채기로 마음먹었다.
306498,판례내용,15,"피고인은 피해자에게 “재산을 많이 상속받을 수 있게 도와주겠다”고 하면서 피해자로 하여금 위 D에게 전세방을 얻는다는 명목으로 상속 재산을 빨리 달라고 독촉하도록 하고, 계속해서 2011.5.9."
306498,판례내용,16,"부산 부산진구 부암동 상호불상의 커피숍에서 위 D 및 피해자에게 ‘3,000만 원을 주면 그 돈으로 틀림없이 피해자가 거주할 전세방을 구해주겠다’라는 취지로 거짓말을 하여 이에 속은 D로 하여금 그 자리에서 피해자 명의 농협 계좌로 3,000만 원을 송금하도록 하고, 이어 같은 날 피해자에게 같은 취지로 거짓말을 하여 이에 속은 피해자로부터 위 3,000만 원이 입금되어 있는 농협 통장을 건네받아 2,500만 원은 피고인의 농협 계좌로 이체하고, 500만 원을 현금으로 인출하여 사용하였다."
306498,판례내용,17,"이로써 피고인은 피해자를 기망하여 3,000만 원을 편취하였다."
306498,판례내용,18,[2013고단365]
306498,판례내용,19,"피고인은 2011.4.경 울산 울주군에 있는 피해자 E의 집에서 피해자에게 “내가 운영하는 다방에 빚이 있다.1,400만 원을 갚지 못하면 다방이 넘어간다.돈을 빌려 달라.”라고 말하였다."
306498,판례내용,20,"그러나 사실 피고인은 그 무렵 울산 동구에서 다방을 운영하면서 5,000만 원 상당에 이르는 사채를 사용하는 등으로 채무 과다 상태였기 때문에 피해자로부터 금원을 차용하더라도 이를 변제할 의사나 능력이 없었다."
306498,판례내용,21,"피고인은 이에 속은 피해자로부터 그 무렵 1,400만 원을 받은 것을 비롯하여 그 무렵부터 2011.5.중순경까지 별지 범죄일람표 기재와 같이 3회에 걸쳐 같은 방법으로 피해자로부터 합계 2,500만 원을 받았다."
306498,판례내용,22,이로써 피고인은 피해자를 기망하여 재물을 교부받았다.
306498,판례내용,23,증거의요지
306498,판례내용,24,[2012고단2019]
306498,판례내용,25,1.제1회 공판조서 중 피고인의 진술기재
306498,판례내용,26,"1.D, C에 대한 각 경찰 진술조서"
306498,판례내용,27,"1.C 계좌 거래내역서, A 통장 사본"
306498,판례내용,28,[2013고단365]
306498,판례내용,29,1.피고인에 대한 검찰 피의자신문조서 중 일부 진술기재
306498,판례내용,30,1.위 피의자신문조서 중 E의 진술기재
306498,판례내용,31,"1.공정증서 원본, 차용증"
306498,판례내용,32,법령의적용
306498,판례내용,33,1.범죄사실에 대한 해당법조
306498,판례내용,34,각 형법 제347조 제1항
306498,판례내용,35,1.형의 선택
306498,판례내용,36,각 징역형 선택
306498,판례내용,37,1.경합범가중
306498,판례내용,38,"형법 제37조 전단, 제38조 제1항 제2호, 제50조"
306498,판례내용,39,"[편취액 크고, 피해자 C에 대한 죄질 좋지 않으나, 피해자 E 처벌불원]"
306498,판례내용,40,판사 이○ _________________________
