판례일련번호,구분,문장번호,내용
151280,판시사항,1,가.군법회의법 제489조 제1호 단서에 의하여 원판결을 파기하고 제2심 군법회의에 환송 또는 이송한 경우에 제2심 군법회의의 심판
151280,판시사항,2,나.불이익변경 금지의 원칙에 반하지 않는다고 인정된 실례
151280,판결요지,3,"가.벌금형 18만원을 선고한 판결에 대하여 원판결이 그 벌금을 54.000원으로 감한 대신 부가형으로 시가 89,583원 상당의 물건을 새로 몰수하였다 하여 불이익변경금지의 원칙에 반한다 할 수 없다"
151280,판결요지,4,나.구 군법회의법(87.12.4.법률 제3993호로 전면개정 전)제489조 제1호 단서에 의하여 원판결을 파기하고 사건을 다시 고등군법회의에 환송 또는 이송한 경우에 환송 또는 이송을 받을 것이나 그 심급의 구조에 따라 다시 판결하여야 한다고 해석되고 또 법문에 피고사건에 대하여 다시 판결하도록 되어있는 이상 법률심 아닌 항소심으로서는 사실의 점에 있어 변경이 생겼다면 이 점도 고려하여 판결하여야 한다
151280,참조조문,5,군법회의법 제489조1호단서(
151280,참조조문,6,"형사소송법 제446조),"
151280,참조조문,7,제427조(
151280,참조조문,8,형사소송법 제368조)
151280,판례내용,9,"【상고인, 피고인】"
151280,판례내용,10,【원심판결】
151280,판례내용,11,"제1심 전남북계엄, 제2심"
151280,판례내용,12,육군고등 1963.5.22.
151280,판례내용,13,선고 63고군형항168
151280,판례내용,14,【주    문】
151280,판례내용,15,본건 상고를 기각한다.
151280,판례내용,16,【이    유】  피고인의 변호인의 상고이유에 대하여 판단한다
151280,판례내용,17,생각컨대
151280,판례내용,18,형사소송법 제446조에 있어서는 원판결이 인정한 실체법상의 사실에 대하여 법령의 적용을 그릇하여 피고인에게 불이익한 때에는 사실의 점은 변경하지 않고 그대로 두고 법령의 적용만을 고치어 피고사건에 대하여 대법원에서 다시 직접 판결을 한다는 취지로 규정되어 있으나
151280,판례내용,19,군법회의법 제489조 제1호 단서에는 이와는 달리 단 원판결이 피고인에게 불이익한 때에는 원판결을 파기하고 피고사건을 다시 판결하기 위하여 고등군법회의에 환송 또는 이송한다 라고 규정하여 고등군법회의로 하여금 피고사건을 다시 판결케 하고 있는바 이 경우에 환송 또는 이송을 받은 고등군법회의는 대법원이 판시한 법령의 해석에 따라야 한다는 제약은 받을 것이나 그 심급의 구조에 따라 다시 판결하여야 한다고 해석되고 또 법문에 피고사건에 대하여 다시 판결하도록 되어 있는 이상 법률심이 아닌 공소심으로서는 사실의 점에 있어 변경이 생기였다면 이 점도 고려하여 판결하여야 한다고 해석하여야 할 것이다.
151280,판례내용,20,그러므로 원판결이 판결할 때에 소년이 아닌 피고인에게
151280,판례내용,21,소년법 제54조제55조의 적용을 하지 아니하였다하여 위법하다고 할 수 없는 것이다.
151280,판례내용,22,"또 비상상고의 대상이 된 판결의 주문과 원판결의 주문을 대비하건대 원판결에서는 주형의 하나인 벌금형을 18만원에서 54,000원으로 126,000원을 감한 대신 부가형으로 싯가 89,583원 30전 상당의 물건을 새로이 몰수하고 있는 것인바 이는 전체적으로 보아서 비상상고의 대상이 된 판결의 형보다 중한 형을 선고한 것이라고는 볼 수 없음이 명백하여 불이익변경 금지의 원칙에 반한다 할 수 없을 것이다."
151280,판례내용,23,이○과 같은 이유로 논지는 모두 독자적 견해에 불과할 뿐만 아니라
151280,판례내용,24,군법회의법 제432조 소정사유에 해당한다고도 볼 수 없으므로 이유없다 할 것이다
151280,판례내용,25,이에 관여법관 전원의 일치한 의견으로 주문과 같이 판결한다.
151280,판례내용,26,대법원판사 이○(재판장)사○ 홍○ 양○ 방○ 최○ 나○
