판례일련번호,구분,문장번호,내용
305492,판례내용,1,서울북부지방법원
305492,판례내용,2,판
305492,판례내용,3,결
305492,판례내용,4,사 건
305492,판례내용,5,2016고단4123 재물손괴
305492,판례내용,6,피 고 인
305492,판례내용,7,A
305492,판례내용,8,검 사
305492,판례내용,9,"○○○(기소), ○○○(공판)"
305492,판례내용,10,변 호 인
305492,판례내용,11,변호사 ○○○(국선)
305492,판례내용,12,판 결 선 고
305492,판례내용,13,2016.12.22.
305492,판례내용,14,주 문
305492,판례내용,15,피고인을 징역 4월에 처한다.
305492,판례내용,16,"다만, 이 판결 확정일로부터 1년간 위 형의 집행을 유예한다."
305492,판례내용,17,피고인에 대하여 보호관찰 및 40시간의 알콜치료강의 수강을 명한다.
305492,판례내용,18,이 유
305492,판례내용,19,범죄사실
305492,판례내용,20,피고인은 2016.7.24.
305492,판례내용,21,"22:20경 서울 ○○구 ○○로 ○○길 ○○(○○동)피해자 B이 운영하는 편의점 ‘○○○○’에서 종업원이 담배 외상을 해주지 않는다고 화를 내며, 편의점 밖으로 나가 머리로 편의점 앞 유리(약 2m X 약 2m X 약 0.5cm)를 들이받아 깨뜨려 수리비 442,860원이 들도록 재물을 손괴하였다."
305492,판례내용,22,"피고인은 같은 날 22:50경 다시 위 편의점에 들어와 편의점 안에서 담배를 피우려고 하면서 종업원에게 라이터를 달라고 하였다가 종업원으로부터 제지를 받자, 손으로 편의점 판매대 위에 있는 온장고를 밀쳐 바닥에 떨어뜨려 수리비 438,400원이 들도록 재물을 손괴하였다."
305492,판례내용,23,증거의요지
305492,판례내용,24,1.피고인의 법정진술
305492,판례내용,25,1.B에 대한 경찰 진술조서
305492,판례내용,26,1.B의 진술서
305492,판례내용,27,1.피해품 사진
305492,판례내용,28,1.수사보고(피해 사실 견적서 등 제출)
305492,판례내용,29,법령의적용
305492,판례내용,30,1.범죄사실에 대한 해당법조 및 형의 선택
305492,판례내용,31,"형법 제366조, 징역형 선택"
305492,판례내용,32,1.경합범가중
305492,판례내용,33,"형법 제37조 전단, 제38조 제1항 제2호, 제50조"
305492,판례내용,34,1.집행유예
305492,판례내용,35,형법 제62조 제1항
305492,판례내용,36,1.보호관찰 및 수강명령
305492,판례내용,37,형법 제62조의2
305492,판례내용,38,양형의이유
305492,판례내용,39,1.법률상 처단형의 범위: 징역 1월 ~ 4년 6월
305492,판례내용,40,2.양형기준상 권고형의 범위
305492,판례내용,41,[권고형의 범위]
305492,판례내용,42,일반적 기준 > 제1유형(재물손괴 등)> 감경영역(징역 1월 ~ 6월)
305492,판례내용,43,[특별감경인자]
305492,판례내용,44,처벌불원(피해 회복을 위한 진지한 노력 포함)
305492,판례내용,45,3.선고형의 결정
305492,판례내용,46,"다음과 같은 정상, 피고인의 나이, 가족관계, 성향 등 이 사건 변론에 나타난 제반사정을 참작하여 주문과 같이 형을 정한다."
305492,판례내용,47,"○ 유리한 정상: 피고인이 자신의 범행을 뉘우치며 반성하고 있는 점, 공소제기 이후 피해자에게 80만 원을 지급하는 등 피해 회복을 위하여 노력하였고, 피해자의 처벌불원의사가 기재된 합의서가 제출된 점 등"
305492,판례내용,48,"○ 불리한 정상: 피고인이 피해자 운영의 편의점에 들어가 유리창을 깬 후 불과 30분 만에 다시 위 편의점에 들어가 온장고를 밀쳐 넘어뜨리는 등 반복적으로 재물을 손괴한 점, 피고인은 2013.9.12."
305492,판례내용,49,서울중앙지방법원에서 상해죄로 벌금 50만 원을 선고받은 것을 비롯하여 폭력 관련 범죄로 형사처벌을 받은 전력이 14회나 있는 점 등
305492,판례내용,50,판사 김○ _________________________
