판례일련번호,구분,문장번호,내용
303711,판례내용,1,대 전 고 등 법 원
303711,판례내용,2,제 1 형 사 부
303711,판례내용,3,판 결
303711,판례내용,4,사 건
303711,판례내용,5,"2015노175 살인미수, 총포·도검·화약류등단속법위반"
303711,판례내용,6,피 고 인
303711,판례내용,7,"조○◍ (58**** - 1*****), 운전기사"
303711,판례내용,8,주거 충남 이하 생략
303711,판례내용,9,등록기준지 충남 이하 생략
303711,판례내용,10,항 소 인
303711,판례내용,11,쌍방
303711,판례내용,12,검 사
303711,판례내용,13,"이○(기소), 최○(공판)"
303711,판례내용,14,변 호 인
303711,판례내용,15,변호사 김○
303711,판례내용,16,원 심 판 결
303711,판례내용,17,대전지방법원 공주지원 2015.2.11.
303711,판례내용,18,선고 2014고합33 판결
303711,판례내용,19,판 결 선 고
303711,판례내용,20,2015.5.29.
303711,판례내용,21,주 문
303711,판례내용,22,피고인과 검사의 항소를 모두 기각한다.
303711,판례내용,23,이 유
303711,판례내용,24,1.항소이유의 요지
303711,판례내용,25,가.피고인
303711,판례내용,26,원심의 형(징역 4년)은 너무 무거워서 부당하다.
303711,판례내용,27,나.검사
303711,판례내용,28,원심의 형은 너무 가벼워서 부당하다.
303711,판례내용,29,2.판단
303711,판례내용,30,"원심이 판시한 피고인에게 불리한 사정[부부 사이에는 동거하며 서로 부양하고 협조해야 할 의무가 있으므로, 남편인 피고인으로서는 피해자의 정신적 어려움을 이해하고 피해자를 치료하는 등 보호하는 노력을 해야 했음에도, 피고인은 피해자가 ‘같이 죽자’는 말을 하였다고 같이 죽자고 동조하면서 농약을 소주에 타서 피해자가 마실 수 있도록 따라놓았고, 피해자가 총을 가지고 오면서 쏴달라고 했다고 그 총을 건네받아 피해자를 겨냥해 쏜 점, 피고인은 총에 맞아 누워 있던 피해자를 구호하기 위한 조처를 하지 않고 방치하였고 절망한 피해자가 범행 현장에서 스스로 농약을 마시기까지 한 점(이후 피해자는 우울증세를 이기지 못하고 2014.10.26."
303711,판례내용,31,"자살하기에 이르렀다)], 피고인이 수사기관에서부터 원심법정에 이르기까지 진지하게 반성하는 모습을 보이지 않고 있고, 자신의 책임을 회피하려는 태도로 일관했던 점] 및 유리한 사정[이 사건 범행은 술에 취해 감정이 격해져 있던 피고인이 피해자로부터 충동을 받자 우발적으로 저지른 것으로 보이는 점, 범행 자체는 미수에 그쳤고, 피해자가 자살한 이후 피해자의 유가족이 피고인에 대한 형사처벌을 원하지 않는다는 의사를 밝히고 있는 점, 피고인에게는 1985년 폭력행위등처벌에관한법률위반죄 등으로 징역형의 집행유예에 해당하는 형사처벌을 받은 전력이 있으나, 이후에는 2006년 도로교통법위반(음주운전)죄로 벌금형의 형사처벌을 받은 것 외에는 형사처벌을 받지 않은 점]과 아울러 당심에 이르러 피고인이 이 사건 범행을 모두 인정하고 있고, 피해자의 유가족이 당심에서도 피고인에 대한 선처를 탄원하고 있는 점 등의 사정을 비롯하여 기록에 의하여 알 수 있는 양형의 조건이 되는 사정들을 종합적으로 고려하면, 원심이 피고인에게 선고한 형량이 너무 무겁거나 가볍다고 보이지 않는다."
303711,판례내용,32,원심의 판단에 피고인이나 검사가 항소이유에서 주장하는 바와 같은 형의 양정이 부당한 사유가 있다고 볼 수 없다.
303711,판례내용,33,3.결론
303711,판례내용,34,따라서 피고인과 검사의 항소는 이유 없으므로 형사소송법 제364조 제4항에 의하여 피고인과 검사의 항소를 모두 기각하기로 하여 주문과 같이 판결한다.
303711,판례내용,35,재판장 판사 김○ _________________________
303711,판례내용,36,판사 신○ _________________________
303711,판례내용,37,판사 이○ _________________________
303711,판례내용,38,.
