판례일련번호,구분,문장번호,내용
302773,판례내용,1,광주지방법원
302773,판례내용,2,판결
302773,판례내용,3,"사건 2020고단6593 공무집행방해, 업무방해, 재물손괴, 모욕"
302773,판례내용,4,"피고인 박○○○ (70****-1******), 무직"
302773,판례내용,5,주거 광주 북구
302773,판례내용,6,등록기준지 전남 보성군
302773,판례내용,7,"검사 김○(기소), 정○(공판)"
302773,판례내용,8,변호인 변호사 박○(국선)
302773,판례내용,9,판결선고 2021.5.7.
302773,판례내용,10,주문
302773,판례내용,11,피고인을 징역 9월에 처한다.
302773,판례내용,12,이유
302773,판례내용,13,범죄사실
302773,판례내용,14,피고인은 2018.5.30.
302773,판례내용,15,"광주지방법원에서 폭행죄 등으로 징역 6월을 선고받고, 2018.11.9."
302773,판례내용,16,광주지방법원에서 업무방해죄 등으로 징역 6월을 선고받고 목포교도소에서 2019.9.13.
302773,판례내용,17,위 최○의 집행을 종료하였다.
302773,판례내용,18,1.업무방해
302773,판례내용,19,피고인은 2020.12.17.
302773,판례내용,20,"21:00경 광주 동구 ○○아파트 주차장에서 피해자 정○○(남, 52세)이 운행하는 택시 안에서 목적지에 도착하였음에도 요금을 주지 않고 차에서 내리지도 않은 채 ‘마스크를 벗어봐라, 얼굴을 보자, 왜 돌아왔느냐, 이런 식으로 돈을 버냐’라고 말하고 피해자가 112신고를 하여 경찰관이 출동하였음에도 ‘너 이리와’라고 말하는 등 계속해서 행패를 부려, 약 40여 분 간 피해자의 택시 영업 업무를 방해하였다."
302773,판례내용,21,2.공무집행방해
302773,판례내용,22,"피고인은 전항과 같은 일시, 장소에서 손님이 행패를 부린다는 112신고를 받고 출동한 광주동부경찰서 ○○파출소 소속 경위 김○○○○이 피고인에게 귀가할 것을 종용하자, 갑자기 손으로 위 김○○○○의 뺨을 1회 때려 폭행으로 경찰관의 112신고 처리에 관한 정당한 직무집행을 방해하였다."
302773,판례내용,23,3.재물손괴
302773,판례내용,24,"피고인은 전항과 같은 일시 및 장소에서 전항과 같은 피해자 김○○○의 뺨을 때리면서 당시 피해자가 착용하고 있던 시가 200,000원 상당의 안경이 바닥에 떨어져 파손되게 하여, 피해자 소유 재물을 손괴하였다."
302773,판례내용,25,4.모욕
302773,판례내용,26,"피고인은 전항과 같은 일시 및 장소에서 112신고를 받고 출동한 경위인 피해자 김○○(남, 46세)에게 택시기사 정○○○ 등이 있는 듣고 있는 자리에서 ‘야이 씨발놈아, 왜 내가 내려야 되냐, 너가 뭔데 나에게 내려라 마라 하냐, 야, 씨발놈들아, 왜 택시기사를 도망가게 하느냐’라고 욕설을 하여, 공연히 피해자를 모욕하였다."
302773,판례내용,27,양형의 이유
302773,판례내용,28,"피고인은 업무방해, 폭행, 상해, 공무집행방해, 모욕 등 범행으로 이미 여러 차례 처벌받은 전력이 있고, 최근에는 판시 누범전과 기재와 같이 실형까지 선고받은 전력이 있으며, 형기 종료 후 자숙하지 아니하고 또 다시 같은 수법의 이 사건 범행들을 범하였다."
302773,판례내용,29,"또한 이 사건 범행들 모두 누범에 해당하고, 공무를 집행 중인 경찰관에게 폭력을 행사하고 욕설을 한 범행의 죄질도 가볍지 않다."
302773,판례내용,30,위와 같이 피고인이 자신의 행동에 대한 반성이나 자제의 노력을 다하지 않은 채 다시 같은 범행을 저지르는 법 경시 태도에 비추어 피고인에 대하여 실형의 선고가 불가피하다.
302773,판례내용,31,"다만 피고인이 이 사건 범행을 모두 인정하고 있는 점, 이 사건 범행으로 피해 경찰관이 상해를 입지는 않았고 손괴된 재물이 아주 고가는 아닌 점, 그 밖에 피고인의 나이, 성행, 환경, 범행의 수단과 방법, 범행 후의 정황 등 여러 양형 조건들을 두루 참작하여 형을 정한다."
302773,판례내용,32,판사 박○ _________________________
