판례일련번호,구분,문장번호,내용
303994,판례내용,1,대 전 지 방 법 원
303994,판례내용,2,판 결
303994,판례내용,3,사 건
303994,판례내용,4,"2015고단105 변호사법위반, 폭행"
303994,판례내용,5,피 고 인
303994,판례내용,6,甲
303994,판례내용,7,검 사
303994,판례내용,8,"양○(기소), 이○(공판)"
303994,판례내용,9,변 호 인
303994,판례내용,10,변호사 송○(국선)
303994,판례내용,11,판 결 선 고
303994,판례내용,12,2015.3.24.
303994,판례내용,13,주 문
303994,판례내용,14,"피고인을 벌금 3,000,000원에 처한다."
303994,판례내용,15,"피고인이 위 벌금을 납입하지 아니하는 경우 금 100,000원을 1일로 환산한 기간 피고인을 노역장에 유치한다."
303994,판례내용,16,이 사건 공소사실 중 폭행의 점에 대한 공소를 기각한다.
303994,판례내용,17,이 유
303994,판례내용,18,범 죄 사 실
303994,판례내용,19,피고인은 2014.7.24.
303994,판례내용,20,대전지방법원 서산지원에서 촉탁살인죄로 징역 7년을 선고받고 현재 대전교도소에서 그 형의 집행 중에 있는 자이다.
303994,판례내용,21,피고인은 2014.9.12.
303994,판례내용,22,"대전교도소 1 수용동 하층 2실에서 **번 수용자 A의 공소장이 송달되자, A의 공소장을 열람한 후, ""내가 과거에 오락실을 하면서 경찰, 공무원을 상대로 로비를 많이 했고, 뇌물제공 부분도 전문가니 해결방안을 도와주겠다""는 말을 하고, 같은 달 20.경 운동시간에 A에게 ""내가 최소형량을 받도록 길을 알려 주겠다.우리은행 가상계좌로 50만 원을 송금해라, 처의 이름으로 하면 문제가 될 수 있으니 가명으로 하라""고 하며 우리은행 가상계좌번호를 알려주었다."
303994,판례내용,23,"계속하여 피고인은 2014.9.말경 A에게 ""사건과 관련하여 처를 접견하여 자세히 알려 줄 테니 면회를 오라고 해라""라고 말을 하여 A의 처 B이 2014.10.23."
303994,판례내용,24,"같은 달 28일 2회에 걸쳐 접견을 하였고, 접견 과정에 A과 관련된 사람들의 거짓 주장 부분과 A에게 불리한 부분을 지적해 주는 등 피고인은 A의 사건과 관련하여 법률자문을 해 주었다."
303994,판례내용,25,"또한 피고인은 2014.10.20.경 운동시간에 ""항소가 끝나면 상고를 하여 충주로 간다, 처에게 영치금 50만 원을 송금토록 하라""고 말하여 A의 처 B이 2014.10.4."
303994,판례내용,26,"폰뱅킹을 이용하여 피고인의 우리은행 가상계좌로 30만 원을 송금하면서 입금자는 가명인 C로 하였고, 같은 달 31.같은 방법으로 20만 원을 송금하여 피고인은 변호사가 아니면서 A의 재판 진행 중인 형사사건에 관하여 법률자문 등을 해주고 영치금 50만 원을 받는 등 변호사법을 위반하였다."
303994,판례내용,27,증거의 요지
303994,판례내용,28,1.피고인의 법정진술
303994,판례내용,29,1.A에 대한 각 경찰진술조서(대질부분 포함)
303994,판례내용,30,1.수사보고(피의자 영치금대장)
303994,판례내용,31,법령의 적용
303994,판례내용,32,1.범죄사실에 대한 해당법조
303994,판례내용,33,변호사법 제109조 제1호
303994,판례내용,34,1.형의 선택
303994,판례내용,35,"벌금형 선택(영치금을 그대로 반환한 점, 깊이 반성하고 있는 점 등 감안)"
303994,판례내용,36,1.노역장유치
303994,판례내용,37,"형법 제70조 제1항, 제69조 제2항"
303994,판례내용,38,공소기각부분
303994,판례내용,39,"이 사건 공소사실 중 폭행의 점에 대한 요지는, 피고인은 2014.11.3."
303994,판례내용,40,"20:25경 같은 거실에 수용 중인 피해자 D과 말다툼을 하다가 피고인이 피해자의 팔을 잡고 화장실로 끌고 들어가 좌측 팔꿈치로 목 부위를 밀치고, 피해자의 머리를 화장실 벽에 밀쳐 폭행하였다는 것이다."
303994,판례내용,41,"살피건대, 이는 폭행죄에 해당하는 것으로서 반의사불벌죄인 사건인바, 기록에 의하면 피해자는 이 사건 공소가 제기된 후인 2015.1.24.경 피고인의 처벌을 바라지 않는다는 의사를 표시하였음이 인정되므로 형사소송법 제327조 제6호에 의하여 이 부분 공소를 기각한다."
303994,판례내용,42,이○의 이유로 주문과 같이 판결한다.
303994,판례내용,43,판사 홍○ _________________________
