판례일련번호,구분,문장번호,내용
303798,판례내용,1,대 전 지 방 법 원
303798,판례내용,2,판 결
303798,판례내용,3,사 건
303798,판례내용,4,"2012고정1161 업무방해, 상해"
303798,판례내용,5,2012고정1461(병합)
303798,판례내용,6,피 고 인
303798,판례내용,7,"김○○○ (61****-14*****), 기타사업"
303798,판례내용,8,주거 대전 서구 이하 생략
303798,판례내용,9,등록기준지 논산시 이하 생략
303798,판례내용,10,검 사
303798,판례내용,11,"김○(기소), 배○(검사직무대리, 기소), 양○(공판)"
303798,판례내용,12,변 호 인
303798,판례내용,13,변호사 최○(국선)
303798,판례내용,14,판 결 선 고
303798,판례내용,15,2013.5.23.
303798,판례내용,16,주 문
303798,판례내용,17,"피고인을 벌금 3,000,000원에 처한다."
303798,판례내용,18,"피고인이 위 벌금을 납입하지 아니하는 경우 50,000원을 1일로 환산한 기간 피고인을 노역장에 유치한다."
303798,판례내용,19,위 벌금에 상당한 금액의 가납을 명한다.
303798,판례내용,20,이 유
303798,판례내용,21,범 죄 사 실
303798,판례내용,22,『2012고정1161』
303798,판례내용,23,"피고인은 대전 서구 만년동 304에 있는 건물 133호를 임차하려고 준비하였으나 위 건물 3, 4층에서 ‘크리스탈 예식장’을 운영하던 피해자 정◎◎을 포함한 예식장 공동운영자들이 반대하는 바람에 다른 사람이 위 점포를 임차하게 된 것에 앙심을 품고 위 예식장 운영을 방해하기로 마음먹었다."
303798,판례내용,24,"피고인은 2011.5.경 위 건물 1층에 있는 위 예식장 예약실로 들어오는 현관 입구 옆 136호실에서, 장례용품인 관을 진열한 후 검정색 바탕에 흰색으로「장례예식대행, 시신수습, 염전문, 유골함, 관, 수의, 상복, 장의용품」이라는 문구가 적힌 현수막을 내걸고 마네킹에 수의를 입혀 놓고 전시하는 등 예식장을 이용하려는 손님들에게 혐오감을 느끼도록 하여 예약을 하지 않게 하거나 예약자들이 항의를 하게 함으로써 위력으로 피해자의 예식장 업무를 방해하였다."
303798,판례내용,25,『2012고정1461』
303798,판례내용,26,피고인은 2011.10.9.
303798,판례내용,27,19:25경 대전시 서구 만년동 304에 있는 크리스탈웨딩홀 3층에서 피해자 김○□□(42세)가 같은 건물 관리단 임시집회에 들어가지 못하게 하고 경찰에 신고까지 하자 화가 나 손에 들고 있던 서류로 피해자의 오른쪽 얼굴과 왼쪽 얼굴을 각 1회씩 후려치고 이어서 멱살을 잡은 다음 피해자의 얼굴에 침을 뱉어 피해자로 하여금 약 2주간의 치료를 요하는 중증도의 경부 염좌 등의 상해를 가하였다.
303798,판례내용,28,증거의 요지
303798,판례내용,29,『2012고정1161』
303798,판례내용,30,1.제1회 공판조서 중 피고인의 일부 진술 기재
303798,판례내용,31,"1.증인 정◎◎, 김▣▣, 김▤▤, 이▥▥의 각 법정진술"
303798,판례내용,32,"1.정◎◎, 김▣▣에 대한 각 검찰진술조서"
303798,판례내용,33,1.김▤▤에 대한 경찰진술조서
303798,판례내용,34,1.피고인에 대한 각 일부 검찰피의자신문조서(대질부분 포함)
303798,판례내용,35,1.현장사진
303798,판례내용,36,1.합의각서
303798,판례내용,37,"1.수사보고(백▦▦, 신▧▧, 민▨▨ 전화진술 청취)"
303798,판례내용,38,1.CCTV 동영상
303798,판례내용,39,『2012고정1461』
303798,판례내용,40,1.제1회 공판조서 중 피고인의 일부 진술 기재
303798,판례내용,41,1.김○□□에 대한 경찰진술조서
303798,판례내용,42,1.상해진단서
303798,판례내용,43,법령의 적용
303798,판례내용,44,1.범죄사실에 대한 해당법조 및 형의 선택
303798,판례내용,45,"형법 제314조 제1항(업무방해의 점), 형법 제257조 제1항(상해의 점), 각 벌금형 선택"
303798,판례내용,46,1.경합범가중
303798,판례내용,47,"형법 제37조 전단, 제38조 제1항 제2호, 제50조"
303798,판례내용,48,1.노역장유치
303798,판례내용,49,"형법 제70조, 제69조 제2항"
303798,판례내용,50,1.가납명령
303798,판례내용,51,형사소송법 제334조 제1항
303798,판례내용,52,판사 김○ _________________________
