판례일련번호,구분,문장번호,내용
304356,판례내용,1,부 산 지 방 법 원
304356,판례내용,2,판 결
304356,판례내용,3,사 건 2009고단4314 가.사문서위조
304356,판례내용,4,나.위조사문서행사
304356,판례내용,5,다.도로교통법위반(음주운전)
304356,판례내용,6,라.공문서부정행사
304356,판례내용,7,마.도로교통법위반(무면허운전)
304356,판례내용,8,"피 고 인 권○A (75년생, 남)"
304356,판례내용,9,검 사 황○
304356,판례내용,10,판 결 선 고 2009.10.13.
304356,판례내용,11,주문
304356,판례내용,12,피고인을 징역 6월에 처한다.
304356,판례내용,13,"다만, 이 판결 확정일로부터 2년간 위 형의 집행을 유예한다."
304356,판례내용,14,피고인에게 24시간의 준법운전강의 수강을 명한다.
304356,판례내용,15,이유
304356,판례내용,16,피고인은 부산80구×호 코란도 밴 화물차량의 운전자이다.
304356,판례내용,17,1.피고인은 2009.7.12.
304356,판례내용,18,05:35경 지방경찰청장이 발행하는 자동차운전면허 없이 혈중알콜농도 0.061%의 주취상태로 위 차량을 부산 금정구 서동에서 같은 구 금사동까지약 200m의 거리를 운전하였다.
304356,판례내용,19,2.피고인은 위 일시경 부산 금정구 금사동에 있는 신한가스 앞길에서 제1항 기재 행위로 적발되면서 무면허인 사실을 은폐할 목적으로 자동차운전면허증의 제시를 요구하는 경찰관에게 위 차량의 햇빛 가리개에 보관된 회사동료 전C의 자동차운전면허증을마치 자신의 자동차운전면허증인 것처럼 제시하였다.
304356,판례내용,20,"3.피고인은 위 일시경 부산 금정구에 있는 금정경찰서 교통안전계 사무실에서 무면허사실을 은폐하기 위하여 사문서인 “확인서”, “주취운전자정황진술보고서”, “주취운전자적발보고서”의 진술자 및 확인자란에 회사동료 전C의 성명을 기재하고 무인 및 서명하는 방법으로 이를 위조하였다."
304356,판례내용,21,"4.피고인은 제3항 기재 일시, 장소에서 제3항 기재와 같이 위조한 사문서인 “확인서”,“주취운전자정황진술보고서”, “주취운전자적발보고서”를 그 정을 모르는 경찰관에게 제출하는 방법으로 이를 행사하였다."
304356,판례내용,22,1.피고인의 법정진술
304356,판례내용,23,1.전C에 대한 경찰 진술조서의 진술기재1.압수조서의 기재
304356,판례내용,24,"1.각 수사보고(수사기록 제14쪽, 제30쪽)의 기재1.확인서, 주취운전자정황진술보고서, 주취운전자적발보고서, 자인서, 자동차운전면허대장, 위조된 주취운전자정황진술보고서 사본, 전C의 자동차운전면허증 사본, 운전면허취소처분내역의 각 기재"
304356,판례내용,25,1.범죄사실에 대한 해당법조
304356,판례내용,26,구 도로교통법(2009.4.1.
304356,판례내용,27,"법률 제9580호로 개정되기 전의 것)제150조 제1호, 제44조 제1항(음주운전의 점), 도로교통법 제152조 제1호, 제43조(무면허운전의 점), 형법제230조(공문서부정행사의 점), 형법 제231조(사문서위조의 점), 형법 제234조, 제231조(위조사문서행사의 점)"
304356,판례내용,28,1.상상적 경합
304356,판례내용,29,"형법 제40조, 제50조"
304356,판례내용,30,1.형의 선택
304356,판례내용,31,각 징역형 선택
304356,판례내용,32,1.경합범 가중
304356,판례내용,33,"형법 제37조 전단, 제38조 제1항 제2호, 제50조"
304356,판례내용,34,1.집행유예
304356,판례내용,35,형법 제62조 제1항
304356,판례내용,36,1.수강명령
304356,판례내용,37,형법 제62조의2
304356,판례내용,38,이○의 이유로 주문과 같이 판결한다.
304356,판례내용,39,판사 오○ _________________________
