판례일련번호,구분,문장번호,내용
159742,판례내용,1,【피 고 인】
159742,판례내용,2,【검    사】 이민
159742,판례내용,3,【변 호 인】 법무법인 화우 담당변호사 이○
159742,판례내용,4,【주    문】
159742,판례내용,5,"피고인 1을 벌금 3,000,000원에,"
159742,판례내용,6,"피고인 2를 벌금 1,000,000원에 각 처한다."
159742,판례내용,7,"피고인 1,"
159742,판례내용,8,"2가 위 각 벌금을 납입하지 아니하는 경우 각 50,000원을 1일로 환산한 기간"
159742,판례내용,9,"피고인 1,"
159742,판례내용,10,2를 노역장에 유치한다.
159742,판례내용,11,"피고인 1,"
159742,판례내용,12,2에 대하여 위 각 벌금에 상당한 금액의 가납을 명한다.
159742,판례내용,13,피고인 3에 대한 형의 선고를 유예한다.
159742,판례내용,14,"【이    유】【범죄사실】피고인 1은 기업홍보대행업에 종사하는 자이고,"
159742,판례내용,15,"피고인 2,"
159742,판례내용,16,3은 각 의사이다.
159742,판례내용,17,"1.피고인 1은, 의료인이 아니면 의료기관을 개설할 수 없음에도 불구하고, 2005.8.경 서울 도봉구 쌍문3동"
159742,판례내용,18,(지번 생략)소재
159742,판례내용,19,"△△산부인과의원에서,"
159742,판례내용,20,피고인 2의 명의로 개설신고된 의료기관인 위 병원에
159742,판례내용,21,"피고인 2,"
159742,판례내용,22,"3을 고용의사로 두고 월급을 지급하는 등 그 무렵부터 2007.3.16.경까지 위 병원을 운영하고,"
159742,판례내용,23,2.피고인 2는 2005.8.경부터 2007.3.16.경까지 위
159742,판례내용,24,"△△산부인과의원에서, 의료기관의 개설자가 될 수 없는"
159742,판례내용,25,"피고인 1에게 고용되어 진료행위를 하고,"
159742,판례내용,26,3.피고인 3은 2005.8.경부터 2006.11.15.경까지 위
159742,판례내용,27,"△△산부인과의원에서, 의료기관의 개설자가 될 수 없는"
159742,판례내용,28,피고인 1에게 고용되어 진료행위를 하였다.
159742,판례내용,29,【증거의 요지】1.제1회 공판조서 중
159742,판례내용,30,피고인 3의 일부 진술기재
159742,판례내용,31,1.제4회 공판조서 중 증인
159742,판례내용,32,공소외 1의 진술기재
159742,판례내용,33,1.피고인 2에 대한 각 경찰 피의자신문조서 중 일부 진술기재
159742,판례내용,34,1.공소외 1에 대한 경찰 진술조서의 진술기재
159742,판례내용,35,【법령의 적용】1.범죄사실에 대한 해당법조 및 형의 선택
159742,판례내용,36,피고인 1 :
159742,판례내용,37,구 의료법(2007.1.3.
159742,판례내용,38,"법률 제8203호로 개정되기 전의 것)제66조 제3호,"
159742,판례내용,39,제30조 제2항
159742,판례내용,40,"피고인 2,"
159742,판례내용,41,3 :
159742,판례내용,42,구 의료법 제69조
159742,판례내용,43,각 벌금형 선택
159742,판례내용,44,1.선고유예할 형
159742,판례내용,45,"피고인 3 : 벌금 1,000,000원"
159742,판례내용,46,1.노역장 유치
159742,판례내용,47,피고인들 :
159742,판례내용,48,"형법 제70조,"
159742,판례내용,49,"제69조 제2항 (1일 50,000원)"
159742,판례내용,50,1.가납명령
159742,판례내용,51,"피고인 1,"
159742,판례내용,52,2 :
159742,판례내용,53,형사소송법 제334조 제1항
159742,판례내용,54,1.선고유예
159742,판례내용,55,피고인 3 :
159742,판례내용,56,형법 제59조 제1항 (
159742,판례내용,57,"피고인 3은 별다른 전과가 없고, 자신의 잘못을 반성하고 있는 점,"
159742,판례내용,58,피고인 3은 2003.9.1.경 위
159742,판례내용,59,△△산부인과의원의 최초 개설자인 의사
159742,판례내용,60,"공소외 1에게 고용되어 근무하던 중, 부부인"
159742,판례내용,61,공소외 1과
159742,판례내용,62,피고인 1 사이의 분쟁으로 인하여 이 사건 행위에 이르게 된 점 등 참작)
159742,판례내용,63,판사 허상진
