판례일련번호,구분,문장번호,내용
305364,판례내용,1,서울동부지방법원
305364,판례내용,2,제1 1 형사부
305364,판례내용,3,판 결
305364,판례내용,4,사 건 2017고합166 공직선거법위반
305364,판례내용,5,피 고 인 유**
305364,판례내용,6,"검 사 이**(기소), 이**, 최**(공판)"
305364,판례내용,7,변 호 인 변호사 엄**(국선)
305364,판례내용,8,판 결 선 고 2017.9.13.
305364,판례내용,9,주 문
305364,판례내용,10,피고인에 대한 형의 선고를 유예한다.
305364,판례내용,11,이 유
305364,판례내용,12,범죄사실
305364,판례내용,13,피고인은 2017.4.23.
305364,판례내용,14,"01:00경 서울 **구 **로 **아파트 **동 앞에서, **당 대선후보인 문** 후보자와 **당 대선후보인 홍** 후보자가 마음에 들지 않는다는 이유로 그곳 나무 사이에 설치된 제19대 대통령선거 후보자 선거벽보 중 문**, 홍** 후보자의 선거벽보를 소지하고 있는 라이터로 각 소훼하여 훼손하였다."
305364,판례내용,15,증거의요지
305364,판례내용,16,1.피고인의 법정진술
305364,판례내용,17,1.안** 경찰 진술조서
305364,판례내용,18,1.내사착수보고-훼손된 선거벽보 사진
305364,판례내용,19,법령의적용
305364,판례내용,20,1.범죄사실에 대한 해당법조 및 형의 선택
305364,판례내용,21,공직선거법 제240조 제1항(벌금형 선택)
305364,판례내용,22,1.경합범가중
305364,판례내용,23,"형법 제37조 전단, 제38조 제1항 제2호, 제50조"
305364,판례내용,24,1.노역장유치
305364,판례내용,25,"형법 제70조, 제69조 제2항"
305364,판례내용,26,1.선고유예
305364,판례내용,27,"형법 제59조 제1항[유예하는 형 : 벌금 1,000,000원, 환형유치기간 : 1일당 100,000원]"
305364,판례내용,28,양형의이유
305364,판례내용,29,1.법률상 처단형의 범위 : 벌금 600만 원 이하
305364,판례내용,30,2.선고형의 결정
305364,판례내용,31,"피고인의 이 사건 범행은 선거인의 알 권리, 선거의 공정성 및 선거관리의 효율성을 해하는 것이다."
305364,판례내용,32,"또한, 라이터로 선거벽보에 불을 놓는 피고인의 행위는 화재 등 추가적인 위험을 발생시킬 수 있는 것이었고, 피고인은 라이터로 선거벽보를 태우는데 그치지 아니하고 타다만 선거벽보를 추가적으로 찢기까지 하여 죄질이 좋지 못하다."
305364,판례내용,33,"한편, 피고인은 범행을 시인하면서 잘못을 깊이 반성하고 있고, 피고인에게 선거에 영향을 미치려는 정치적 의도나 선거운동을 방해할 목적은 없었던 것으로 보인다."
305364,판례내용,34,"그 밖에 피고인의 성행, 환경, 범행의 동기와 경위, 수단과 결과, 범행 후의 정황 등 변론에 나타난 모든 양형조건들과 아울러 국민참여재판으로 진행된 이 사건에서, 대입 수험생의 신분으로 이제 사회생활을 시작하려는 나이인 피고인에게 한 번의 기회를 부여하는 것이 타당해 보인다는 배심원들의 아래 양형의견을 존중하여 주문과 같은 형을 정한다."
305364,판례내용,35,배심원의평결과양형의견
305364,판례내용,36,1.유·무죄에 대한 평결 결과
305364,판례내용,37,- 유죄 의견 : 배심원 7명(만장일치)
305364,판례내용,38,2.양형의견
305364,판례내용,39,- 벌금 70만 원 : 1명
305364,판례내용,40,- 벌금 100만 원 : 1명
305364,판례내용,41,- 벌금 50만 원 ~ 100만 원의 선고유예 : 5명
305364,판례내용,42,이○의 이유로 피고인에 대한 이 사건을 그 희망에 따라 국민참여재판을 거쳐 주문과 같이 판결한다.
305364,판례내용,43,재판장 판사 조○ _________________________
305364,판례내용,44,판사 정○ _________________________
305364,판례내용,45,판사 이○ _________________________
