판례일련번호,구분,문장번호,내용
304017,판례내용,1,사건 고정 교통사고처리특례법위반 2015 45
304017,판례내용,2,피고인 甲
304017,판례내용,3,검사 김○ 박○
304017,판례내용,4,변호인 변호사원○희국선
304017,판례내용,5,판결선고 2015.6.18.
304017,판례내용,6,이 사건 공소를 기각한다.
304017,판례내용,7,피고인은 경 호승용차를 운전하여 대전 유성구 노은서로에 2014.8.25.
304017,판례내용,8,21:30 있는 샬롬교회 앞 도로를 반석동 쪽에서 노은교회 쪽을 향하여 편도 차로의 도로를 시속 약 20-30Km의 속력으로 진행하였다.
304017,판례내용,9,그곳은 황색 실선으로 중앙선이 설치되어 있는 곳이므로 이러한 경우 자동차를 운전하는 사람으로서는 전방 좌우를 잘 살피고 차선을 준수하여 안전하게 진행하여야 할 업무상의 주의의무가 있었다.
304017,판례내용,10,그럼에도 불구하고 피고인은 이를 게을리한 채 진행 방향 우측 도로변에 주차되어 있는 차량들을 피하여 중앙선을 침범하여 진행한 과실로 마침 반대 방향에서 진행하여 오던 피해자 김○**(51)세이 운전하는 호화물 차량의 좌측 앞부분을 피고인의 차량 좌측 옆부분으로 충돌하였다.
304017,판례내용,11,이로써 피고인은 위와 같은 업무상의 과실로 피해자에게 약 2주간의 치료를 요하는 경추염좌 등의 상해를 입게 하였다.
304017,판례내용,12,가.도로교통법 제13조 제3항에 따르면 운전자는 중앙선 우측 부분을 통행하여야 한다.
304017,판례내용,13,"나.같은 법 제13조 제4항 제2호에 따르면 도로의 파손, 도로 공사나 그 밖의 장애 등으로 도로의 우측 부분을 통행할 수 없는 경우 제3항에도 불구하고 도로의 중앙이나 좌측 부분을 통행할 수 있다."
304017,판례내용,14,"나.교통사고처리특례법 제3조 제2항 단서 제2호 전단이 규정하는 도로교통법 제13조 제3항의 규정에 위반하여 차선이 설치된 도로의 중앙선을 침범하였을 때라 함은 교통사고의 발생 지점이 중앙선을 넘어선 모든 경우를 가리키는 것이 아니라 부득이한 사유가 없이 중앙선을 침범하여 교통사고를 발생케 한 경우를 뜻하며, 여기서 '부득이한 사유'라 함은 진행 차로에 나타난 장애물을 피하기 위하여 다른 적절한 조치를 취할 겨를이 없었다거나 자기 차로를 지켜 운행하려고 하였으나 운전자가 지배할 수 없는 외부적 여건으로 말미암아 어쩔 수 없이 중앙선을 침범하게 되었다는 등 중앙선 침범 자체에는 운전자를 비난할 수 없는 객관적 사정이 있는 경우를 말한다(대법원 1998.7.28."
304017,판례내용,15,선고 98도832 판결 참조).
304017,판례내용,16,"다.피고인의 법정 진술, 교통사고 보고 실황 조사서, 현장 사진에 의하면 피고인은 대전 유성구 노은서로에 있는 샬롬교회 앞 편도 1차로의 도로를 그 차로에 따라 진행하던 중 진행 차로 우측에 연속으로 불법 주차되어 있던 세대 이상의 차량들을 피하기 위해 중앙선을 넘어서 진행하다가 다시 자기 차로로 들어오던 중 김○**의 차량을 들이받았다."
304017,판례내용,17,"위 인정 사실에 따르면 피고인은 도로 우측에 불법 주차된 차량들로 인해 중앙선을 넘지 않고는 진행할 수 없었으므로 도로교통법 제13조 제4항 제2호에 따라 도로의 중앙이나 좌측 부분을 통행할 수 있는 상황이었고, 중앙선을 침범할 부득이한 사유가 있었다고도 볼 수 있다."
304017,판례내용,18,따라서 공소사실 기재 사고는 교통사고처리특례법 제3조 제2항 단서 제2호 전단에 해당하지 않는다.
304017,판례내용,19,"라.피고인의 차는 종합보험에 가입되어 있었으며, 김**은 피고인의 처벌을 원하지 않았다."
304017,판례내용,20,"따라서 교통사고처리특례법 제4조 제1항 본문, 제3조 제2항 본문에 의하여 이 사건 공소는 공소 제기의 절차가 법률의 규정에 위반되어 무효인 때에 해당한다."
304017,판례내용,21,그러므로 형사소송법 제327조 제2호에 따라 이 사건 공소를 기각한다.
304017,판례내용,22,판사 이○
