판례일련번호,구분,문장번호,내용
305770,판례내용,1,서울중앙지방법원
305770,판례내용,2,판 결
305770,판례내용,3,사 건 2015고단7567 사기
305770,판례내용,4,피 고 인 A
305770,판례내용,5,"검 사 남○(기소), 황○(공판)"
305770,판례내용,6,변 호 인 변호사 B
305770,판례내용,7,판 결 선 고 2016.12.1.
305770,판례내용,8,주 문
305770,판례내용,9,피고인을 징역 10월에 처한다.
305770,판례내용,10,이 유
305770,판례내용,11,범죄사실
305770,판례내용,12,"피고인은 방송제작, 영상제작업 등을 목적으로 하는 주식회사 C의 실제 운영자이다."
305770,판례내용,13,"피고인은 2013.6.21.경 서울 강남구 D에 있는 F빌딩 7층의 피해자 G가 운영하는 H성형외과에서 피해자에게 “I에서 ‘J’라는 ‘메이크오버쇼’를 12회 방송 예정으로 제작하고 있는데, 2013.6.14."
305770,판례내용,14,"첫 방송이 시작되었다.방송출연에 대한 프로그램 협찬비로 2,000만 원을 지급하면 3회에 걸쳐 본방송이 나가도록 해 주겠다.본방송 외에도 재방송이 여러 차례 나가니 병원 홍보 효과가 매우 클 것이다.”라고 말하였다."
305770,판례내용,15,"그러나 피고인은 당시 신용불량자로 약 6,000만 원의 채무를 부담하고 있었고, 직원들과 방송진행자의 인건비 등도 지급하지 못하고 있었으므로 피해자로부터 프로그램 협찬비를 지급받더라도 피해자를 방송에 출연시켜 줄 의사나 능력이 없었다."
305770,판례내용,16,그럼에도 피고인은 위와 같이 피해자를 기망하여 이에 속은 피해자로부터 2013.6.24.
305770,판례내용,17,"프로그램 협찬비 명목으로 2,000만 원을, 2013.7.1."
305770,판례내용,18,홍보영상 제작비용 명목으로 100만 원을 각각 주식회사 C 명의의 O은행 계좌로 송금받은 것을 비롯하여 별지 범죄일람표에 기재된 것과 같이 그때부터 2013.8.9.경까지 5명의 피해자들로부터 합계 1억 350만 원을 교부받거나 송금받았다.
305770,판례내용,19,증거의요지
305770,판례내용,20,1.피고인의 법정 진술
305770,판례내용,21,"2.K, G에 대한 경찰 진술조서"
305770,판례내용,22,3.고소장(첨부 서류 포함)
305770,판례내용,23,"4.각 수사보고(피의자 제출 금융거래내역서 편철, 방송 작가 및 케이블방송 국장 전화 통화, 이메일 진술조서 편철, 약식명령문 첨부 보고, 고소인측 일부 진술 확인 보고)"
305770,판례내용,24,법령의적용
305770,판례내용,25,1.범죄사실에 대한 해당법조 및 형의 선택
305770,판례내용,26,"각 형법 제347조 제1항, 각 징역형 선택"
305770,판례내용,27,2.경합범가중
305770,판례내용,28,"형법 제37조 전단, 제38조 제1항 제2호, 제50조"
305770,판례내용,29,양형의이유
305770,판례내용,30,[권고형의 범위]
305770,판례내용,31,"일반사기 > 제2유형(1억 원 이상, 5억 원 미만)> 감경영역(6월20일~2년6월)"
305770,판례내용,32,※ 서술식기준: 동종경합 합산 결과 유형 1단계 상승
305770,판례내용,33,[특별감경인자]
305770,판례내용,34,미필적 고의로 기망행위를 저지른 경우
305770,판례내용,35,[선고형의 결정]
305770,판례내용,36,"아래와 같은 정상 및 피고인의 나이, 성행, 환경, 가족관계, 범행의 동기와 결과, 범행 후의 정황 등 기록과 이 사건 변론에 나타난 양형의 조건이 되는 사정들을 참작하여 주문과 같은 형을 선고한다."
305770,판례내용,37,○ 유리한 정상: 자백하고 반성하고 있다.
305770,판례내용,38,미필적 고의에 의한 범행으로 볼 수 있다.
305770,판례내용,39,"피해자 G에게 1,900만 원, 피해자 L, M, K에게 각 350만 원, 피해자 N에게 150만 원을 공탁하였다."
305770,판례내용,40,벌금형을 초과하는 전과는 없다.
305770,판례내용,41,○ 불리한 정상: 피해자가 다수이고 편취 금액 합계가 크다.
305770,판례내용,42,전문직 종사자에 대한 사회 일반의 신뢰를 실추시켰다.
305770,판례내용,43,선고기일을 수차례 연기해 주며 시간을 부여해 주었으나 피해 회복이나 피해자들과의 합의에 이르지 못했다.
305770,판례내용,44,피해자들이 엄벌을 탄원하고 있다.
305770,판례내용,45,판사 김○ _________________________
