판례일련번호,구분,문장번호,내용
238295,판시사항,1,"검사가 공소장에 피고인의 주민등록번호 등 인적 사항을 잘못 기재한 채 약식명령을 청구하여 당사자의 표시상 착오가 있는 경우, 그 공소장에 기재된 사람에게 공소제기의 효력이 미치는지 여부(소극)및 이때 법원이 취할 조치(=공소기각판결)"
238295,참조조문,2,"형사소송법 제248조, 제327조 제2호"
238295,판례내용,3,【피 고 인】 피고인
238295,판례내용,4,【비상상고인】 검찰총장
238295,판례내용,5,【원 판 결】 수원지법 안산지원 2008.11.17.
238295,판례내용,6,자 2008고약26793 약식명령
238295,판례내용,7,【주    문】
238295,판례내용,8,원판결을 파기한다.이 사건 공소를 기각한다.
238295,판례내용,9,【이    유】  비상상고이유를 판단한다.
238295,판례내용,10,"1.형사소송법 제248조에 의하여 공소는 검사가 피고인으로 지정한 이외의 다른 사람에게 그 효력이 미치지 아니하는 것이므로 공소제기의 효력은 검사가 피고인으로 지정한 자에 대하여만 미치는 것이고, 검사가 공소장에 피고인의 주민등록번호 등 인적 사항을 잘못 기재한 채 약식명령을 청구하여 당사자의 표시상 착오가 있는 경우 그 공소장에 기재된 사람에게는 공소제기의 효력이 미친다고는 할 수 없다.이 경우 법원으로서는 형식상 또는 외관상 피고인의 지위를 갖게 된 자에게 적법한 공소의 제기가 없었음을 밝혀주는 의미에서 형사소송법 제327조 제2호를 유추적용하여 공소기각의 판결을 함으로써 피모용자의 불안정한 지위를 명확히 해소해 주어야 할 것이다(대법원 1997.11.28."
238295,판례내용,11,선고 97도2215 판결 등 참조).
238295,판례내용,12,"2.기록에 의하면, 다음 사정들을 알 수 있다."
238295,판례내용,13,가.피고인(1980.7.생)은 2008.10.13.
238295,판례내용,14,21:33경 ○○마을 앞 도로에서 혈중알코올농도 0.056%의 술에 취한 상태로 (차량번호 생략)마티즈 차량을 운전하다가 단속되었다.
238295,판례내용,15,"나.검사는 위 음주운전 공소사실에 관하여 수원지방법원 안산지원에 약식명령을 청구하면서(이하 ‘이 사건 공소제기’라 한다)위 피고인이 아닌 피고인의 주민등록번호 및 등록기준지를 기재하였고, 법원은 2008.11.17."
238295,판례내용,16,"벌금 70만 원을 선고하는 약식명령(2008고약26793, 이하 ‘원판결’이라 한다)을 발령하였는데 위 약식명령에도 피고인의 인적 사항이 그대로 기재되어 있었다.위 약식명령은 2009.1.15."
238295,판례내용,17,그대로 확정되었다.
238295,판례내용,18,"3.위 사정들을 앞서 본 법리에 비추어 보면, 피고인에 대하여는 이 사건 공소제기의 효력이 미친다고 할 수 없으므로 법원으로서는 형사소송법 제327조 제2호를 유추적용하여 공소기각의 판결을 함이 상당하다.그런데도 이러한 조치 없이 약식명령이 그대로 발령·확정되었다면 이는 형사소송법 제441조에 정한 심판이 법령에 위반된 것이고, 원판결이 피고인에게 불이익한 때에 해당한다.이를 지적하는 비상상고이유 주장은 이유 있다.그러므로 형사소송법 제446조 제1호 단서에 따라 원판결을 파기하고 피고사건에 대하여 다시 판결하기로 한다."
238295,판례내용,19,4.공소사실의 요지
238295,판례내용,20,피고인은 2008.10.13.
238295,판례내용,21,21:33경 혈중알코올농도 0.056%의 술에 취한 상태로 안산시 (행정구역 생략)번지 불상 앞길부터 ○○마을 앞길까지 약 800m 구간에서 (차량번호 생략)승용차를 운전하였다.
238295,판례내용,22,"5.앞서 본 바와 같이 피고인에 대하여는 적법한 공소의 제기가 없었다고 할 것이므로 형사소송법 제327조 제2호를 유추적용하여 공소를 기각하기로 하여, 관여 대법관의 일치된 의견으로 주문과 같이 판결한다."
238295,판례내용,23,대법관 안○(재판장)노○ 이○(주심)
