판례일련번호,구분,문장번호,내용
304555,판례내용,1,부산지방법원 제1형사부 판결
304555,판례내용,2,사건 2010노3820 교통사고처리특례법위반
304555,판례내용,3,"피고인 성○A (71년생, 남)"
304555,판례내용,4,항소인 피고인
304555,판례내용,5,검사 박○
304555,판례내용,6,원심판결 부산지방법원 2010.10.27.
304555,판례내용,7,선고 2010고정5252 판결
304555,판례내용,8,판결선고 2011.2.11.
304555,판례내용,9,주문 피고인의 항소를 기각한다.
304555,판례내용,10,이유
304555,판례내용,11,1.항소이유의 요지
304555,판례내용,12,가.법리오해 주장
304555,판례내용,13,"피고인은 도로교통법 시행규칙이 비보호 좌회전 구간에서의 사고는 신호위반 교통사고에 해당하지 않는 것으로 개정되었으므로 이 사건 교통사고도 신호위반 교통사고로 볼 수 없음에도, 이를 간과하여 이 사건 교통사고를 신호위반 교통사고로 보아 피고인에 대하여 유죄를 인정한 원심판결에는 도로교통법 시행규칙의 적용범위 등에 관한 법리를 오해하여 판결에 영향을 미친 위법이 있다고 주장한다."
304555,판례내용,14,나.양형부당 주장
304555,판례내용,15,피고인은 원심의 선고형(벌금 50만 원)이 너무 무거워서 부당하다고 주장한다.
304555,판례내용,16,2.판단
304555,판례내용,17,가.법리오해 주장에 대한 판단
304555,판례내용,18,"살피건대, 개정된 도로교통법 시행규칙(2010.8.24."
304555,판례내용,19,"경찰청령 제156호로 개정된 것)부칙 제3조(차량신호등 중 녹색의 등화의 뜻의 변경에 따른 벌칙 적용에 관한 경과조치)는 ‘이 규칙 시행 전에 차량신호등 중 녹색의 등화에 따른 비보호좌회전 행위로 인하여 발생한 결과에 관하여 벌칙을 적용할 때에는 종전의 규정에 따른다’고 규정하고 있어, 2010.6.25."
304555,판례내용,20,발생한 이 사건 교통사고에는 구 도로교통법 시행규칙(2010.8.24.
304555,판례내용,21,"경찰청령 제156호로 개정되기 전의 것)이 적용되어야 하므로, 피고인의 법리오해 주장은 이유 없다."
304555,판례내용,22,나.양형부당 주장
304555,판례내용,23,"살피건대, 비록 피고인이 운전한 차량의 차주가 가입한 종합보험과 피고인의 대리운전 보험에 의하여 피해자의 피해가 일부 회복될 것으로 보이는 점, 사고발생에 피해자 측의 과실도 일부 있는 것으로 보이는 점, 이 사건 사고 이후 도로교통법 시행규칙이 개정되어 녹색 등화시 비보호좌회전 구간의 사고는 신호위반 교통사고로 볼 수 없게 된 점 등 유리한 정상이 있으나, 한편 이 사건 교통사고로 인한 피해자의 상해(2주간의 치료를 요하는 외상성 기흉상)가 가볍지 않은 것으로 보이는 점, 합의되지 않은 점, 원심에서 이미 피고인이 주장하는 사정을 감안하여 벌금액을 감액한 점, 기타 이 사건 범행에 이르게 된 경위와 내용, 범행 후의 정황, 피고인의 나이, 성행, 가족관계, 환경, 직업 등 기록에 나타난 양형의 조건이 되는 제반 사정을 종합하여 보면, 원심의 형량이 지나치게 무거워서 부당하다고 할 수 없으므로, 피고인의 양형부당 주장도 이유 없다."
304555,판례내용,24,3.결론
304555,판례내용,25,"그렇다면, 피고인의 이 사건 항소는 이유 없으므로, 형사소송법 제364조 제4항에 의하여 이를 기각하기로 하여 주문과 같이 판결한다."
304555,판례내용,26,재판장 판사 윤○ _________________________
304555,판례내용,27,판사 배○ _________________________
304555,판례내용,28,판사 신○ _________________________
