판례일련번호,구분,문장번호,내용
304394,판례내용,1,부산지방법원
304394,판례내용,2,판결
304394,판례내용,3,사 건 2009고정8172 공무집행방해
304394,판례내용,4,"피 고 인 1.이A (70년생, 남)"
304394,판례내용,5,"2.김○ (70년생, 남)"
304394,판례내용,6,검 사 우만우
304394,판례내용,7,변 호 인 변호사 김○(피고인들을 위한 국선)
304394,판례내용,8,판 결 선 고 2010.6.18.
304394,판례내용,9,주문
304394,판례내용,10,"피고인들을 각 벌금 1,500,000원에 처한다."
304394,판례내용,11,"피고인들이 위 각 벌금을 납입하지 아니하는 경우 60,000원을 1일로 환산한 기간 피고"
304394,판례내용,12,인들을 노역장에 유치한다.
304394,판례내용,13,피고인들에 대하여 위 각 벌금에 상당한 금액의 가납을 명한다.
304394,판례내용,14,소송비용 중 증인에 관한 비용은 피고인들의 부담으로 한다.
304394,판례내용,15,이유
304394,판례내용,16,"피고인이 피고인 김○ 친구 사이로 경부산금정구 금사동 A, A1 2009.8.13."
304394,판례내용,17,00:40 에 있는 노래방에서 노래방 도우미 명을 부르고 술을 마시며 놀았다.
304394,판례내용,18,"피고인이는 위 일시 장소에서 주류 판매 및 도우미 고용 영업을 하고 있다는 A, 112 신고를 받고 출동한 부산금정경찰서 서금지구대 소속 경장 문○ 위 노래방의 번 C 2 방으로 들어가려 하자 문의 앞을 가로막으며 들어가지 못하게 하고 이에 번방으로 C, 7 들어가 도우미 여성의 신원 확인 등을 하려는 문을 따라가 씨발놈아 비켜라라며 욕을 하고 도망가려는 도우미 여성들을 따라가려는 문의 팔을 잡아 비틀고 가슴을 밀, C 치는 등 폭행하였다."
304394,판례내용,19,"이에 경장 문이 피고인이를 공무집행방해죄로 체포하려 하자 피고인 김○ 문 C A A1 에게 달려들면서 수갑 채우면 너희들 다 죽여버린다라고 욕을 하고 너이 개새 C1 “”, “끼 죽여버린다 한번 죽어볼래라면서 문의 팔을 잡아 비틀고 가슴을 밀치는 등 폭행 C 하였다."
304394,판례내용,20,이로써 피고인들은 공모하여 경찰관의 불법 영업 업소 단속에 관한 정당한 직무집행을 방해하였다.
304394,판례내용,21,"증인 문 홍의 각 법정 진술 증인 곽의 법정 진술은 피고인이와 친분이 있는 1.C, C2 (C3, A 사람의 진술일 뿐 아니라 사건 현장을 목격하게 된 경위나 피고인 김이 순찰 A1 차에 타게 된 경위 등과 관련된 내용은 납득하기 어렵고 이 사건 당시의 상황을 처음부터 목격한 것도 아니어서 이를 믿지 아니한다)문 홍에 대한 각 경찰 진술 조서 1.C, C2 문에 대한 경찰 진술 조서 중 피고인들이 노래방 도우미를 단속 중인 경찰관에게 1.C4 문 등 노래방에 함께 있던 여자들은 상관없으므로 보내달라고 하며 이들을 내보냈고 그 후 피고인들과 경찰관이 실랑이를 벌이게 되었다는 취지의 진술 기재."
304394,판례내용,22,"범죄 사실에 대한 해당 법조 및 형의 선택 1.피고인들 형법 제 조 제 항 제 조 벌금형 선택: 136 1, 30 () 노역장 유치 1.각 형법 제 조 제 조 제 항 70, 69 2 가납 명령 1.각 형사소송법 제 조 제 항 334 1 소송비용의 부담 1.형사소송법 제 조 제 항 186 1 피고인들 각 범행을 부인하는 점 피고인이는 이 사건 범행 이후 수사를 받는 과: , A 정에서도 경찰관에게 위협적인 언동을 보이는 등 수사 기록 쪽 참조 범행 이후의 정 (35)황도 좋지 않은 점 이 사건 범행으로 말미암아 결국 노래방 접대부 단속에 관한 경찰관의 직무집행이 제대로 이루어지지 못한 점 등의 사정을 고려하여 이 사건 약식명령의 피고인들에 대한 벌금을 감액하지 아니한다."
304394,판례내용,23,사 김○.
