판례일련번호,구분,문장번호,내용
179911,판례내용,1,【피 고 인】
179911,판례내용,2,【항 소 인】 검사
179911,판례내용,3,"【검    사】 장○(기소), 유○(공판)"
179911,판례내용,4,【원심판결】 부산지방법원 2013.10.10.
179911,판례내용,5,선고 2013고단2005 판결
179911,판례내용,6,【주    문】
179911,판례내용,7,검사의 항소를 기각한다.
179911,판례내용,8,【이    유】1.항소이유의 요지
179911,판례내용,9,"공동피고인 1, 공동피고인 2, 공동피고인 3이 금전 대여 당시 보증금 내지 투자금 형식으로 대여금액에서 공제한  17%의 금액은 이자에 해당하므로, 공동피고인 1 등이 대통령령이 정한 이자율을 초과하여 채무자들에게 대부를 한 사실을 인정할 수 있고, 따라서 피고인이 공동피고인 3에 대한 공소사실을 방조하였음을 충분히 인정할 수 있음에도, 공동피고인 1 등이 공제한 보증금 내지 투자금이 이자에 해당하지 않는다는 이유로 무죄를 선고한 원심판결에는 사실을 오인하거나 법리를 오해하여 판결에 영향을 미친 위법이 있다."
179911,판례내용,10,2.판단
179911,판례내용,11,"원심은, 공동피고인 1, 공동피고인 2, 공동피고인 3이 대부시 보증금 내지 투자금 형식으로 명목상 대여금액에서 17% 상당비율을 공제한 나머지 금액에 대하여만 채무자들에게 지급한 사실은 인정되나, 위 17% 상당의 돈은 채무자들이 원금 내지 원리금을 상환하는 경우 이를 반환하기로 약정하였던 점, 일부 채무자들에 대하여는 위 약정에 따라 17% 상당의 돈이 반환된 것으로 보이는 점 등에 비추어 보면, 위 보증금 내지 투자금 형식의 돈은 대부업자가 받은 이자로는 보기 어렵고, 피고인의 경우도 공동피고인 3에 대한 공소사실을 방조하였다고 인정할 만한 증거가 없다고 판단하였다."
179911,판례내용,12,"이에 대해 검사는 대부업 등의 등록 및 금융이용자보호에 관한 법률 제8조 제2항에서 ‘제1항에 따른 이자율을 산정할 때 사례금, 할인금, 수수료, 공제금, 연체이자, 체당금 등 그 명칭이 무엇이든 대부와 관련하여 대부업자가 받는 것은 모두 이자로 본다’라고 규정하고 있으므로, 공동피고인 1 등이 받은 보증금 내지 투자금 형식의 돈도 이자로 보아야 한다고 주장한다.그러나 이 규정의 취지는 대부업자가 받아 그 소유로 하는 돈, 즉 돌려주지 않는 돈을 그 명칭이 무엇이든 이자로 본다는 취지이지, 돌려주기로 한 돈까지 이자로 본다는 취지는 아니다.원심이 판시한 바와 같이 17% 상당의 보증금 내지 투자금은 채무자들이 원금 내지 원리금을 상환하는 경우 이를 반환하기로 약정하였던 점, 일부 채무자들에 대하여는 위 약정에 따라 17% 상당의 돈이 반환된 것으로 보이는 점 등에 더하여, 채무자들로서는 원금 내지 원리금 반환시 위 약정을 근거로 보증금 내지 투자금 상당액을 공제한 잔액을 반환할 수 있는 점 등을 종합하면, 피고인들이 공제한 17% 상당의 보증금 내지 투자금 형식의 돈이 대부업자가 받은 이자라고 인정하기 부족하고, 달리 이를 인정할 만한 증거가 없다."
179911,판례내용,13,이렇게 보면 실제 대여 원금을 17%가 공제된 돈으로 보아도 제한이율을 초과하지 않는다.
179911,판례내용,14,"따라서, 같은 취지에서 피고인에게 무죄를 선고한 원심은 정당하고, 거기에 검사가 주장하는 바와 같은 사실오인 또는 법리오해의 위법은 없다."
179911,판례내용,15,3.결론
179911,판례내용,16,"검사의 항소는 이유 없으므로 형사소송법 제364조 제4항에 의하여 이를 모두 기각하기로 하여, 주문과 같이 판결한다."
179911,판례내용,17,판사 최○(재판장)송○ 장○
