판례일련번호,구분,문장번호,내용
306680,판례내용,1,울 산 지 방 법 원
306680,판례내용,2,판 결
306680,판례내용,3,"사 건 2013고단512, 2730(병합)절도, 횡령"
306680,판례내용,4,피 고 인 A
306680,판례내용,5,"검 사 변○, 공○(기소), 허○(공판)"
306680,판례내용,6,변 호 인 법무법인 한신 담당변호사 정○
306680,판례내용,7,판 결 선 고 2013.8.23.
306680,판례내용,8,주 문
306680,판례내용,9,피고인을 징역 8월에 처한다.
306680,판례내용,10,이 유
306680,판례내용,11,범죄사실
306680,판례내용,12,[2013고단2730]
306680,판례내용,13,"피고인은 2011.11.29.경 대구 남구에 있는 B자동차 대구전시장에서 00-0000호 B승용차(모델명 C200CGI) 시가 약 5,270만 원 상당에 대해 C캐피탈 주식회사에 소유권을 유보한 후 월 리스료 약 1,451,600원을 36개월간 지급하는 조건으로 자동차리스계약을 체결하여 위 차를 운행하면서 위 C캐피탈 주식회사를 위하여 이를 보관하던 중,2012.11.8.경 부산 연제구 연산동 교보문고 앞길에서 D으로부터 1,260만 원을 차용하면서 위 차를 임의로 담보 명목으로 교부하였다."
306680,판례내용,14,그리하여 피고인은 피해자 C캐피탈 주식회사 소유의 재물을 횡령하였다.
306680,판례내용,15,[2013고단512]
306680,판례내용,16,피고인은 2012.11.8.
306680,판례내용,17,"위와 같이 피해자 D으로부터 1,260만 원을 차용하면서 C캐피탈 주식회사 소유의 00-0000호 B 차량을 담보로 제공하고, 피해자에게 차량 스마트키2개 중 1개만 교부하였다."
306680,판례내용,18,피고인은 2012.11.11.
306680,판례내용,19,"친구인 E으로부터 위 B 차량의 위치를 들어 알게 되자, 피고인이 가지고 있는 나머지 스마트키 1개를 이용하여 차량을 되찾아 절취할 것을 마음먹었다."
306680,판례내용,20,피고인은 2012.11.12.
306680,판례내용,21,"08:10경 양산시 물금읍에 있는 범어주공1차아파트 주차장에F이 운전하는 00-0000호 K5 승용차를 타고 가, 피고인이 가지고 있는 스마트키를 이용하여 그 곳 주차장에 주차되어 있는 시가 4,500만원 상당의 00-0000호 B 차량의 차문을 열고 운전석에 들어간 다음 시동을 걸어 운전하여 가 이를 절취하였다."
306680,판례내용,22,증거의요지
306680,판례내용,23,[2013고단2730]
306680,판례내용,24,1.피고인의 법정진술
306680,판례내용,25,"1.D에 대한 제1회, 제2회 경찰 진술조서"
306680,판례내용,26,[2013고단512]
306680,판례내용,27,1.피고인의 법정진술(제6회 기일)
306680,판례내용,28,1.G에 대한 경찰 진술조서
306680,판례내용,29,"1.수입차 운용 리스계약서, 리스약관, 자동차등록증"
306680,판례내용,30,법령의적용
306680,판례내용,31,1.범죄사실에 대한 해당법조
306680,판례내용,32,"형법 제329조(절도의 점), 제355조 제1항(횡령의 점)"
306680,판례내용,33,1.형의 선택
306680,판례내용,34,각 징역형 선택
306680,판례내용,35,1.경합범가중
306680,판례내용,36,"형법 제37조 전단, 제38조 제1항 제2호, 제50조"
306680,판례내용,37,양형이유
306680,판례내용,38,피고인이 이와 같은 두 건의 범행을 저지르고도 아직까지 피해자들에게 전혀 피해를 회복해주지 못하였으므로 실형의 선고를 피하기는 어렵다.
306680,판례내용,39,"그렇지만, 이 사건 범행들은"
306680,판례내용,40,"모두 한 대의 B 차량으로 범해진 것인데, 이로 인한 C캐피탈 주식회사의 손해 원금은 3,600만 원(차량가격 5,270만 원 - 납부 리스료 15,812,263원) 가량이고, 피해자 D의 손해액은 2,320만 원(최초 대여금 1,260만 원 + 차량 회수를 위하여 SK 오토론에 지급 한 1,060만 원)가량이지만, 시가 4,500만 원 가량의 위 B 차량을 두 피해자 중 한 명 이 보유하게 될 것이므로 이를 감안할 때 이 사건 피해액이 과다하다고 보기는 어렵다 는 점 및 피고인에게는 동종 범죄 전력이 없는 점 등을 고려하면, 피고인에 대한 형은 주문과 같이 정함이 상당하다."
306680,판례내용,41,판사 이○ _________________________
