판례일련번호,구분,문장번호,내용
306605,판례내용,1,울산지방법원 판결
306605,판례내용,2,사건
306605,판례내용,3,"2013고단1661·1784(병합)특정범죄자에대한보호관찰및전자장치부착등에관한법률위반, 상해"
306605,판례내용,4,피고인
306605,판례내용,5,A
306605,판례내용,6,검사
306605,판례내용,7,"변○(기소), 이○(공판)"
306605,판례내용,8,변호인
306605,판례내용,9,변호사 박○(국선)
306605,판례내용,10,판결 선고
306605,판례내용,11,2013.5.16.
306605,판례내용,12,주문
306605,판례내용,13,피고인을 징역 8월에 처한다.
306605,판례내용,14,이유
306605,판례내용,15,범죄사실
306605,판례내용,16,[2013고단1661]
306605,판례내용,17,범죄전력
306605,판례내용,18,피고인은 2010.10.21.
306605,판례내용,19,부산고등법원에서 성폭력범죄처벌 등에 관한 특례법위반(13세미만미성년자강간등)죄 등으로 징역 2년 6월을 선고받아 2012.11.29.
306605,판례내용,20,경북북부제1교도소에서 그 형의 집행을 종료하였다.
306605,판례내용,21,범죄사실
306605,판례내용,22,피고인은 2010.8.20.
306605,판례내용,23,울산지방법원에서 성폭력범죄처벌 등에 관한 특례법위반(13세미만미성년자강간등)죄로 6년간 위치추적 전자장치 부착명령을 받아 2013.2.18.부터 위치추적 전자장치를 부착하여 위치추적 전자장치의 부착기간 중에 있었다.
306605,판례내용,24,"전자장치가 부착된 자는 전자장치의 부착기간 중 전자장치를 신체에서 임의로 분리·손상, 전파 방해 또는 수신자료의 변조, 그 밖의 방법으로 그 효용을 해하여서는 아니 된다."
306605,판례내용,25,"그럼에도 불구하고, 피고인은 2013.2.19."
306605,판례내용,26,06:33~09:39경 울산 남구에서 위치추적 전자장치의 전원을 충전하지 아니함으로써 전원이 꺼지도록 하여 피고인의 위치를 추적할 수 없도록 하여 그 효용을 해한 것을 비롯하여 그 무렵부터 2013.4.1.까지 별지 범죄일람표에 기재된 바와 같이 16회에 걸쳐 위치추적 전자장치의 효용을 해하였다.
306605,판례내용,27,[2013고단1784]
306605,판례내용,28,피고인은 2013.3.27.
306605,판례내용,29,"23:30경 양산시 북부동에 있는 피해자 B(남, 44세) 가 경영하는 C센타 내에서, 피고인이 피해자의 허락도 받지 아니하고 위 가게에 들어와 각설이 차림으로 손님들에게 술을 구걸하는 것에 대하여 피해자가 이를 만류하면서 피고인을 업소 밖으로 나가라고 하자 이에 화가 나 각설이 공연을 위하여 소지하고 있던 밀대자루로 피해자의 왼쪽 손등을 2회 때리고, 머리로 얼굴을 들이받았으며 양손으로 피해자의 멱살을 잡아 흔들어 피해자에게 치료일수를 알 수 없는 왼쪽 손등의 찰과상을 가하였다."
306605,판례내용,30,증거의 요지
306605,판례내용,31,1.피고인의 법정진술
306605,판례내용,32,"1.D, B, E에 대한 각 경찰진술조서"
306605,판례내용,33,1.위치추적 위험경보등 처리대장
306605,판례내용,34,"1.판시 전과 : 범죄경력조회, 수사보고(형기종료확인)"
306605,판례내용,35,법령의 적용
306605,판례내용,36,1.범죄사실에 대한 해당법조
306605,판례내용,37,"각 특정 범죄자에 대한 보호관찰 및 전자장치부착 등에 관한 법률 제38조, 제14조(각 전자장치의 효용을 해한 점), 형법 제257조 제1항(상해의 점), 각 징역형 선택"
306605,판례내용,38,1.누범가중
306605,판례내용,39,형법 제35조
306605,판례내용,40,1.경합범가중
306605,판례내용,41,"형법 제37조 전단, 제38조 제1항 제2호, 제50조"
306605,판례내용,42,이○의 이유로 주문과 같이 판결한다.
306605,판례내용,43,판사 오○ _________________________
306605,판례내용,44,- 별지 생략 -
