판례일련번호,구분,문장번호,내용
240407,판시사항,1,일정기간을 동행한 사실만으로 유기죄의 주체가 될 수 있는지 여부
240407,판결요지,2,현행 형법은 유기죄에 있어서 구법과는 달리 보호법익의 범위를 넓힌 반면에 보호책임없는 자의 유기죄는 없애고 법률상 또는 계약상의 의무있는 자만을 유기죄의 주체로 규정하고 있어 명문상 사회상규상의 보호책임을 관념할 수 없다고 하겠으니 유기죄의 죄책을 인정하려면 보호책임이 있게 된 경위 사정관계등을 설시하여 구성요건이 요구하는 법률상 또는 계약상보호의무를 밝혀야 하고 설혹 동행자가 구조를 요하게 되었다 하여도 일정거리를 동행한 사실만으로서는 피고인에게 법률상 계약상의 보호의무가 있다고 할 수 없으니 유기죄의 주체가 될 수 없다.
240407,참조조문,3,"형법 제271조, 제275조"
240407,판례내용,4,"【피고인, 상고인】 A"
240407,판례내용,5,【변 호 인】   (국선)변호사 B
240407,판례내용,6,【원 판 결】 서울고등법원 1976.9.14.
240407,판례내용,7,선고 76노1045 판결
240407,판례내용,8,【주    문】
240407,판례내용,9,"원판결을 파기하고, 사건을 서울고등법원에 환송한다."
240407,판례내용,10,【이    유】  피고인과 변호인의 상고이유를 판단한다.
240407,판례내용,11,"원판결에 따르면 원심은 피고인은 1976.1.26.16:00경 피해자 C(41세)와 함께 마차4리를 향하여 가던중 술에 취하였던 탓으로 도로 위에서 실족하여 2미터 아래 개울로 미끄러 떨어져 약 5시간 가량 잠을 자다가 술과 잠에서 깨어난 피고인과 피해자는 도로 위로 올라가려 하였으나 야간이므로 도로로 올라가는 길을 발견치 못하여 개울 아래위로 헤매든 중 피해자는 후두부 타박상을 입어서 정상적으로 움직이기가 어렵게 되었고 피고인은 도로로 나오는 길을 발견 혼자 도로 위로 올라왔으며 당시는 영하 15도의 추운 날씨이고 40미터 떨어진 곳에 민가가 있었으니 이러한 경우 피고인으로서는 인접한 민가에 가서 피해자의 구조를 요청하던가 또는 스스로 피해자를 데리고 올라와서 병원으로 대려가 의사로 하여금 치료케하는 등 긴급히 구조조치를 취하여야 할 사회상규상의 의무가 있음에도 불구하고 그대로 방치 유치하므로서 약 4, 5시간후 심장마비로 사망케한 것이다 라고 하여 피고인을 설시형으로 처벌하였다."
240407,판례내용,12,"현행형법은 유기죄에 있어서 구법과는 달리 보호법익의 범위를 넓힌 반면에 보호책임없는 자의 유기죄는 없애고 법률상 또는 계약상의 의무있는 자만을 유기죄의 주체로 규정하고 있으니 명문상 사회상규상의 보호책임을 관념할 수 없다고 하겠으며 유기죄의 죄책을 인정하려면 보호책임이 있게된 경위, 사정 관계등을 설시하여 구성요건이 요구하는 법률상 또는 계약상 보호의무를 밝혀야 될 것이다.본건에 있어서 원판결이 설시 한대로 피고인과 피해자가 특정지점에서 특정지점까지 가기 위하여 길을 같이 걸어간 관계가 있다는 사실만으로서는 피고인에게 설혹 동행자가 구조를 요하게 되었다 하여도 보호할 법률상 계약상의 의무가 있다고 할 수 없으니 밑도 끝도 없이 일정거리를 동행한 사실만으로 유기죄의 주체로 인정한 원판결은 본죄의 보호책임의 법리를 오해한 위법이 있다고 하겠다.그리고 또 피고인 은 원심의 공판정에서 피고인이 유기하였다는 시각에는 술에 취하여 아무것도 알 수 없었으니 남을 구조할 여유가 없다는 취지로 변소하고 있음이 기록상 인정될 수 있고 사실이 인정된다면 본죄의 성립을 조각할 이유가 된다고 하리니 이점을 심고도 한바 없이 그 진술에 대한 판단도 아니 밝힌 원판결은 또 하나의 위법을 더하였다고 하겠다."
240407,판례내용,13,논지는 결국 이유있음에 돌아가고 원판결은 파기를 못면한다.
240407,판례내용,14,원심으로 하여금 더 심리하여 다시 판단케하기 위하여 환송하기로 하여 주문과 같이 판결한다.
240407,판례내용,15,대법관 김○(재판장)이○ 민○ 김○
