판례일련번호,구분,문장번호,내용
306200,판례내용,1,수원지방법원 제15형사부 판결
306200,판례내용,2,사건 2013고합845 현주건조물방화미수
306200,판례내용,3,"피고인 박○○○ (52년생, 남), 무직"
306200,판례내용,4,주거 성남시 중원구
306200,판례내용,5,등록기준지 청주시
306200,판례내용,6,"검사 박○(기소), 민○(공판)"
306200,판례내용,7,변호인 변호사 왕호습(국선)
306200,판례내용,8,판결 선고 2014.3.13.
306200,판례내용,9,주문
306200,판례내용,10,피고인을 징역 1년 6월에 처한다.
306200,판례내용,11,"다만, 이 판결 확정일부터 2년간 위 형의 집행을 유예한다."
306200,판례내용,12,이유
306200,판례내용,13,범죄사실
306200,판례내용,14,피고인은 성남시 중원구에 있는 피해자 이☉☉ 운영의 ☐☐☆☆여관 206호에 장기투숙하며 숙박비를 약 1년간 연체해 왔다.
306200,판례내용,15,"피고인은, 자신이 위 206호에서 취사하는 것을 알게 된 피해자로부터 방을 비워달라는 요구를 받자 앙심을 품고, 2013.10.29."
306200,판례내용,16,"06:00경 및 07:40경 위 206호 안에서 일회용 라이터를 이용하여 침대 위 잡동사니 등에 불을 붙이는 방법으로 2회에 걸쳐 현주건조물인 위 여관을 소훼하려 하였으나, 연기가 발생하는 것을 보고 달려온 피해자의 진화로 미수에 그쳤다."
306200,판례내용,17,증거의 요지
306200,판례내용,18,1.피고인의 법정진술
306200,판례내용,19,1.이☉☉에 대한 검찰 진술조서
306200,판례내용,20,1.사건 현장 감식기록
306200,판례내용,21,1.수사보고서(추송서류 첨부보고)
306200,판례내용,22,법령의 적용
306200,판례내용,23,1.범죄사실에 대한 해당법조 및 형의 선택
306200,판례내용,24,"형법 제174조, 제164조 제1항(유기징역형 선택)"
306200,판례내용,25,1.작량감경
306200,판례내용,26,"형법 제53조, 제55조 제1항 제3호"
306200,판례내용,27,1.집행유예
306200,판례내용,28,형법 제62조 제1항
306200,판례내용,29,양형의 이유
306200,판례내용,30,"이 사건 범행은 피고인이 자신이 수년간 거주해 오던 여관의 객실에서 취사금지를 요구받은 데 불만을 품고 위 객실을 태우려다 미수에 그친 사안으로 일반인의 생명과 신체, 재산에 심각한 피해를 가져올 수 있는 위험을 초래한 점, 피해자가 진화를 한 이후에도 재차 불을 지른데다 수사기관에서 정황상 수긍하기 어려운 변명으로 범행을 부인한 점 등에 비추어 결코 죄질이 가볍다고 볼 수만은 없으므로, 피고인에게 그에 상응하는 책임을 물을 수밖에 없다."
306200,판례내용,31,"다만, 피고인은 이 법정에서 자백하고 잘못을 뉘우치고 있으며 동종 전과 및 중한 처벌 전력이 없는 점, 다행히 피해자가 연기를 발견하고 진화하여 범행 자체가 미수에 그쳤고 재산상 피해 규모가 비교적 경미한 점, 피해자도 피고인의 처벌을 적극적으로 원하고 있지는 않은 점, 그 밖에 피고인의 연령, 성행, 환경, 범행의 동기, 수단과 결과, 범행 후의 정황 등 변론에 나타난 양형요소를 두루 참작하고 배심원들의 의견을 최대한 고려하여 주문과 같이 형을 정한다."
306200,판례내용,32,배심원 평결 및 양형 의견
306200,판례내용,33,1.유․무죄 여부
306200,판례내용,34,유죄 : 7명
306200,판례내용,35,무죄 : 0명
306200,판례내용,36,2.양형 의견
306200,판례내용,37,징역 1년 6월 : 1명
306200,판례내용,38,"징역 1년 6월, 집행유예 3년 : 2명"
306200,판례내용,39,"징역 1년 6월, 집행유예 2년 : 1명"
306200,판례내용,40,"징역 1년, 집행유예 2년 : 2명"
306200,판례내용,41,"징역 10월, 집행유예 2년 : 1명"
306200,판례내용,42,이○의 이유로 주문과 같이 판결한다.
306200,판례내용,43,재판장 판사 이○ _________________________
306200,판례내용,44,판사 김○ _________________________
306200,판례내용,45,판사 이○ _________________________
