판례일련번호,구분,문장번호,내용
305692,판례내용,1,서울서부지방법원
305692,판례내용,2,판결
305692,판례내용,3,사건 2017고정779 도박
305692,판례내용,4,"피고인 1.조○○ (560411-1), 무직"
305692,판례내용,5,주거 서울 용산구
305692,판례내용,6,등록기준지 서울 강남구
305692,판례내용,7,"2.박○○○ (560607-1), 무직"
305692,판례내용,8,주거 서울 용산구
305692,판례내용,9,등록기준지 전남 진도군
305692,판례내용,10,"3.김○○○ (581105-1), 일용직 근로자"
305692,판례내용,11,주거 서울 용산구
305692,판례내용,12,등록기준지 태백시
305692,판례내용,13,"검사 이○(기소), 여○(공판)"
305692,판례내용,14,판결 선고 2017.8.17.
305692,판례내용,15,주문
305692,판례내용,16,피고인들은 각 무죄.
305692,판례내용,17,이유
305692,판례내용,18,1.공소사실의 요지
305692,판례내용,19,피고인들은 2017.3.23.
305692,판례내용,20,"16:00경부터 같은 날 16:30경까지 서울 용산구에서 동네 지인인 배○○○과 함께 화투 20장을 사용하여 기본금 100원씩을 걸고 2장씩 패를 나눠 가진 후 소지한 패에 따라 추가로 돈을 더 걸고 미리 정해진 규칙(이른바 ‘족보’)에 따라 높은 패를 가진 사람이 승리하는 방식으로 10회에 걸쳐 도금 합계 27,500원 상당의 ‘섯다’라는 도박을 하였다."
305692,판례내용,21,2.판단
305692,판례내용,22,"가.도박죄에 있어서의 위법성의 한계는 도박의 시간과 장소, 도박자의 사회적 지위 및 재산 정도, 재물의 근소성, 그 밖에 도박에 이르게 된 경위 등 모든 사정을 참조하여 구체적으로 판단하여야 할 것이다(대법원 1985.11.12."
305692,판례내용,23,선고 85도2096 판결 참조).
305692,판례내용,24,"나.이 법원이 적법하게 채택하여 조사한 증거에 의하여 인정되는 다음과 같은 사정, 즉"
305692,판례내용,25,"① 피고인들은 예전부터 알고 지내던 사이로 피고인 박○, 김○○○과 배○○이 피고인 조○○의 집에 놀러와 술을 마시다가 재미로 이 사건 도박을 하게 된 것인 점,"
305692,판례내용,26,"② 피고인 조○○○, 박○○○이 기초생활수급자이고, 피고인 김○○○이 일용직 노동자이기는 하나, 적발 당시 피고인들이 소지하고 있던 금액이 각 7,000원, 3,500원, 3,600원으로 소액이고, 피고인들과 같이 도박○을 하였던 배○○○이 소지하고 있던 금액도 13,400원으로 소액인 점(이 법정에서 피고인 조○○○은 한 달에 기초생활수급비 56만 원 정도를, 피고인 박○○○은 기초생활수급비 60 몇만 원을 지급받는다고 진술하였고, 피고인 김○○○은 한 달에 방세를 제외하고 40 ~ 50만 원 정도의 돈을 생활비로 사용한다고 진술하였다),"
305692,판례내용,27,"③ 피고인 박○○○과 배○○○은 도박○죄로 처벌받은 전력이 없고, 피고인 조○○, 김○○○○○은 도박○ 전력이 있기는 하나 1회의 기소유예(피고인 조○○) 또는 2회의 벌금(피고인 김○○○○○) 전력에 불과하며, 특히 피고인 김○○○○○의 경우 2회의 벌금 전과 중 1회는 25년 전인 1992년의 것인 점 등을 종합하여 보면, 피고인들이 위 공소사실 기재와 같이 도박○을 한 행위는 일시오락에 불과하다고 봄이 상당하다."
305692,판례내용,28,3.결론
305692,판례내용,29,"그렇다면, 위 공소사실은 형법 제246조 제1항 단서에 따라 위법성이 조각되어 범죄로 되지 아니하는 경우에 해당하므로 형사소송법 제325조 전단에 따라 피고인들에 대해 무죄를 선고하고, 피고인들이 출석하지 아니하여 그 동의를 받을 수 없으므로 형법 제58조 제2항 단서에 따라 무죄판결공시의 취지를 선고하지 아니한다."
305692,판례내용,30,판사 강○ _________________________
