판례일련번호,구분,문장번호,내용
305778,판례내용,1,서울중앙지방법원
305778,판례내용,2,판 결
305778,판례내용,3,사 건 2015고정2313 교통사고처리특례법위반
305778,판례내용,4,"피 고 인 A, 일용직"
305778,판례내용,5,주거
305778,판례내용,6,등록기준지
305778,판례내용,7,"검 사 ○○○(기소), ○○○(공판)"
305778,판례내용,8,변 호 인 변호사 ○○○(국선)
305778,판례내용,9,판 결 선 고 2015.10.20.
305778,판례내용,10,주 문
305778,판례내용,11,피고인은 무죄.
305778,판례내용,12,이 유
305778,판례내용,13,공소사실
305778,판례내용,14,피고인은 서울○○○○○○○호 ○○110○ 원동기장치자전거를 운전하는 업무에 종사하고 있다.
305778,판례내용,15,피고인은 2015.2.13.
305778,판례내용,16,14:10경 위 원동기장치자전거를 운전하여 서울 서초구 서초 중앙로 ○○에 있는 ○ 빌딩 앞 도로를 남부터미널사거리 쪽에서 교대사거리 쪽으로 편도 4차로 중 4차로를 따라 진행 중이었다.
305778,판례내용,17,"모든 차의 운전자는 전후좌우를 잘 살피는 한편 차의 조향장치와 제동장치, 그 밖의 장치를 정확하게 조작하여야 하며 도로의 교통상황과 차의 구조 및 성능에 따라 다른 사람에게 위험과 장애를 주는 속도나 방법으로 운전하여서는 아니된다."
305778,판례내용,18,그럼에도 불구하고 피고인은 전방주시를 게을리 한 과실로 도로를 무단횡단하여 정체된 차량사이에서 나오는 피해자 B를 발견하지 못하고 피고인이 운전하는 위 원동기장치자전거로 들이받아 피해자에게 약 5주간 치료를 요하는 폐쇄성 머리뼈 골절 등의 상해를 입게 하였다.
305778,판례내용,19,판단
305778,판례내용,20,이 사건 기록(특히 CCTV 비디오 영상)에 의하면 다음과 같은 사실이 인정된다.
305778,판례내용,21,가.피고인은 공소사실 기재와 같이 남부터미널 사거리 쪽에서 교대역 사거리 쪽 편도 4차로 중 4차로를 따라 원동기장치 자전거를 운전하고 있었다.
305778,판례내용,22,"나.당시 피고인이 주행하고 있던 차로 방향 중 2, 3차로에는 정체된 차량들이 있었고, 4차로는 비어 있는 상황이어서 피고인은 4차로를 제한속도 이하의 속도로 주행하고 있었다."
305778,판례내용,23,"다.피해자는 31세의 남성으로서, 피고인이 주행하던 차로 반대편 인도에서부터 왕복 7차선의 대로를 빠른 속도로 무단으로 횡단한 뒤 위 2, 3차로에 정체되어 있던 차량들 사이에서 달려 나와 피고인이 운전하고 있던 원동기장치 자전거의 뒤쪽 측면 부분을 강하게 충돌하였다."
305778,판례내용,24,"라.그로 인하여 피해자는 공소사실 기재와 같은 상해를 입었고, 피고인도 원동기장치 자전거와 함께 넘어져 부상을 입었다."
305778,판례내용,25,"원동기장치 자전거를 운행하는 피고인으로서는, 공소사실 기재와 같이 전후좌우를 잘 살피는 한편 차의 조향장치와 제동장치, 그 밖의 장치를 정확하게 조작하여야 하며 도로의 교통상황과 차의 구조 및 성능에 따라 다른 사람에게 위험과 장애를 주는 속도나 방법으로 운전하지 아니할 주의의무가 있다고 할 것이다."
305778,판례내용,26,"그러나 피해자가 반대편 인도에서부터 왕복 7차로의 대로를 빠른 속도로 무단 횡단한 뒤 피고인이 주행하던 방향의 2, 3차로에 정체되어 있던 차량들 사이에서 달려나온 직후 피고인의 원동기장치 자전거의 뒤쪽 측면 부분을 강하게 충돌한 이 사건에서, 검사가 제출한 증거들만으로는 피고인이 위와 같은 주의의무를 게을리하였다고 인정할 수 없고, 달리 이를 인정할 증거가 없다."
305778,판례내용,27,"오히려 CCTV 동영상에 의하면, 피해자가 피고인 운전의 원동기장치 자전거의 뒤쪽 측면을 강하게 몸으로 들이받았는바, 피고인으로서는 도저히 위와 같은 사고를 회피할 수 없었을 것으로 보인다."
305778,판례내용,28,"그렇다면 이 사건 공소사실은 범죄사실의 증명이 없는 경우에 해당하므로, 형사소송법 제325조 후단에 따라 무죄를 선고한다."
305778,판례내용,29,판사 김○ _________________________
