판례일련번호,구분,문장번호,내용
306351,판례내용,1,수원지방법원 제11형사부 판결
306351,판례내용,2,사건 2018고합583 폭행치사
306351,판례내용,3,"피고인 최○○○ (69년생, 남), 은행원"
306351,판례내용,4,주거 화성시
306351,판례내용,5,등록기준지 경기 화성군
306351,판례내용,6,"검사 김○(기소), 이○(공판)"
306351,판례내용,7,변호인 법무법인
306351,판례내용,8,담당변호사
306351,판례내용,9,판결 선고 2019.2.15.
306351,판례내용,10,주문 피고인을 징역 2년에 처한다.
306351,판례내용,11,이유 범죄사실
306351,판례내용,12,"피고인은 Ａ의 총무과장으로 인사담당자이고, 피해자 정○○○(50세)은 Ａ Ｂ마트의 점장으로 피고인과 피해자는 약 20년간 Ａ에서 같이 근무하면서 가깝게 지내왔다."
306351,판례내용,13,피고인은 2018.9.19.
306351,판례내용,14,22:18경 화성시에 있는 ‘Ａ Ｂ마트’ 주차장에서 술을 마시고 자신을 찾아온 피해자가 원하지 않는 지점으로 인사발령을 낸 것에 대해 항의하며 발로 피고인의 다리를 차고 손으로 뺨을 때리는 등 폭행하자 이에 화가 나 손으로 피해자의 뺨을 2회 때려 피해자가 뒤로 넘어지면서 뒷머리를 바닥에 부딪히게 하였다.
306351,판례내용,15,"피고인은 위와 같이 피해자를 폭행하여 피해자로 하여금 같은 날 외상성 경막하 출혈, 외상성 뇌지주막하출혈, 두개골 골절의 상해를 입고 의식불명 상태에 빠지도록 하고, 결국 피해자로 하여금 2018.10.8."
306351,판례내용,16,13:16경 안산시에 있는 Ｄ대학교 Ｃ병원에서 뇌연수마비 등으로 사망에 이르게 하였다.
306351,판례내용,17,법령의 적용
306351,판례내용,18,"1.범죄사실에 대한 해당법조 형법 제262조, 제259조 제1항"
306351,판례내용,19,"1.작량감경 형법 제53조, 제55조 제1항 제3호(아래 양형의 이유 중 유리한 정상 참작)"
306351,판례내용,20,양형의 이유
306351,판례내용,21,1.처단형의 범위: 징역 1년 6월 ~ 15년
306351,판례내용,22,2.양형기준에 따른 권고형의 범위
306351,판례내용,23,[권고형의 범위] 폭행범죄 > 제3유형(사망의 결과가 발생한 경우)> 감경영역(징역 1년 6월 ~ 3년)
306351,판례내용,24,[특별감경인자] 피해자에게도 범행의 발생 또는 피해의 확대에 상당한 책임이 있는 경우
306351,판례내용,25,3.선고형의 결정
306351,판례내용,26,"이 사건 범행은 피고인이 피해자를 폭행하여 사망에 이르게 한 것으로, 피고인의 범행으로 인하여 피해자가 사망하는 돌이킬 수 없는 결과가 야기되었고, 피해자의 유족들은 피고인의 엄벌을 탄원하고 있다."
306351,판례내용,27,"다만, 피고인은 음주운전으로 인하여 3회의 벌금형 처벌을 받은 외에 달리 형사처벌 받은 전력이 없고, 수사기관 이래 이 법정에 이르기까지 일관하여 이 사건 범행을 인정하며 자신의 범행을 뉘우치고 반성하는 태도를 보이고 있다."
306351,판례내용,28,피고인은 피해자가 당시 술에 취하여 인사발령에 불만을 표시하면서 피고인에 대하여 욕설과 폭력을 반복하여 행사하는 것에 격분하여 우발적으로 이 사건 범행을 저지르게 된 것으로 보여 그 범행 경위에 다소나마 참작할 사정도 있다.
306351,판례내용,29,"위와 같은 불리한 정상 및 유리한 정상과 그 밖에 피고인의 나이, 성행, 환경 기타 이 사건 공판과정에 나타난 여러 양형 조건들을 고려하여, 주문과 같이 형을 정한다."
306351,판례내용,30,재판장 판사 이○ _________________________
306351,판례내용,31,판사 김○ _________________________
306351,판례내용,32,판사 신○ _________________________
