판례일련번호,구분,문장번호,내용
304466,판례내용,1,부산지방법원
304466,판례내용,2,제1형사부
304466,판례내용,3,판결
304466,판례내용,4,사 건 2009노4559 강제집행면탈
304466,판례내용,5,"피 고 인 김A (59년생, 남)"
304466,판례내용,6,항 소 인 피고인
304466,판례내용,7,검 사 최미화
304466,판례내용,8,원 심 판 결 부산지방법원 동부지원 2009.11.26.
304466,판례내용,9,선고 2009고단1207 판결
304466,판례내용,10,판 결 선 고 2010.5.28.
304466,판례내용,11,주문
304466,판례내용,12,피고인의 항소를 기각한다.
304466,판례내용,13,이유
304466,판례내용,14,항소이유의 요지
304466,판례내용,15,"1.피고인은 전별금 제도가 폐지되어 전별금을 징수하지 않고 있으므로 이 등에는 전별금 채권이 없고 이 등이 압류한 예금계좌 이하 이 사건 예금계좌라고, C1 ① 게는 전별금이 아닌 대출금이 입금되는 계좌이므로 강제집행을 할 수 없는 계좌이며 대출금 채권을 가진 사람들에게 대출금을 지급하기 위해 예금을 인출한 것이므로, ③ 로 강제집행을 면탈할 목적이 없었는데도 원심이 이를 간과함으로써 사실을 오인하거나 강제집행 면탈에 관한 법리를 오해하여 판결에 영향을 미친 위법이 있다고 주장한다."
304466,판례내용,16,판단
304466,판례내용,17,"2.원심이 적법하게 채택하여 조사한 증거들 및 당심 증인 김○ 진술을 종합하면 인정되는 다음과 같은 사정 즉 이 등은 경부터 경 사이에 모, C1 2007.12.5."
304466,판례내용,18,2008.1.10.
304466,판례내용,19,"두 운수주식회사에서 해고된 점 운수주식회사의 조합의 운영위원회에서 총회를 개최하여 전체 조합원의 의사를 묻는 과정을 거치지 아니하고 전별금 납입을 중단하고 전별금 지급을 유보하는 결정을 내린 점 전별금 지급을,"
304466,판례내용,20,2008.1.5.
304466,판례내용,21,"6개월간 동결하고 바로 지급을 원하는 조합원에 대하여는 원금의 25% 만을 지급하는 결정을 내린 점 전별금 제도를 폐지한 점, 2008.1.23."
304466,판례내용,22,"는 전별금을 기초자금으로 하여 대출금 사업을 시작한 점 피고인은 이 사건 예금계좌를 대출금을 관리하는 예금계좌로 사용한 점 이 등이 피고인을 상대로, 2009.2.4."
304466,판례내용,23,"C1 로 전별금의 지급을 청구한 각 민사소송에서 전별금 지급 제한 등에 관한 의결의 소급효를 인정할 수 없다는 이유로 피고인이 패소한 점 이 등은 판결에 의하여 피고인에게 전별금 지급을 요청하였지만 피고인은 지급을 거절하였고 이 등은, C1 2009.3.이 사건 예금계좌에 대하여 압류 추심명령을 받은 점 등에 비추어 보면 피고인이 원심 판시 기재와 같이 이 등의 강제집행을 면탈할 목적으로 이 사건 예금계좌에서 C1 원을 수표로 출금하여 사무실에 보관한 사실을 충분히 인정할 수 있고 강제 집행 면탈죄에 있어서 재산이라 함은 채무자의 재산적 가치가 있는 모든 재산을 의미하는 것이지 강제집행의 대상이 된 재산에 한정되는 것이 아닐뿐만 아니라 이 등, C1 이 압류한 이 사건 예금계좌는 전별금이 예치되어 있던 계좌이므로 피고인의 사실 오인 및 법리 오해 주장은 모두 이유 없다."
304466,판례내용,24,결론
304466,판례내용,25,3.그렇다면 피고인의 이 사건 항소는 이유 없으므로 형사소송법 제364조에 의하여 이를 기각하기로 하여 주문과 같이 판결한다.
304466,판례내용,26,재판장 판사 윤○
304466,판례내용,27,_________________________
304466,판례내용,28,판사 배○
304466,판례내용,29,_________________________
304466,판례내용,30,판사 신○
304466,판례내용,31,_________________________
