판례일련번호,구분,문장번호,내용
303555,판례내용,1,대 구 지 방 법 원
303555,판례내용,2,판 결
303555,판례내용,3,사 건 2021고정325 가.일반교통방해
303555,판례내용,4,나.업무방해
303555,판례내용,5,피 고 인 1.A
303555,판례내용,6,2.B
303555,판례내용,7,3.C
303555,판례내용,8,4.D
303555,판례내용,9,5.E
303555,판례내용,10,6.F
303555,판례내용,11,7.G
303555,판례내용,12,"검○ 차○(기소), 박○(공판)"
303555,판례내용,13,변 호 인 변호사 이○(피고인 모두를 위한 국선)
303555,판례내용,14,판 결 선 고 2021.10.19.
303555,판례내용,15,주문
303555,판례내용,16,"피고인들을 각 벌금 500,000원에 처한다."
303555,판례내용,17,"피고인들이 위 각 벌금을 납입하지 아니하는 경우 100,000원을 일로 환산한 기간 피고인들을 노역장에 유치한다."
303555,판례내용,18,위 벌금에 상당한 금액의 가납을 명한다.
303555,판례내용,19,이유
303555,판례내용,20,범죄사실
303555,판례내용,21,"피고인은 경북 군 면 리의 마을 이장이고, 나머지 피고인들은 위 마을 주민들로서 피고인들은 피해자 H가 운영하는 주식회사 I(이하 '이 사건 피해자 회사'라 함)이 경부터 위 리 부지에서 우사 신축공사를 하게 되는 것을 알게 되었다."
303555,판례내용,22,2020.8.1.
303555,판례내용,23,"피고인들은 주거지 인근에 우사가 신축되는 것을 막기 위하여 공사 관련 차량이 공사장 부지에 드나들지 못하게 하려고 각자 운행하는 트랙터 등을 위 공사장으로 향하는 유일한 도로(길이 약 273m, 폭 3.8m) 위에 세워 피해자 회사가 진행하는 공사를 방해할 것을 마음먹었다."
303555,판례내용,24,"이에 피고인들은 피고인 C 및 피고인 D는 각 보유한 트랙터를, 나머지 피고인들은 각자가 보유한 경운기를 운전하여 나와 위 도로 상에 위 농기계를 일렬로 세운 다음 그 무렵부터 같은 달 24.14:00까지 주차해 두어 그 무렵 위 진입로를 통행하는 위 피해자 회사가 진행하는 공사 관련 차량들이 공사현장에 진입할 수 없도록 만들고 이로 인하여 위 기간 동안 피해자 회사의 정상적인 공사 업무가 진행될 수 없도록 하였다."
303555,판례내용,25,이로써 피고인들은 공모하여 육로의 교통을 방해함과 동시에 위력으로 피해자 회사의 공사 업무를 방해하였다.
303555,판례내용,26,증거의 요지
303555,판례내용,27,1.피고인들의 각 법정진술
303555,판례내용,28,2.피고인들에 대한 각 경찰 피의자신문조서
303555,판례내용,29,3.H에 대한 각 경찰 진술조서
303555,판례내용,30,"4.고발장, 도로 무단 점유 사진, 위성사진, 각 수사보고(순번 17, 18, 19, 20, 39)"
303555,판례내용,31,법령의 적용
303555,판례내용,32,1.범죄사실에 대한 해당법조
303555,판례내용,33,"각 형법 제185조, 제30조(일반교통방해의 점), 각 형법 제314조 제1항, 제30조(업무방해의 점)"
303555,판례내용,34,2.상상적 경합
303555,판례내용,35,"각 형법 제40조, 제50조"
303555,판례내용,36,형의 선택
303555,판례내용,37,각 벌금형 선택
303555,판례내용,38,노역장유치
303555,판례내용,39,"각 형법 제70조 제1항, 제69조 제2항"
303555,판례내용,40,가납명령
303555,판례내용,41,형사소송법 제334조 제1항
303555,판례내용,42,양형의 이유
303555,판례내용,43,"범행 동기와 경위, 범행 방법, 범행으로 인한 업무방해 및 통행 방해의 정도, 그 밖에 피고인들의 나이, 성행, 환경, 범행 후의 정황 등 여러 정상을 참작하여 주문과 같이 형을 정한다."
303555,판례내용,44,판사 김○ _________________________
