판례일련번호,구분,문장번호,내용
302922,판례내용,1,□ 사건의 경과
302922,판례내용,2,사 건 번 호
302922,판례내용,3,2005고정4171
302922,판례내용,4,피고인
302922,판례내용,5,ㅇㅇㅇ
302922,판례내용,6,검 사
302922,판례내용,7,검사
302922,판례내용,8,공소 제기일
302922,판례내용,9,2005.3.29.
302922,판례내용,10,판결 선고일
302922,판례내용,11,2006.3.3.
302922,판례내용,12,쟁 점
302922,판례내용,13,유흥업소 종업원이 직업소개소 업주로부터 차용금 명목으로 선불금을 받은 후 약정한 기간 안에 그 돈을 변제하지 못하여 사기죄로 기소된 경우 편취범의를 판단함에 있어 고려하여야 할 사정
302922,판례내용,14,결과 (주문)
302922,판례내용,15,일부 무죄
302922,판례내용,16,참 고 조 문
302922,판례내용,17,형법 제347조 제1항
302922,판례내용,18,확정 여부
302922,판례내용,19,검사 항소
302922,판례내용,20,□ 판결 요지
302922,판례내용,21,○ 공소사실의 요지
302922,판례내용,22,피고인은 2003.4.14.
302922,판례내용,23,"피해자 운영의 직업소개소 사무실에서 변제할 의사와 능력이 없음에도 불구하고 피해자에게 전에 근무한 유흥업소 업주에게 갚아야 할 금 1,380만원을 대신 갚아주면 피해자가 지정하는 유흥업소에서 근무하여 매월 200만원을 변제하겠다고 거짓말하여 이에 속은 피해자로부터 위 금원을 교부받아 이를 편취하였다."
302922,판례내용,24,○ 피고인의 주장
302922,판례내용,25,"피고인은 편취의 범의를 부인하고, 아울러 위 금원은 유흥업소에서 피고인이 성매매를 하는 것을 전제로 하여 교부된 선불금에 해당하므로 법률상 무효이다."
302922,판례내용,26,○ 쟁점
302922,판례내용,27,"이 사건의 경우 피고인의 주장과 같이 선불금이 성매매를 전제로 하여 제공되었다는 점을 입증할 뚜렷한 증거가 없는 이상 피고인에게 편취범의가 있었는지 여부에 따라서 사기죄의 성립 유무를 판단하여야 할 것인데, 일반 차용금 사기사건의 경우와는 달리 선불금 사건의 경우 유흥업소 여종업원들에게는 재산이 거의 없는 반면 많은 부채를 부담하고 있고, 유흥업소에서 일을 하여 선불금을 변제하는 것 이외에는 선불금을 변제받을 방법이 없다는 사정을 유흥업소 업주 또는 직업소개소 경영주들이 잘 알고 있으므로, 선불금을 지급할 당시 유흥업소 종업원이 채무초과의 상태에 있었다거나 채무를 변제하지 못하였다는 사정만으로는 편취범의를 쉽게 인정할 수 없고, 선불금을 변제할 의사가 있었는지 여부는 직업소개소 경영주 또는 유흥업소 업주와 여종업원 사이에 약정한 근로기간이 있었는지 여부, 있다면 어느 정도 근무하였는지 여부, 약정한 대로 근로하였음에도 선불금을 변제하지 못하였다면 그것이 여종업원의 귀책사유에 기인하는 것인지 여부, 약정근로기간 중간에 유흥업소 근무를 그만두었다면 그 사유 등을 종합하여 판단하여야 한다."
302922,판례내용,28,○ 법원의 판단
302922,판례내용,29,"이 사건의 경우 피고인은 선불금을 받은 후 직업소개소 경영주가 지정한 유흥업소에서 근무하였으나 근무과정에서 필수적으로 지출되는 비용이 많았고, 수입은 당초의 예상에 미치지 못하였으며, 피고인은 직업소개소 경영주에게 선불금에 대한 현금보관증을 작성하여 줄 때 자신의 인적사항을 사실 그대로 기재하였고, 종전에 근무한 유흥주점에서 선불금을 편취한 전력이 없었으며, 가족이 형사처벌되어 구속되자 심신이 지쳐서 선불금을 변제하지 못하고 유흥업소 여종업원 근무를 그만둔 사실이 인정되므로 피고인에게 편취범의를 인정하기 어렵고, 따라서 위 부분 공소사실에 대하여는 무죄를 선고함."
302922,판례내용,30,□ 판결의 의미
302922,판례내용,31,선불금 사기사건에 있어서 편취범의를 판단함에 있어서 고려하여야 할 사정을 명확히 밝힌 점에 그 의의가 있다.
