판례일련번호,구분,문장번호,내용
304258,판례내용,1,부 산 지 방 법 원
304258,판례내용,2,판 결
304258,판례내용,3,사 건 2008고단803 가.위증교사
304258,판례내용,4,나.위증
304258,판례내용,5,피 고 인 1.가.A
304258,판례내용,6,2.나.B
304258,판례내용,7,검 사 X
304258,판례내용,8,변 호 인 변호사 Y(피고인들을 위한 국선)
304258,판례내용,9,판 결 선 고 2008.4.21.
304258,판례내용,10,주문
304258,판례내용,11,"피고인 A를 징역 1년에, 피고인 B를 징역 4월에 각 처한다."
304258,판례내용,12,피고인 B에 대하여는 이 판결 선고 전의 구금일수 1일을 위 형에 산입한다.
304258,판례내용,13,이유
304258,판례내용,14,"1.피고인 A는 2007.10.초순경 부산 강서구 대저동 소재 자신의 주거에서 수회에 걸쳐 피고인 B에게 전화를 하여 자신에 대한 이 법원 2007고단3738호 공무집행방해 등피고사건에 관하여 증언을 부탁하면서, 사실은 2006.12.28."
304258,판례내용,15,"19:15경 부산 북구 덕천동에 있는 a전자대리점 앞 노상에서 피고인 A가 주차 단속 중인 공무원 C 및 공익근무요원 D를 폭행하여 상해를 가하는 현장에 피고인 B가 있지 않았음에도, 피고인 B에게 “내가 억울하게 주차 단속을 당했고, 공익근무요원이 자해를 했는데 아무도 목격자로 나서지 않는다, 너무 억울하니 도와주는 셈치고 현장에서 본 것처럼 이야기를 해달라”고 부탁하여 피고인 B로 하여금 허위증언할 것을 결의하게 하여 아래 제2항 기재와같이 허위증언을 하게 함으로써 위증을 교사하였다."
304258,판례내용,16,2.피고인 B는 2007.10.12.
304258,판례내용,17,"14:00경 부산 연제구 거제동 1500에 있는 부산지방법원법정에서 열린 위 사건의 공판기일에 증인으로 출석하여 선서한 후, 사실은 피고인 A와 주차단속중인 공무원들 간의 다툼을 목격한 사실이 없음에도 변호인의 “당시 공익근무요원이 구체적으로 어떻게 자신의 뺨을 때리던가요”라는 질문에 대하여 “공익근무요원이 자기가 자기 뺨을 때리고 주먹다짐을 하면서 ‘제발 나 좀 때려주시오’라고 하는등 영화에서 보는 것 같은 행동을 하기에 너무 기이해서 쳐다보고 있었습니다.”라고대답하는 등 공익근무요원 1명이 스스로 자해를 하였다는 취지로 증언함으로써 자신의기억에 반하는 진술을 하여 위증하였다."
304258,판례내용,18,생략
304258,판례내용,19,1.범죄사실에 대한 해당법조
304258,판례내용,20,가.피고인 A : 형법 제152조 제1항
304258,판례내용,21,"나.피고인 B : 형법 제152조 제1항, 제31조"
304258,판례내용,22,1.형의 선택 : 각 징역형 선택
304258,판례내용,23,1.판결 선고 전 구금일수의 산입 : 형법 제57조
304258,판례내용,24,"피고인 A : 공판중심의 형사사법절차에 있어서 증인의 진실한 증언은 진실발견에 있어가장 중요한 요소라고 할 것인바, 법원은 증인의 자유로운 증언을 보장하되 위증에 대해서는 단호히 대처하여야 할 것이다."
304258,판례내용,25,"이에 더하여 피고인은 자신의 형사사건에 대하여 현장에 있지도 않은 피고인 B에게 위증을 교사하면서 구체적으로 증언 내용을 특정한 점, 자신의 처 또한 위 사건과 관련하여 위증죄로 처벌받은 점 기타 형법 제51조소정의 여러 양형조건을 고려하여 주문의 형을 선고한다."
304258,판례내용,26,"피고인 B : 피고인은 비록 평소 알고 지내던 피고인 A의 간청을 거절하지 못하여 이사건 범행에 이르게 된 것으로 보이고, 범행을 모두 자백하면서 반성하고 있는 등 그정상에 참작할 여지가 있기는 하나, 위와 같은 증언의 중요성, 피고인은 현장을 전혀목격하지 않았음에도 구체적인 내용의 허위 증언을 한 점, 피고인의 증언 내용은 피고인 A의 공무집행방해 등 사건의 유․무죄 판단에 있어 매우 중요한 사항에 관한 것인점 등에 비추어 엄정한 형을 선고하지 않을 수 없다."
304258,판례내용,27,"다만, 피고인에게 유리한 위와 같은 정상 및 형법 제51조 소정의 여러 양형조건을 참작하여 주문의 형을 선고한다."
304258,판례내용,28,이○의 이유로 주문과 같이 판결한다.
304258,판례내용,29,판사 김○ _________________________
