판례일련번호,구분,문장번호,내용
305601,판례내용,1,서 울 북 부 지 방 법 원
305601,판례내용,2,제○ 사 부
305601,판례내용,3,판 결
305601,판례내용,4,사 건
305601,판례내용,5,2019고합117 현주건조물방화미수(인정된 죄명 현존건조물방화미수)
305601,판례내용,6,피 고 인
305601,판례내용,7,A
305601,판례내용,8,검 사
305601,판례내용,9,"최○(기소), 정○(공판)"
305601,판례내용,10,변 호 인
305601,판례내용,11,판 결 선 고
305601,판례내용,12,2019.7.12.
305601,판례내용,13,주 문
305601,판례내용,14,피고인을 징역 2년에 처한다.
305601,판례내용,15,"다만, 이 판결 확정일부터 3년간 위 형의 집행을 유예한다."
305601,판례내용,16,피고인에게 보호관찰을 받을 것을 명한다.
305601,판례내용,17,압수된 1회용 가스라이타 1개(증 제1호)를 몰수한다.
305601,판례내용,18,이 유
305601,판례내용,19,범 죄 사 실(현존건조물방화미수)
305601,판례내용,20,"피고인은 피고인이 거주 중인 서울 도봉구에 있는 무허가건물과 관련하여 위 무허가 건물 중 일부를 철거하라는 내용의 민사판결이 확정되고, 위 각 토지에 관한 토지사용권이 인정되지 아니한다는 이유로 인근 토지에 관한 주위토지통행권확인 소송에서도 패소하자 피고인의 억울한 사정을 언론에 알리기 위하여 도봉구청을 방화할 것을 마음먹었다."
305601,판례내용,21,피고인은 2019.4.12.
305601,판례내용,22,"14:52경 서울 도봉구 마들로 656, 도봉구청 7층 여자화장실에서 세면대 아래에 있던 휴지통을 가운데 변기 칸으로 옮긴 후 미리 준비한 석유를 위 휴지통에 뿌리고, 소지하고 있던 라이터로 화장지에 불을 붙여 휴지통에 집어넣어 위 건조물을 소훼하려고 하였으나, 이를 발견한 위 구청 소속 공무원들에 의하여 진화되어 그 뜻을 이루지 못하고 미수에 그쳤다."
305601,판례내용,23,증거의 요지
305601,판례내용,24,생략
305601,판례내용,25,법령의 적용
305601,판례내용,26,1.범죄사실에 대한 해당법조 및 형의 선택
305601,판례내용,27,"형법 제174조, 제164조 제1항(유기징역형 선택)"
305601,판례내용,28,1.미수감경
305601,판례내용,29,"형법 제25조 제2항, 제55조 제1항 제3호"
305601,판례내용,30,1.집행유예
305601,판례내용,31,형법 제62조 제1항(아래 양형의 이유 중 유리한 정상 참작)
305601,판례내용,32,1.보호관찰
305601,판례내용,33,형법 제62조의2
305601,판례내용,34,1.몰수
305601,판례내용,35,형법 제48조 제1항 제1호
305601,판례내용,36,양형의 이유
305601,판례내용,37,1.법률상 처단형의 범위: 징역 1년 6월 ∼ 15년
305601,판례내용,38,2.양형기준에 따른 권고형의 범위: 미수범이므로 양형기준 적용되지 아니함
305601,판례내용,39,3.선고형의 결정
305601,판례내용,40,피고인은 자신이 거주 중인 건물 및 토지와 관련한 민사소송에서 패소한 후 자신의 억울한 사정을 언론에 알린다는 명목으로 도봉구청 여자화장실에 불을 질렀다.
305601,판례내용,41,"화재를 목격한 도봉구청 직원의 신속한 대처가 없었다면, 자칫 무고한 다수의 생명과 재산에 중대한 피해가 발생할 수 있었다."
305601,판례내용,42,"이와 같은 이 사건 범행의 동기, 수법, 위험성 등에 비추어 볼 때 죄질이 좋지 않다."
305601,판례내용,43,"다만, 피고인이 이 사건 범행을 모두 인정하면서 자신의 잘못을 반성하고 있는 점, 피고인은 이 사건 범행을 저지른 후 119와 112에 직접 신고를 한 점, 화재가 조기에 진압되어 인명 피해가 발생하지 않았고, 물적 피해도 경미한 점, 피고인은 동종범죄 전력이나 벌금형(7회)을 초과하는 전력이 없는 점, 피고인은 도봉구를 피공탁자로 하여 100만 원을 공탁한 점 등의 사정에 더하여 피고인의 나이, 성행, 환경, 가족관계, 범행의 경위 및 범행 후의 정황 등 이 사건 기록과 변론에 나타난 제반 양형요소를 종합적으로 고려하여 주문과 같이 형을 정한다."
305601,판례내용,44,재판장 판사 강○ _________________________
305601,판례내용,45,판사 황○ _________________________
305601,판례내용,46,판사 박○ _________________________
