판례일련번호,구분,문장번호,내용
306255,판례내용,1,수 원 지 방 법 원
306255,판례내용,2,판 결
306255,판례내용,3,사 건
306255,판례내용,4,"2015고단1308 아동복지법위반, 협박"
306255,판례내용,5,피 고 인
306255,판례내용,6,"서○○○ (64년생, 남), 무직"
306255,판례내용,7,주거 수원시
306255,판례내용,8,등록기준지 화성시
306255,판례내용,9,검 사
306255,판례내용,10,"용○(기소), 양○(공판)"
306255,판례내용,11,변 호 인
306255,판례내용,12,변호사 유용관(국선)
306255,판례내용,13,판 결 선 고
306255,판례내용,14,2015.6.11.
306255,판례내용,15,주 문
306255,판례내용,16,피고인을 징역 10월에 처한다.
306255,판례내용,17,이 유
306255,판례내용,18,범 죄 사 실
306255,판례내용,19,1.아동복지법위반
306255,판례내용,20,피고인은 2014.11.25.
306255,판례내용,21,술에 취해 아들인 피해자 서○□□(16세)의 뺨을 때리고 손을 쳐서○ 피해자의 오른손 검지손가락이 골절되게 하는 등 치료일수 미상의 상해를 가하여 같은 해 12.22.수원지방검찰청에서○ 상해죄로 기소유예 처분을 받은 전력이 있다.
306255,판례내용,22,피고인은 2015.3.31.
306255,판례내용,23,17:50경 수원시 장안구에 있는 피고인의 집에서 술을 마시면서 자신의 처인 강○□□에게 계속 욕설을 하였다.
306255,판례내용,24,"이에 피해자가 “엄마에게 욕설을 하지 말라”고 말하자, 피고인은 격분하여 부엌에 있던 음식 그릇을 집어 들어 피해자를 향해 던지며 “네가 뭘 안다고 그러냐, 오늘 한번 죽어볼래”라고 욕설을 하면서 주먹으로 피해자의 얼굴 부위를 3 ~ 4회 가량 때리고, 거실에 놓여 있던 항아리 뚜껑을 들어 피해자를 향해 던지고, 그 과정에서 놀라 넘어진 피해자의 안면부를 발로 1회 밟았다."
306255,판례내용,25,이로써 피고인은 아동의 신체에 손상을 주거나 신체의 건강 및 발달을 해치는 신체적 학대행위를 하였다.
306255,판례내용,26,2.협박
306255,판례내용,27,피고인은 2015.4.1.
306255,판례내용,28,"01:30경, 제1항 기재와 같이 피고인이 서□□을 때린 것과 관련하여 수원중부경찰서에서 조사를 받고 집으로 귀가한 다음, 자신의 처인 피해자 강○□□(43세)가 경찰에 신고한 것을 따지기 위해 피해자가 있는 안방으로 들어가려 하였으나 피해자가 방문을 열어주지 않자, 방문을 주먹으로 때리고 발로 걷어차며 “씨발 문 안 열어, 전부 다 칼로 찔러 죽여 버리고 나는 교도소 가서 살고 나오면 된다”라고 말하여 피해자를 협박하였다."
306255,판례내용,29,증거의 요지
306255,판례내용,30,1.피고인의 법정진술
306255,판례내용,31,"1.서○□□, 강○□□에 대한 각 경찰 진술조서○"
306255,판례내용,32,1.현장 사진
306255,판례내용,33,법령의 적용
306255,판례내용,34,1.범죄사실에 대한 해당법조 및 형의 선택
306255,판례내용,35,"아동복지법 제71조 제1항 제2호, 제17조 제3호(아동 학대의 점), 형법 제283조 제1항(협박의 점), 각 징역형 선택"
306255,판례내용,36,1.경합범가중
306255,판례내용,37,"형법 제37조 전단, 제38조 제1항 제2호, 제50조"
306255,판례내용,38,양형의 이유
306255,판례내용,39,이 사건 학대 범행 및 협박 범행은 그 태양이나 경위로 보아 죄질이 좋지 않으므로 실형(징역형)을 선고하기로 한다.
306255,판례내용,40,"징역형의 기간은, 위와 같은 사정과 함께 아동복지법위반죄에 대한 양형기준상 권고형의 범위가 징역 6월 ~ 1년 6월인 점1), 피해자들과의 관계 등 양형조건이 되는 여러 사정들을 참작하여 10월로 정한다."
306255,판례내용,41,판사 황○ _________________________
306255,판례내용,42,1)산정근거는 아래와 같다.
306255,판례내용,43,[권고형의 범위]
306255,판례내용,44,유기·학대 > 일반적 기준 > 제2유형(중한 유기·학대)> 기본영역(6월~1년6월)
306255,판례내용,45,[특별양형인자]
306255,판례내용,46,없음.
