판례일련번호,구분,문장번호,내용
305799,판례내용,1,서울중앙지방법원
305799,판례내용,2,판 결
305799,판례내용,3,"사 건 2016고단3768 군형법위반, 상해"
305799,판례내용,4,2016고단7239(병합)
305799,판례내용,5,피 고 인 A
305799,판례내용,6,"검○ 양○, 유○(기소), 홍○(공판)"
305799,판례내용,7,판 결 선 고 2016.12.7.
305799,판례내용,8,주 문
305799,판례내용,9,피고인을 징역 8월에 처한다.
305799,판례내용,10,"다만, 이 판결 확정일부터 2년간 위 형의 집행을 유예한다."
305799,판례내용,11,이 유
305799,판례내용,12,범죄사실
305799,판례내용,13,『2016고단3768』
305799,판례내용,14,피고인은 2016.4.26.
305799,판례내용,15,"08:00경부터 같은 달 28.17:00경까지 제B보병사단 동원지원단 보병대대로 병력동원훈련에 소집된 동원예비군 병장이고, 피해자 C은 위 지원단의 5급 군무원으로서 위 병력동원훈련 기간 동안 81mm 박○ 훈련의 교관으로 편성된 사람이다."
305799,판례내용,16,피고인은 2016.4.26.
305799,판례내용,17,"11:30경 서울 서초구 D 소재 제B보병사단 동원훈련장 연병장에서, 동원지원단장으로부터 복장을 단정히 하라는 지적을 받자 혼자말로 ‘씨발 좆같네’라고 욕설을 하였다."
305799,판례내용,18,"이에 피고인의 옆에 있던 피해자가 ‘뭐라고 하셨나요’라고 묻자, 피고인은 피해자를 바라보며 ‘씨발 좆같네, 나대지 마라’고 욕설을 하였다."
305799,판례내용,19,이로써 피고인은 상관인 피해자를 그 면전에서 모욕하였다.
305799,판례내용,20,『2016고단7239』
305799,판례내용,21,피고인은 2016.8.18.
305799,판례내용,22,"07:15경 서울 관악구에 있는 E역 인근에서 피해자 F(65세)이 운행하는 택시에 탑승하여 서울 관악구 G, H아파트 입구에 이르러 택시를 세우자, 피해자가 피고인에게 목적지를 물어보면서 “여기서?”라고 반말을 하였다는 이유로 화가 나 피해자를 택시 밖으로 끌어내 주먹으로 피해자의 얼굴 등을 수회 때려 피해자에게 치료기간을 알 수 있는 입술이 터지고 이빨 1개가 깨지는 등의 상해를 가하였다."
305799,판례내용,23,증거의요지
305799,판례내용,24,[2016고단3768]
305799,판례내용,25,1.피고인의 법정진술
305799,판례내용,26,2.C에 대한 경찰진술조서
305799,판례내용,27,"3.병력동원 소집자 명부, 2016년 I 동원보충 보병대대 동원훈련 계획보고"
305799,판례내용,28,[2016고단7239]
305799,판례내용,29,1.피고인의 법정진술
305799,판례내용,30,2.F의 진술서
305799,판례내용,31,3.피해자 사진
305799,판례내용,32,법령의적용
305799,판례내용,33,1.범죄사실에 대한 해당법조 및 형의 선택
305799,판례내용,34,"군형법 제64조 제1항(상관 모욕의 점), 형법 제257조 제1항(상해의 점), 각 징역형 선택"
305799,판례내용,35,2.경합범가중
305799,판례내용,36,"형법 제37조 전단, 제38조 제1항 제2호, 제50조"
305799,판례내용,37,3.집행유예
305799,판례내용,38,형법 제62조 제1항
305799,판례내용,39,양형의이유
305799,판례내용,40,"아래와 같은 정상들에 피고인의 연령, 성행, 가족관계, 가정환경, 범행의 동기와 수단, 범행 후의 정황 등 이 사건 공판과정에 나타난 양형 조건들을 종합하여, 주문과 같이 형을 정한다."
305799,판례내용,41,"○ 불리한 정상 : 피고인이 이 사건 상해 범행과 동종 범행으로 2회 소년보호처분을 받은 전력이 있고, 1회 벌금형의 처벌을 받은 전력이 있는 점"
305799,판례내용,42,"○ 유리한 정상 : 피고인이 이 사건 각 범행을 모두 인정하고 반성하고 있는 점, 피해자 F와 원만히 합의한 점, 피고인이 이 사건 군형법위반 범행과 동종 범행으로 처벌받거나 벌금형을 넘는 중한 형으로 처벌받은 전력이 없는 점"
305799,판례내용,43,판사 오○ _________________________
