판례일련번호,구분,문장번호,내용
304031,판례내용,1,사건 고합 중상해 2015 39
304031,판례내용,2,피고인 甲
304031,판례내용,3,검사 장○ 기소 김○ 공판
304031,판례내용,4,변호인 변호사 최락구 국선
304031,판례내용,5,판결선고 2015.4.23.
304031,판례내용,6,피고인을 징역 년에 처한다.
304031,판례내용,7,1.피고인은 경○ 유성구 한우물로 번길에 있는 대전교도소 2014.12.9.
304031,판례내용,8,03:45 66 6에서 같은 방을 사용하고 있는 피해자 A(50세)에게 불만을 가지고 있었다.
304031,판례내용,9,피해자는 평소 코를 심하게 골고 거의 씻지 아니하고 옷을 갈아입지 아니하여 악취가 나는 등의 이유로 피고인이 불만을 가지고 있던 중에 피해자가 거칠게 숨소리를 내서 수면에 방해가 되자 피해자와 말다툼을 하면서 시비를 하게 되었다.
304031,판례내용,10,피고인은 피해자로부터 큰 소리로 욕설을 듣고 멱살을 잡히게 되자 격분하여 양손으로 피해자의 멱살을 잡아 흔들고 오른손 주먹으로 피해자의 왼쪽 눈 부위를 강타하여 피해자에게 약 8주간의 치료가 필요한 안구 내 조직의 탈출 또는 손실이 없는 눈의 열상을 가하고 이로 인하여 피해자로 하여금 좌안의 시력을 상실하게 하여 불구 또는 불치의 질병에 이르게 하였다.
304031,판례내용,11,피고인의 법정 진술에 대한 피의자 신문조서
304031,판례내용,12,1.A 각 수사보고 현장사진 첨부 피의자 상처사진 첨부 진단서 부첨부 담당 주치의
304031,판례내용,13,1.A 상대 피해자 현재 상태 확인 보고
304031,판례내용,14,범죄사실에 대한 해당 법조
304031,판례내용,15,1.형법 제258조 제2항 제1항
304031,판례내용,16,처단형의 범위 징역 1년 ~ 10년
304031,판례내용,17,양형기준에 따른 권고형의 범위
304031,판례내용,18,2.유형의 결정 폭력 일반적인 상해 제유형 중상해 기본영역 징역 1년 ~ 2년
304031,판례내용,19,선고형의 결정 징역 1년
304031,판례내용,20,1)피고인은 대전지방법원 천안지원에서 사기죄 등으로 징역 1년 6월 집행유예 2년을 선고받아 2013.12.12.
304031,판례내용,21,위 판결이 확정되었고 대전지방법원에서 사기죄로 징역 6월을 선고받아 2015.1.29.
304031,판례내용,22,"위 판결이 확정되었는데, 전과의 죄는 전과의 확정판결일 이○ 2014.3.24."
304031,판례내용,23,경 저지른 범행이고 이 사건 범죄는 전과의 확정판결일 이후에 저지른 범행이므로 위 전과의 죄와 이 사건 범죄는 동시에 판결할 수 없었던 경우에 해당하여 형법 제37조 후단의 경합범 관계가 성립할 수 없고 형법 제39조 제1항에 따라 동시에 판결할 경우와 형평을 고려하여 형을 선고하거나 그 형을 감경 또는 면제할 수도 없다.
304031,판례내용,24,대법원 2014.3.27.
304031,판례내용,25,선고 2014도469 판결 등 참조.
304031,판례내용,26,"이 사건 범행은 피고인이 피해자를 폭행하여 좌안 공막 열상의 중상해를 입힌 것으로 그 죄질이 좋지 않은 점, 피해자는 위 상해로 인하여 왼쪽 눈을 실명하게 됨으로써 평생을 극심한 고통과 불편 속에서 살아가게 된 점, 피고인은 피해자에 대한 치료비 지급 등 피해 회복을 위한 노력을 하지 않은 점 등에 비추어 보면 피고인에 대하여는 엄중한 처벌이 필요하다."
304031,판례내용,27,"다만 피고인은 교도소에서 같은 방을 사용하는 피해자로부터 악취가 나 불만을 가지던 중 피해자와 시비를 하게 되었고 피해자로부터 욕설을 듣고 멱살을 잡히자 우발적으로 피해자를 폭행한 것으로 보이는 점을 유리한 정상으로 참작하고 그 밖에 피고인의 나이, 성행과 환경, 범행의 동기, 수단과 결과, 범행 후의 정황 등이 사건 변론에 나타난 양형의 조건을 종합적으로 고려하여 주문과 같이 형을 정한다."
304031,판례내용,28,재판장 판사 송○
304031,판례내용,29,판사 김○
304031,판례내용,30,판사 최○
