판례일련번호,구분,문장번호,내용
304181,판례내용,1,사건
304181,판례내용,2,2006고합444 공직선거법위반
304181,판례내용,3,피고인
304181,판례내용,4,"○○○ (주민등록번호 생략), 부산광역시의회의원"
304181,판례내용,5,주거 및 본적 생략
304181,판례내용,6,검사
304181,판례내용,7,○○○
304181,판례내용,8,변호인
304181,판례내용,9,변호사 ○○○
304181,판례내용,10,판결 선고
304181,판례내용,11,2006.8.22.
304181,판례내용,12,"피고인을 벌금 800,000원에 처한다."
304181,판례내용,13,"피고인이 위 벌금을 납입하지 아니하는 경우 50,000원을 1일로 환산한 기간 피고인을 노역장에 유치한다."
304181,판례내용,14,"피고인은 부산광역시의회의원으로, 2006.5.31."
304181,판례내용,15,"실시된 제4회 동시지방선거에서 부산 ○○구 제 ○ 선거구에 부산광역시의회의원으로 다시 출마하여 당선된 자인바, 지방의회의원은 당해 선거구 안에 있는 자에게 기부행위를 할 수 없음에도 불구하고,"
304181,판례내용,16,2005.00.00.
304181,판례내용,17,"00:00경 부산 ○○구 ○○동에 있는 ○○횟집 2층에서 바르게살기운동 ○○0동 위원회의 위원 등 약 23명의 참석하에 개최된 위 위원회의 정례회 겸 송년회 자리에 참석하여 위 위원회의 위원장이자 선거구민인 □□□에게 “이것은 위원장이 주는 것으로 해서 위원들에게 나누어 주라”고 하면서 ◎◎◎◎ 주간 찜질이용권 약 25장 시가 15만 원 상당(1장당 액면가 6,000원)을 제공하여 기부행위를 하였다."
304181,판례내용,18,1.피고인의 법정진술
304181,판례내용,19,"1.□□□, ◇◇◇, ◁◁◁에 대한 각 검찰 진술조서의 각 진술기재"
304181,판례내용,20,1.범죄사실에 대한 해당법조 및 형의 선택
304181,판례내용,21,"공직선거법 제257조 제1항 제1호, 제113조 제1항(벌금형 선택)"
304181,판례내용,22,1.노역장유치
304181,판례내용,23,"형법 제70조, 제69조 제2항"
304181,판례내용,24,"기부행위에 이른 이 사건 범행은 선거의 투명성과 공정성을 해치고 금권선거의 폐해를 야기할 수 있어 그 엄단이 요구되나, 한편 이 사건 범행은 부산광역시의회의원이자 바르게살기운동부산광역시○○구협의회의 고문으로 재직하던 피고인이 그 산하 ○○동위원회의 정례회 겸 송년회에 참석하였다가 그 해 개최된 아시아태평양경제협력체(APEC)에서 봉사활동 등으로 고생한 위원들의 노고를 격려한다는 취지에서 평소 친분이 있는 위원장을 따로 불러 피고인 아닌 위원장이 주는 것으로 하여 위원들에게 나누어주라고 하면서 이 사건 찜질이용권을 교부하게 되었고, 이에 따라 위원장으로부터 이를 건네받은 위원들은 위원장이 의례적으로 주는 것으로만 알고 있었을 뿐인 점 등 그 동기와 경위에 참작할 점이 있고, 위 교부된 찜질이용권도 평소 판촉용으로 무료로 배부되거나 할인된 금액으로 판매되기도 하여 그 실제적 가치는 그다지 크지 않는 점, 이 사건 기부행위가 이루어진 시점은 제4회 동시지방선거의 선거일과는 상당한 시간적 간격이 있어 선거와의 관련성이 그다지 큰 것으로는 보이지 않는 점, 피고인은 1995년경부터 기초의회의원 및 광역의회의원으로서 성실히 의정활동을 수행하여 왔고, 이번 선거에서도 차점자와는 3배 정도의 표차로 당선된 점, 피고인은 동종전과가 없고, 자신의 잘못을 깊이 반성하고 있는 점 등 참작할 점이 있어 주문과 같이 판결한다."
304181,판례내용,25,재판장 판사 김○ _________________________
304181,판례내용,26,판사 김○ _________________________
304181,판례내용,27,판사 류○ _________________________
304181,판례내용,28,.
