판례일련번호,구분,문장번호,내용
212509,판례내용,1,【피고인】 피고인
212509,판례내용,2,【변호인】 법무법인 열림 외 1인
212509,판례내용,3,【재항고인】 변호인
212509,판례내용,4,【원심결정】 서울고등법원 2020.2.19.자 2019초보18 결정
212509,판례내용,5,【주    문】
212509,판례내용,6,재항고를 기각한다.
212509,판례내용,7,【이    유】재항고이유를 판단한다.
212509,판례내용,8,1.보석취소결정 시 집행정지를 비롯한 재항고 관련 사항을 고지하지 않았다는 주장에 대하여
212509,판례내용,9,가.고등법원이 한 보석취소결정에 대하여는 집행정지의 효력을 인정할 수 없다.그 이유는 다음과 같다.
212509,판례내용,10,"제1심 법원이 한 보석취소결정에 대하여 불복이 있으면 보통항고를 할 수 있고 (형사소송법 제102조 제2항, 제402조, 제403조 제2항), 보통항고에는 재판의 집행을 정지하는 효력이 없다(형사소송법 제409조)."
212509,판례내용,11,"이는 결정과 동시에 집행력을 인정함으로써 석방되었던 피고인의 신병을 신속히 확보하려는 것으로, 당해 보석취소결정이 제1심 절차에서 이루어졌는지 항소심 절차에서 이루어졌는지 여부에 따라 그 취지가 달라진다고 볼 수 없다."
212509,판례내용,12,"즉시항고는 법률관계나 재판절차의 조속한 안정을 위해 일정한 기간 내에서만 제기할 수 있는 항고로서, 즉시항고의 제기기간 내와 그 제기가 있는 때에 재판의 집행을 정지하는 효력이 있다(형사소송법 제410조)."
212509,판례내용,13,"그러나 보통항고의 경우에도 법원의 결정으로 집행정지가 가능한 점(형사소송법 제409조)을 고려하면, 집행정지의 효력이 즉시항고의 본질적인 속성에서 비롯된 것이라고 볼 수는 없다."
212509,판례내용,14,"형사소송법 제415조는 “고등법원의 결정에 대하여는 재판에 영향을 미친 헌법·법률·명령 또는 규칙의 위반이 있음을 이유로 하는 때에 한하여 대법원에 즉시항고를 할 수 있다.”라고 규정하고 있다.이는 재항고이유를 제한함과 동시에 재항고 제기기간을 즉시항고 제기기간 내로 정함으로써 재항고심의 심리부담을 경감하고 항소심 재판절차의 조속한 안정을 위한 것으로, 형사소송법 제415조가 고등법원의 결정에 대한 재항고를 즉시항고로 규정하고 있다고 하여 당연히 즉시항고가 가지는 집행정지의 효력이 인정된다고 볼 수는 없다.만약 고등법원의 결정에 대하여 일률적으로 집행정지의 효력을 인정하면, 보석허가, 구속집행정지 등 제1심 법원이 결정하였다면 신속한 집행이 이루어질 사안에서 고등법원이 결정하였다는 이유만으로 피고인을 신속히 석방하지 못하게 되는 등 부당한 결과가 발생하게 되고, 나아가 항소심 재판절차의 조속한 안정을 보장하고자 한 형사소송법 제415조의 입법목적을 달성할 수 없게 된다."
212509,판례내용,15,"나.형을 선고하는 경우 상소에 관한 사항의 고지를 규정한 형사소송법 제324조는 피고인에 대하여 상소권을 행사할 기회를 놓치지 않도록 하는 입법상 고려에 따른 것이다.재항고와 관련하여서는 그와 같은 규정이 없고, 달리 고등법원이 보석취소결정을 고지하면서 재항고 관련 사항을 고지하여야 한다고 볼 근거도 찾을 수 없다."
212509,판례내용,16,2.피고인이 도망할 우려가 없다는 주장에 대하여
212509,판례내용,17,"원심은, 피고인이 도망하거나 죄증을 인멸할 염려가 있다고 믿을 만한 충분한 이유가 있는 때에 해당한다고 보아 피고인에 대한 보석을 취소하였다.원심결정을 기록에 비추어 살펴보아도 이 부분 원심의 판단에 재판에 영향을 미친 헌법·법률·명령 또는 규칙을 위반한 잘못이 없다."
212509,판례내용,18,3.결론
212509,판례내용,19,"그러므로 재항고를 기각하기로 하여, 관여 대법관의 일치된 의견으로 주문과 같이 결정한다."
212509,판례내용,20,대법관 김○(재판장)박○ 안○(주심)노○
