판례일련번호,구분,문장번호,내용
303380,판례내용,1,대구지방법원 판결
303380,판례내용,2,사건 2015고단852 상해
303380,판례내용,3,피고인 장○○○
303380,판례내용,4,주거 등록기준지
303380,판례내용,5,"검사 전○○○(기소), 강○○○(공판)"
303380,판례내용,6,변호인 변호사 여○○○(국선)
303380,판례내용,7,판결선고 2015.6.12.
303380,판례내용,8,주문 피고인을 징역 1년에 처한다.
303380,판례내용,9,이유 범죄사실
303380,판례내용,10,1.피해자 천○○○에 대한 상해 피고인은 2014.7.2.
303380,판례내용,11,"19:08경 대구 남구 두류공원로17길 87에 있는 ‘좋은집식당’ 앞 노상에 주차된 차량 주변에서 소변을 보던 중 마침 이를 목격한 피해자 천○○○(여, 54세)이 항의한다는 이유로 그곳에서 욕설을 하면서 피해자의 왼쪽 얼굴을 손바닥으로 1회 때리고, 손으로 피해자의 왼쪽 손목을 잡아 비틀었다."
303380,판례내용,12,이로써 피고인은 피해자에게 약 6주간의 치료를 요하는 좌측척골 원위간부 골절상을 가하였다.
303380,판례내용,13,"2.피해자 김○○○○에 대한 상해 피고인은 같은 일시, 장소에서 피해자 김○○○○(58세)이 “말로 하지 왜 그러느냐?”며 참견을 하였다는 이유로 주먹으로 피해자의 얼굴을 1회 때려 바닥에 넘어지게 하였다."
303380,판례내용,14,"이로써 피고인은 피해자에게 약 2주간의 치료를 요하는 뇌진탕, 두피열상 등의 상해를 가하였다."
303380,판례내용,15,증거의 요지
303380,판례내용,16,1.피고인에 대한 검찰 피의자신문조서의 일부 진술기재
303380,판례내용,17,"1.천○○○, 김○○○에 대한 각 경찰 진술조서의 진술기재"
303380,판례내용,18,"1.폭행사건 현장출동보고서, 각 상해진단서(증거목록 순번 5, 6번), 수사보고(전화진술 녹음보고-피해자 김○○○), 수사보고(피해자 천○○○ 진술청취)의 각 기재"
303380,판례내용,19,법령의 적용
303380,판례내용,20,1.범죄사실에 대한 해당법조 및 형의 선택 각 형법 제257조 제1항(각 징역형 선택)
303380,판례내용,21,"1.경합범가중 형법 제37조 전단, 제38조 제1항 제2호, 제50조"
303380,판례내용,22,양형의 이유
303380,판례내용,23,[법률상 처단형의 범위] 징역 1월~징역 10년 6월
303380,판례내용,24,제1범죄 [유형의 결정] 폭력 > 일반적인 상해 > 제1유형(일반상해)
303380,판례내용,25,[권고영역의 결정] 기본영역
303380,판례내용,26,[권고형의 범위] 4월~1년 6월
303380,판례내용,27,제2범죄 [유형의 결정] 폭력 > 일반적인 상해 > 제1유형(일반상해)
303380,판례내용,28,[권고영역의 결정] 기본영역
303380,판례내용,29,[권고형의 범위] 4월~1년 6월
303380,판례내용,30,[최종 형량범위] 다수범 가중(제1범죄 상한 + 제2범죄 상한의 1/2)결과 : 4월~2년 3월
303380,판례내용,31,"[선고형의 결정] 피고인은 피해자들에게 가볍지 아니한 상해를 가하였음에도 진정으로 반성하는 모습을 보이지 아니하고 피해자들이 피고인을 엄히 처벌하여 줄 것을 탄원하고 있는 점에 비추어 보면, 피고인에게 징역형의 선고가 불가피하다."
303380,판례내용,32,"다만, 피고인이 우발적으로 이 사건 범행에 이르게 된 것으로 보이는 점, 피고인이 피해자 천○○○을 위하여 300만 원을 공탁한 점, 피고인이 벌금형보다 무거운 형으로 처벌받은 전력이 없는 점 등 피고인에게 유리한 양형조건과 그 밖에 피고인의 연령, 성행, 범행 후의 정황 등 모든 양형조건을 고려하여 권고형량의 범위 내에서 주문과 같이 형을 정한다."
303380,판례내용,33,판사 염○ _________________________
