판례일련번호,구분,문장번호,내용
305547,판례내용,1,서울북부지방법원
305547,판례내용,2,판결
305547,판례내용,3,사건
305547,판례내용,4,2016고정620
305547,판례내용,5,학교보건법위반
305547,판례내용,6,피고인
305547,판례내용,7,A
305547,판례내용,8,검사
305547,판례내용,9,"○○○(검사직무대리, 기소), ○○○(공판)"
305547,판례내용,10,변호인
305547,판례내용,11,변호사○○○(국선)
305547,판례내용,12,판결선고
305547,판례내용,13,2016.9.22.
305547,판례내용,14,주문
305547,판례내용,15,"피고인을 벌금 2,000,000원에 처한다."
305547,판례내용,16,"피고인이 위 벌금을 납입하지 아니하는 경우 100,000원을 1일로 환산한 기간 피고인을 노역장에 유치한다."
305547,판례내용,17,위 벌금에 상당한 금액의 가납을 명한다.
305547,판례내용,18,이유
305547,판례내용,19,범죄사실
305547,판례내용,20,누구든지 학교환경위생 정화구역에서 금지된 행위를 하거나 또는 시설을 하여서는 아니된다.
305547,판례내용,21,"그럼에도 피고인은 2014.11.15.경부터 2015.12.29.경까지 학교환경위생정화구역에 있는 서울○○구○○로○○, ○○층 ‘○○성인용품’이라는 상호의 업소에서 남성용 자위기구, 여성용 자위기구, 콘돔 등 성인용품을 판매하였다."
305547,판례내용,22,증거의 요지
305547,판례내용,23,1.피고인에 대한 경찰 피의자신문조서
305547,판례내용,24,1.임의동행보고
305547,판례내용,25,1.단속현장사진
305547,판례내용,26,"[건물 외부 및 입구에 ‘○○성인용품’이라는 간판이 여전히 설치되어 있고, 실내의 진열장에 성인용품들이 그대로 전시되어 있을 뿐 영업을 폐쇄하였다고 볼 만한 아무런 징표가 없는 점 등에 비추어 피고인이 2015.12.29."
305547,판례내용,27,"단속 시까지 성인용품 판매업을 하였다고 판단되고, 한편 증인 B, C는 피고인의 점포에서 쇼핑몰 사업을 위한 교육 및 회의를 하면서 자주 들렀는데, 피고인이 영업을 하는 것을 보지 못하였다는 취지로 진술하고 있으나, 피고인이 B, C 등이 자신의 점포에 있을 때만 영업을 중단하였을 가능성을 배제할 수 없는 등 위 증인들의 각 진술만으로 위 인정을 뒤집기에 부족하다]"
305547,판례내용,28,법령의 적용
305547,판례내용,29,1.범죄사실에 대한 해당 법조 및 형의 선택
305547,판례내용,30,"학교보건법 제19조 제2항, 제6조 제1항, 벌금형 선택"
305547,판례내용,31,1.노역장 유치
305547,판례내용,32,"형법 제70조 제1항, 제69조 제2항"
305547,판례내용,33,1.가납명령
305547,판례내용,34,형사소송법 제334조 제1항
305547,판례내용,35,변호인의 주장에 대한 판단
305547,판례내용,36,변호인은 공소사실 기간 중 2014.11.경부터 2015.6.경까지는 이미 처벌받은 약식명령과 동일한 공소사실이므로 위 기간에 대하여 면소판결이 선고되어야 한다고 주장한다.
305547,판례내용,37,"살피건대, 기록에 의하면 피고인은 2014.11.14."
305547,판례내용,38,"“2014.7.3.부터 2014.9.1.까지 같은 장소에서 성인용품점을 운영하였다”라는 범죄사실로 서울중앙지방법원에서 학교보건법위반죄로 벌금 1,500,000원의 약식명령을 발령받아 2015.1.1."
305547,판례내용,39,"위 약식명령이 확정된 사실을 인정할 수 있고, 위 약식명령의 범죄사실과 이 사건 공소사실은 포괄일죄의 관계에 있다고 판단된다."
305547,판례내용,40,"그러나 포괄일죄의 관계에 있는 범행 일부에 관하여 약식명령이 확정된 경우 약식명령의 발령 시를 기준으로 하여 그 전의 범행에 대하여는 면소의 판결을 하여야 하나, 그 이후의 범행에 대하여서만 일개의 범죄로 처벌하여야 하는 바(대법원 1994.8.9."
305547,판례내용,41,"선고 94도1318 판결 등), 위 약식명령의 발령일 이후인 이 사건 공소사실에 대하여는 별개의 범죄로 처벌받아야 할 뿐 면소의 판결을 할 것이 아니므로, 변호인의 위 주장은 받아들이지 아니한다."
305547,판례내용,42,판사
305547,판례내용,43,유○
305547,판례내용,44,_________________________
