판례일련번호,구분,문장번호,내용
147034,판례내용,1,【피 고 인】
147034,판례내용,2,【검    사】 박준영
147034,판례내용,3,【주    문】
147034,판례내용,4,피고인을 벌금 400만 원에 처한다.
147034,판례내용,5,피고인이 위 벌금을 납입하지 아니하는 경우 금 5만 원을 1일로 환산한 기간 피고인을 노역장에 유치한다.
147034,판례내용,6,위 벌금에 상당한 금액의 가납을 명한다.
147034,판례내용,7,【이    유】【범죄사실】1.정보통신망이용촉진및정보보호등에관한법률위반(명예훼손)및 업무방해
147034,판례내용,8,"피고인은 주식회사 현대환경에너지를 운영하는 자로서, 피해자"
147034,판례내용,9,공소외 1이 “내연기관용 와류기”라는 발명으로 실용신안 등록하여 생산하고 있었던 터보플러스라는 제품이 ‘자동차용 과급기 슈퍼터빈’이라는 피고인의 특허를 침해한 사실이 없다는 것을 잘 알고 있었다.
147034,판례내용,10,그럼에도 피고인은 피해자의 터보플러스 판매를 방해하고 피해자를 비방할 목적으로  2007.6.8.경 2회에 걸쳐 피고인 운영의 위 회사 인터넷 홈페이지 게시판에 ‘터보플러스가 피고인의 특허를 침해하였기 때문에 이를 판매하거나 구입할 경우 민형사상 책임을 질 수 있다’는 내용의 허위 사실을 게시하였다.
147034,판례내용,11,또한 2007.6.21.경 컴퓨터를 이용하여 인터넷상의 ‘뉴카렌스최강동호회’의 운영자와 회원 수십 명에게 위와 같은 내용의 쪽지를 발송하였다.
147034,판례내용,12,이로써 피고인은 인터넷을 통하여 공연히 허위 사실을 적시하여 피해자의 명예를 훼손함과 동시에 위계로써 피해자의 터보플러스 판매업무를 방해하였다.
147034,판례내용,13,2.명예훼손 및 업무방해
147034,판례내용,14,피고인은 2007.6.11.경 및 2007.6.18.경 전항과 같은 이유로 위 터보플러스 판매회사인
147034,판례내용,15,공소외 5 주식회사의 대표와 터보플러스 서울총판대표에게 ‘터보플러스는 피고인의 특허권을 침해한 제품이다’라는 내용의 내용증명을 각 발송함으로써 공연히 허위 사실을 적시하여 피해자
147034,판례내용,16,공소외 1의 명예를 훼손함과 동시에 위계로서 피해자의 업무를 방해 하였다.
147034,판례내용,17,【증거의 요지】1.피고인의 법정진술
147034,판례내용,18,1.피고인에 대한 검찰 피의자신문조서의 진술기재
147034,판례내용,19,1.피고인에 대한 경찰 피의자신문조서의 진술기재
147034,판례내용,20,"1.공소외 1,"
147034,판례내용,21,4에 대한 각 경찰 진술조서의 각 진술기재
147034,판례내용,22,"1.인터넷 게시물 (사본), 내용증명 사본, 납품계약서 사본의 각 기재"
147034,판례내용,23,1.수사보고의 기재
147034,판례내용,24,【법령의 적용】1.범죄사실에 대한 해당법조
147034,판례내용,25,구 정보통신망 이용촉진 및 정보보호 등에 관한 법률(2007.12.21.
147034,판례내용,26,"제8778호로 개정되기 전의 것)제61조 제2항,"
147034,판례내용,27,"형법 제307조 제2항,"
147034,판례내용,28,제314조 제1항
147034,판례내용,29,1.상상적 경합
147034,판례내용,30,"형법 제40조,"
147034,판례내용,31,제50조
147034,판례내용,32,1.형의 선택
147034,판례내용,33,각 벌금형 선택
147034,판례내용,34,1.경합범 가중
147034,판례내용,35,"형법 제37조 전단,"
147034,판례내용,36,"제38조 제1항 제2호,"
147034,판례내용,37,제50조
147034,판례내용,38,1.노역장 유치
147034,판례내용,39,"형법 제70조,"
147034,판례내용,40,제69조 제2항
147034,판례내용,41,1.가납명령
147034,판례내용,42,형사소송법 제334조 제1항
147034,판례내용,43,판사 주채광
