판례일련번호,구분,문장번호,내용
184203,판례내용,1,【피 고 인】
184203,판례내용,2,【재심청구인】 피고인
184203,판례내용,3,【변 호 인】 법무법인 신세기 담당 변호사 오○ 외 1인
184203,판례내용,4,【재심대상판결】 서울중앙지방법원 2009.5.20.
184203,판례내용,5,선고 2008노825 판결
184203,판례내용,6,【주    문】
184203,판례내용,7,재심대상판결에 대하여 재심을 개시한다.
184203,판례내용,8,【이    유】1.재심대상판결의 확정과 위헌결정
184203,판례내용,9,가.피고인은 2004년 8월 및 11월경 각 간통하였다는 공소사실로 기소되어 제1심법원에서 2008.2.19.
184203,판례내용,10,징역 6월에 집행유예 2년을 선고받고 항소하였다.항소심법원은 2009.5.20.
184203,판례내용,11,"제1심판결을 파기하고, 징역 4월에 집행유예 2년을 선고하였고(이하 ‘재심대상판결’이라고 한다), 재항고인이 상고하였으나 2009.8.20."
184203,판례내용,12,상고가 기각되어 재심대상판결이 확정되었다.
184203,판례내용,13,나.헌법재판소는 2008.10.30.
184203,판례내용,14,구 형법(2016.1.6.
184203,판례내용,15,"법률 제13719호로 개정되기 전의 것, 이하 같다)제241조가 헌법에 위반되지 아니한다고 결정하였다가(이하 ‘종전 합헌결정’이라고 한다), 2015.2.26."
184203,판례내용,16,구 형법 제241조가 헌법에 위반된다고 결정하였다(이하 ‘이 사건 위헌결정’이라고 한다).
184203,판례내용,17,따라서 구 형법 제241조는 이 사건 위헌결정에 따라 헌법재판소법 제47조 제3항 단서에 의하여 종전 합헌결정이 있었던 날의 다음 날인 2008.10.31.로 소급하여 효력을 상실하였다.
184203,판례내용,18,2.판 단
184203,판례내용,19,"가.헌법재판소법 제47조는 제2항에서 “위헌으로 결정된 법률 또는 법률의 조항은 그 결정이 있는 날부터 효력을 상실한다.”라고 규정하면서, 제3항에서 “제2항에도 불구하고 형벌에 관한 법률 또는 법률의 조항은 소급하여 그 효력을 상실한다.다만, 해당 법률 또는 법률의 조항에 대하여 종전에 합헌으로 결정한 사건이 있는 경우에는 그 결정이 있는 날의 다음 날로 소급하여 효력을 상실한다.”라고 규정하고, 제4항에서 “제3항의 경우에 위헌으로 결정된 법률 또는 법률의 조항에 근거한 유죄의 확정판결에 대하여는 재심을 청구할 수 있다.”라고 규정하고 있다."
184203,판례내용,20,"나.헌법재판소법 제47조 제4항에 따라 재심을 청구할 수 있는 ‘위헌으로 결정된 법률 또는 법률의 조항에 근거한 유죄의 확정판결’이란 헌법재판소의 위헌결정으로 인하여 같은 조 제3항의 규정에 의하여 소급하여 효력을 상실하는 법률 또는 법률의 조항을 적용한 유죄의 확정판결을 의미한다.따라서 위헌으로 결정된 법률 또는 법률의 조항이 같은 조 제3항 단서에 의하여 종전의 합헌결정이 있는 날의 다음 날로 소급하여 효력을 상실하는 경우 그 합헌결정이 있는 날의 다음 날 이후에 유죄 판결이 선고되어 확정되었다면, 비록 범죄행위가 그 이전에 행하여졌다 하더라도 그 판결은 위헌결정으로 인하여 소급하여 효력을 상실한 법률 또는 법률의 조항을 적용한 것으로서 ‘위헌으로 결정된 법률 또는 법률의 조항에 근거한 유죄의 확정판결’에 해당하므로 이에 대하여 재심을 청구할 수 있다고 보아야 한다."
184203,판례내용,21,"다.앞서 본 사실관계에 비추어 볼 때, 2008.11.25."
184203,판례내용,22,선고된 재심대상판결은 이 사건 위헌결정으로 인하여 소급하여 효력을 상실한 구 형법 제241조가 적용된 판결로서 헌법재판소법 제47조 제4항에서 정한 ‘위헌으로 결정된 법률의 조항에 근거한 유죄의 확정판결’에 해당한다.따라서 재심대상판결에는 위 규정에서 정한 재심이유가 있다고 보아야 한다.
184203,판례내용,23,3.결 론
184203,판례내용,24,"그렇다면, 피고인의 재심청구는 이유 있으므로 헌법재판소법 제47조 제4항, 제5항, 형사소송법 제435조 제1항에 따라 재심대상판결에 대하여 재심을 개시하기로 하여 주문과 같이 결정한다."
184203,판례내용,25,판사 장○(재판장)조○ 이○
