판례일련번호,구분,문장번호,내용
302925,판례내용,1,대구지방법원
302925,판례내용,2,판결
302925,판례내용,3,사건 2005고정6129 근로기준법위반
302925,판례내용,4,"피고인 박○○○(55****-1******), 자영업"
302925,판례내용,5,주거 대구 (이하 생략)
302925,판례내용,6,본적 경북 (이하 생략)
302925,판례내용,7,검사 최대건
302925,판례내용,8,판결 선고 2006.4.26.
302925,판례내용,9,주문
302925,판례내용,10,"피고인을 벌금 2,000,000원에 처한다."
302925,판례내용,11,"피고인이 위 벌금을 납입하지 아니하는 경우 금 50,000원을 1일로 환산한 기간 피고인을 노역장에 유치한다."
302925,판례내용,12,위 벌금에 상당한 금액의 가납을 명한다.
302925,판례내용,13,이유
302925,판례내용,14,범죄사실
302925,판례내용,15,"피고인은 대구 (이하 생략)소재 △△섬유의 대표로서 상시 약 30명의 근로자를 고용하여 섬유제조업을 영위하는 사용자였던 바, 사용자는 근로자의 퇴직 등 그 지급사유가 발생한 때로부터 14일 이내에 퇴직금 등 일체의 금품을 지급하여야 함에도,"
302925,판례내용,16,"2000.5.1.경부터 위 사업장에서 근무하다가 2005.5.16.경 퇴직한 근로자 □□□의 퇴직금 14,461,230원을 당사자 간 지급기일 연장에 관한 합의 없이 퇴직일로부터 14일 이내에 지급하지 아니하였다."
302925,판례내용,17,증거의 요지
302925,판례내용,18,1.피고인에 대한 검찰 피의자신문조서 중 일부 진술기재
302925,판례내용,19,2.□□□에 대한 경찰 진술조서
302925,판례내용,20,3.평균임금 및 퇴직금 산정서
302925,판례내용,21,법령의 적용
302925,판례내용,22,1.범죄사실에 대한 해당법조
302925,판례내용,23,"형법 제8조 본문, 제1조 제1항, 구 근로기준법(2005.3.31."
302925,판례내용,24,"법률 제7465호로 개정되기 전의 것)제112조, 제36조"
302925,판례내용,25,2.노역장 유치
302925,판례내용,26,"형법 제70조, 제69조 제2항"
302925,판례내용,27,3.가납명령
302925,판례내용,28,형사소송법 제334조 제1항
302925,판례내용,29,피고인의 주장에 대한 판단
302925,판례내용,30,"피고인은 2001.2.경 근로자 □□□에게 입사 후 5년간의 퇴직금을 미리 정산하여 1,500만원을 지급하였으므로 더 이상 퇴직금을 지급할 법률상 의무가 없다는 취지로 주장한다."
302925,판례내용,31,"살피건대, 퇴직금이란 퇴직이라는 근로관계의 종료를 요건으로 하여 비로소 발생하는 것으로 근로계약이 존속하는 동안에는 원칙으로 퇴직금 지급의무는 발생할 여지가 없는 것이고(대법원 2002.7.12."
302925,판례내용,32,"선고 2002도2211 판결 등 참조), 한편 근로기준법 제34조 제3항에 의하면 근로자가 먼저 요구하는 경우 예외적으로 사용자가 미리 퇴직금을 중간정산하여 지급할 수 있도록 규정하고 있기는 하나, 이 경우에도 유효한 퇴직금의 지급으로 인정되려면 중간정산 요구 이전의 근로기간에 대한 것이어야 하고, 따라서 근로자가 장래에 계속 근로할 것을 전제로 중간정산 요구 이후의 장래의 근로기간에 대하여 미리 퇴직금을 정산하여 지급하는 것은 허용되지 아니한다고 할 것이다."
302925,판례내용,33,"이 사건으로 돌아와 보건대, 피고인의 주장대로 □□□에게 1,500만원을 지급하였다고 하더라도 위와 같은 견지에서 이는 유효한 퇴직금의 지급으로 인정될 수 없다고 할 것인바, 피고인의 위 주장은 받아들이기 어렵다."
302925,판례내용,34,이○의 이유로 주문과 같이 판결한다.
302925,판례내용,35,판사 김○ _________________________
