판례일련번호,구분,문장번호,내용
305419,판례내용,1,서울북부지방법원
305419,판례내용,2,판 결
305419,판례내용,3,사 건 2015고단4401 사기
305419,판례내용,4,피 고 인 A
305419,판례내용,5,"검 사 ○○○(기소), ○○○(공판)"
305419,판례내용,6,변 호 인 변호사 ○○○(국선)
305419,판례내용,7,판 결 선 고 2016.1.29.
305419,판례내용,8,주 문
305419,판례내용,9,피고인을 징역 1년에 처한다.
305419,판례내용,10,이 유
305419,판례내용,11,범죄사실
305419,판례내용,12,국토교통부는 무주택 근로자들의 주거안정을 위해 국민주택기금을 재원으로 하여 근로자 주택전세자금을 담보 없이 시중금리보다 낮은 금리로 대출하는 제도를 운영하고 있다.
305419,판례내용,13,"피고인은 불상의 대출브로커와 허위로 주택전세계약서, 재직증명서 등을 작성하여 금융기관에 제출하고 피고인 명의로 근로자 주택전세자금 대출을 받은 다음 이를 나누어 가지기로 공모하였다."
305419,판례내용,14,"위와 같은 공모에 따라 불상의 대출브로커(일명 ‘○○○’)는 2013.7.하○ 대출신청자인 피고인이 마치 ‘○○인테리어’에 다니는 것처럼 허위로 작성한 재직증명서, 소득세원천징수영수증, 급여명세서 등 재직관련 서류와 허위 임대인 B 소유인 ‘인천광역시 부평구 ○○동 ○○○-○○ ○○아파트 ○○○호’에 대한 허위 전세계약서를 작성한 후 피고인에게 넘겨주었다."
305419,판례내용,15,"피고인은 2013.8.8.경 경기 광명시 ○○로 ○○○에 있는 피해자 ○○은행 ○○지점에서 그곳 성명불상의 대출담당 직원에게 위와 같이 허위로 작성된 재직증명서와 전세계약서 등을 제출하면서 대출금을 실제로 전세보증금으로 사용할 것처럼 6,660만 원의 국민주택기금 전세자금 대출을 신청하였다."
305419,판례내용,16,"그러나 사실은 위 전세계약서는 피고인이 위 ○○아파트 ○○○호를 임차할 의사 없이 허위로 작성된 것이고, 피고인은 위 ○○인테리어에 재직한 사실도 없으며, 대출금을 전세보증금으로 사용할 의사가 전혀 없었다."
305419,판례내용,17,"이로써 피고인은 위 불상의 대출브로커, 위 B 등과 공모하여, 위와 같이 피해자 ○○은행을 속여 이에 속은 피해자로부터 2013.8.9.경 근로자주택전세자금 대출금 명목으로 6,660만 원을 위 B 명의 계좌로 입금받아 이를 편취하였다."
305419,판례내용,18,증거의요지
305419,판례내용,19,1.피고인의 법정진술
305419,판례내용,20,"1.개인보증(근로자)보증원장, 대출신청서, 대출거래약정서, 신용보증신청서, 아파트전세계약서, 영수증, 임대차계약 사실확인서, 통장사본, 주민등록등본, 재직증명서, 소득세원천징수확인서"
305419,판례내용,21,법령의적용
305419,판례내용,22,1.범죄사실에 대한 해당법조 및 형의 선택
305419,판례내용,23,"형법 제347조 제1항, 제30조, 징역형 선택"
305419,판례내용,24,양형의이유
305419,판례내용,25,[권고형의 범위]
305419,판례내용,26,일반사기 > 제1유형(1억 원 미만)> 가중영역(1년~2년6월)
305419,판례내용,27,[특별가중인자]
305419,판례내용,28,범행수법이 매우 불량한 경우
305419,판례내용,29,※ 처단형과 권고형 비교 형량범위 : 1년~2년6월
305419,판례내용,30,[선고형의 결정]
305419,판례내용,31,"피해금액이 적지 아니함에도 이에 대한 변제가 제대로 이루어지지 아니한 점, 피고인은 근로자들의 주거안정을 위한 자금을 편취함으로써 가뜩이나 부족한 재원을 더욱 부족하게 만든 점, 이 사건 범행은 죄질도 좋지 아니한 점 등을 고려할 때 피고인에 대한 엄벌이 불가피하다."
305419,판례내용,32,"다만, 피고인이 이 사건 범행을 시인하면서 잘못을 뉘우치고 있는 점, 피고인은 집행유예 이상으로 처벌받은 전력은 없는 점, 피해자를 위하여 300만 원을 공탁한 점, 그 밖에 피고인의 연령, 성행과 환경, 범행의 동기, 수단과 결과, 범행 후의 정황 등 이 사건 변론에 나타난 양형의 조건을 참작하여 주문과 같이 형을 정한다."
305419,판례내용,33,판사 박○ _________________________
