판례일련번호,구분,문장번호,내용
305493,판례내용,1,서울북부지방법원
305493,판례내용,2,판 결
305493,판례내용,3,"사 건 2016고단4228 업무방해, 재물손괴"
305493,판례내용,4,피 고 인 A
305493,판례내용,5,"검 사 ○○○(기소), ○○○(공판)"
305493,판례내용,6,변 호 인 변호사 ○○○(국선)
305493,판례내용,7,판 결 선 고 2016.10.26.
305493,판례내용,8,주 문
305493,판례내용,9,피고인을 징역 6월에 처한다.
305493,판례내용,10,이 유
305493,판례내용,11,범죄사실
305493,판례내용,12,[범죄전력]
305493,판례내용,13,〇 사건 : 서울중앙지방법원 2015.8.12.
305493,판례내용,14,선고 강제추행죄
305493,판례내용,15,〇 판결 : 징역 3월/집행유예 1년
305493,판례내용,16,〇 경과 : 2015.8.20.
305493,판례내용,17,확정
305493,판례내용,18,"※ 현재 별건 계속중 : 〇 서울중앙지법 2016고단5335, 6756(병합)위계공무집행방해등"
305493,판례내용,19,〇 서울남부지법 2016고정2016 업무방해
305493,판례내용,20,[범죄사실]
305493,판례내용,21,1.업무방해
305493,판례내용,22,피고인은 2016.9.23.
305493,판례내용,23,"13:50경 서울 ○○구 ○○로 ○○길 ○○에 있는 ○○○ 편의점 ○○○점에서, 종업원 피해자 ○○○(여, 19세)에게 술에 취하여 ""내가 ○○보다 잘 생기지 않았냐.경찰에 신고했냐.밖에 나가면 소주 사주냐?”라고 말하며 시비를 걸고 손으로 피해자의 얼굴을 만지려고 하는 등 겁을 주고 불상의 다른 손님에게 욕설을 하는 등의 방법으로 약 20분에 걸쳐 위력으로 피해자의 편의점 관리 업무를 방해하였다."
305493,판례내용,24,2.재물손괴
305493,판례내용,25,"피고인은 위 일시․장소에서, 피해자인 위 편의점 업주 소유의 시가 합계 3,300원 상당의 컵라면과 햄버거 각 1개의 포장을 마음대로 뜯어 다른 손님에게 판매할 수 없게 하는 방법으로 재물을 손괴하였다."
305493,판례내용,26,증거의요지
305493,판례내용,27,1.피고인의 법정진술
305493,판례내용,28,1.○○○에 대한 경찰 진술조서
305493,판례내용,29,법령의적용
305493,판례내용,30,1.범죄사실에 대한 해당법조
305493,판례내용,31,"형법 제314조 제1항(업무방해), 제366조(재물손괴)"
305493,판례내용,32,1.형의 선택
305493,판례내용,33,각 징역형
305493,판례내용,34,1.경합범 가중
305493,판례내용,35,"형법 제37조 전단, 제38조 제1항 제2호, 제50조"
305493,판례내용,36,양형이유
305493,판례내용,37,■ 양형기준
305493,판례내용,38,유형 구분 감경 기본 가중
305493,판례내용,39,1 업무방해 1월 ~ 8월 6월 ~ 1년 6월 1년 ~ 3년 6월
305493,판례내용,40,〇 업무방해(2013년) : 벌금 500만원
305493,판례내용,41,〇 업무방해(2016년) : 벌금 500만원
305493,판례내용,42,〇 업무방해(2016년) : 벌금 70만원
305493,판례내용,43,〇 제1범죄(업무방해)
305493,판례내용,44,□ 특별․일반양형인자 : 해당 없음
305493,판례내용,45,▶ 권고형량 : 기본영역(6월 ~ 1년 6월)
305493,판례내용,46,〇 제2범죄(손괴)
305493,판례내용,47,□ 특별양형인자 : 감경요소(피해 경미)
305493,판례내용,48,▶ 권고형량 : 감경영역(1월 ~ 6월)
305493,판례내용,49,□ 일반양형인자 : 해당 없음
305493,판례내용,50,⇒ 다수범 가중에 따른 최종 범위 : 6월 ~ 1년 9월(제1범죄 상한 + 제2범죄 상한의 1/2)
305493,판례내용,51,■ 구형 : 징역 6월
305493,판례내용,52,■ 선고형 : 징역 6월
305493,판례내용,53,"□ 가중인자 : 피해 미회복, 동종 처벌전력 누적 등"
305493,판례내용,54,"□ 감경인자 : 자백, 별건 분리진행, 주취범행 반복에 대한 치료와 원호 필요성, 이혼 등"
305493,판례내용,55,판사 오○ _________________________
