판례일련번호,구분,문장번호,내용
149153,판시사항,1,관세포탈품 취득자로부터의 몰수후 관세포탈범에 대한 추징의 적부(소극)
149153,판결요지,2,관세법 제180조 제1항의 관세포탈품이 그 지정취득자로부터 압수 몰수되었다면 같은 물건에 대한 다른 범법자의 관계에 있어서도 실질상 몰수한 것과 마찬가지라고 할 것이므로 여기에는
149153,판결요지,3,동법 제198조 제1항에 의하여 추징을 명할 수 없다.
149153,참조조문,4,"관세법 제180조,"
149153,참조조문,5,제198조
149153,판례내용,6,"【피고인, 상고인】"
149153,판례내용,7,【변 호 인】   변호사(사선)박○
149153,판례내용,8,【원심판결】
149153,판례내용,9,서울고등법원 1981.6.26.
149153,판례내용,10,선고 80노1609 판결
149153,판례내용,11,【주    문】
149153,판례내용,12,"원심판결을 파기하고, 사건을 서울고등법원에 환송한다."
149153,판례내용,13,【이    유】  1.상고이유를 판단한다.
149153,판례내용,14,기록을 살펴보니 피고인이 아연설 80돈을 일본에서 수입하여 허가된 타소장치 장소인 경기 양주군 와부면 덕소리 528 소재 여명주물공장 창고에 두었던 점에는 짐작이 가나 그 화물 가운데에 본건 오토바이 엔진 340대가 포함되어 있었고 또 피고인이 이를 부정반출하였다는 원심 인정사실을 시인할 만한 증거를 찾아볼 수 없다.
149153,판례내용,15,"다만, 원심 의용의 증거에 의하면 피고인이 고철화된 오토바이 엔진 340대를 공소외"
149153,판례내용,16,1에게 매도한 사실이 있는 점에 위 타소장치된 아연설이 수입량보다 약 7돈 가량 부족한 점을 미루어 부정유출을 추리할 수 있을 뿐이다.
149153,판례내용,17,"그런데, 피고인은 이 점에 관하여 1976년에 일본에서 고철 약 450톤을 수입통관하여 대부분 매각하고 고철화된 오토바이 엔진 400여개를 자기집에 운반보관하였다가"
149153,판례내용,18,공소외 2 창고로 옮겨서
149153,판례내용,19,공소외 1에게 매각하게 된 것이라고 변명하고 있을 뿐 아니라 여기에 부합되는 1심 증인
149153,판례내용,20,"공소외 1, 최○ 및 박○ 등의 증언들이 있다.그렇다면 원심의 위와 같은 범죄사실인정은 채증법칙을 어긴 위법이 있다고 아니할 수 없다."
149153,판례내용,21,2.기록에 의하면 공소외
149153,판례내용,22,"1은 피고인으로부터 관세포탈 물건인 일제 오토바이 엔진 340대를 지정 매수하였다는 사실로 별건으로 기소되어 유죄판결을 받으면서 그때 압수되었던 중고 9○씨씨 오토바이 엔진 15개, 중고 50씨씨 오토바이 엔진 325개의 몰수 선고를 받아 그 판결이 확정되었음을 인정할 수 있다."
149153,판례내용,23,그리고 위
149153,판례내용,24,김○이 몰수당한 오토바이 엔진 340대는 본건에서 피고인이 타소장치로부터 부정반출하였다는 오토바이 엔진 340대임이 기록상 분명하니 이 경우에 있어서 일단
149153,판례내용,25,관세법 제180조 1항에 의하여 몰수되었다면 같은 물건에 대한 다른 범법자의 관계에 있어서도 실질상 몰수한거와 마찬가지라 할 것이므로 여기에는
149153,판례내용,26,위 동법 제198조 제1항에 의하여 추징을 명할 수 없다 할 것이니(
149153,판례내용,27,당원 1980.8.26.
149153,판례내용,28,"선고 80도620 판결 참조), 이와 견해를 달리하여 피고인으로부터 위 340대를 몰수할 수 없다 하여"
149153,판례내용,29,관세법 제198조에 의하여 그 가액상당을 추징한 원심의 조처는 위법하다고 할 것이다.
149153,판례내용,30,이상 설시한 바와 같이 소론의 논지 이유있어 원심판결을 파기환송하기로 관여법관의 의견이 일치되어 주문과 같이 판결한다.
149153,판례내용,31,대법관 전○(재판장)이○ 이○ 이○
