판례일련번호,구분,문장번호,내용
303765,판례내용,1,사건
303765,판례내용,2,2009고합238 특수공무집행방해치상
303765,판례내용,3,피고인
303765,판례내용,4,"김○○○ (710820), 조경업"
303765,판례내용,5,주거 대전 대덕구
303765,판례내용,6,등록기준지 서산시
303765,판례내용,7,검사
303765,판례내용,8,박○
303765,판례내용,9,변호인
303765,판례내용,10,변호사 김○(국선)
303765,판례내용,11,판결 선고
303765,판례내용,12,2009.8.13.
303765,판례내용,13,피고인을 징역 1년 6월에 처한다.
303765,판례내용,14,피고인은 2008.8.1.
303765,판례내용,15,"00:50경 혈중알콜농도 미상의 술에 취한 상태로 18무4799호 옵티마 승용차를 운전하여 대전 서구 월평동에 있는 갈마역 3번 출구 앞 도로를 진행하던 중, 마침 그곳에서 음주단속 중이던 둔산경찰서 방범순찰대 소속 의경 양●●이 음주감지기로 피고인의 음주운전 사실을 확인하여 그곳 3차로에 서 있던 같은 순찰대 소속 경찰관 박◎◎으로부터 하차를 요구받았다."
303765,판례내용,16,그럼에도 피고인은 위 박○◎◎이 피고인의 차량 앞에서 하차하라고 신호를 보내자 마치 차량을 3차로에 정차할 듯한 태세를 보이며 바퀴를 우측으로 틀다가 단속을 피하기 위하여 갑자기 왼쪽으로 바퀴를 틀어 피고인의 승용차를 급출발하여 피고인의 차량 왼쪽 앞부분으로 피해자를 충격하여 넘어뜨린 후 도주하였다.
303765,판례내용,17,"이로써 피고인은 위험한 물건인 위 승용차로 위 박◎◎을 들이받아 폭행함으로써 경찰공무원의 음주운전단속에 관한 정당한 직무집행을 방해하고, 이로 인하여 피해자 박◎◎(43세)에게 약 3주간의 치료를 요하는 머리 내 열린 상처가 없는 뇌진탕 등의 상해를 입게 하였다."
303765,판례내용,18,1.범죄사실에 대한 해당법조
303765,판례내용,19,"형법 제144조 제2항 전문, 제1항, 제136조 제1항"
303765,판례내용,20,1.작량감경
303765,판례내용,21,"형법 제53조, 제55조 제1항 제3호(아래 양형의 이유 중 감경적 양형요소 참작)"
303765,판례내용,22,○ 처단형의 범위 : 징역 1년 6월 이상 7년 6월 이하
303765,판례내용,23,"○ 가중적 양형요소 : 피고인은 음주운전을 하고 경찰의 음주운전 단속을 피하고자 경찰관인 피해자를 승용차로 치어 약 3주간의 치료를 요하는 상해를 입히고도 순찰차의 추격을 따돌려 그대로 도주한 점, 피고인은 이 사건 범행 당시 마치 정차할 듯한 태도를 보이다가 급출발하는 바람에 피해자가 승용차의 운전석 쪽 보닛(bonnet) 위로 올라탔다가 굴러 떨어져 피고인은 피해자가 승용차에 부딪친 사실을 충분히 알 수 있음에도 이 사건 범행 이후 9개월여 만에야 차량수배로 인하여 수사기관에 출석하며 처음에는 자신과 인상착의가 비슷한 성미상 ◇◇가 위 범행을 한 것으로 생각된다고 진술하다가 나중에는 자신이 음주운전으로 단속될 것이 두려워 그대로 도주하였으나 피해자가 다친 사실을 알지 못하였다고 변명하였던 점, 피고인에게 5회의 폭력 관련 전과가 있고 그 중 4회는 실형 전과인 점 등"
303765,판례내용,24,○ 감경적 양형요소 : 피고인이 늦었지만 2009.6.4.
303765,판례내용,25,"피해자를 위하여 300만원을 공탁한 점, 피고인이 우발적으로 이 사건 범행을 저지른 점, 그 밖에 피고인의 연령, 성행, 환경 등"
303765,판례내용,26,이○의 이유로 주문과 같이 판결한다.
303765,판례내용,27,재판장 판사 위○ _________________________
303765,판례내용,28,판사 김○ _________________________
303765,판례내용,29,판사 손○ _________________________
