판례일련번호,구분,문장번호,내용
305759,판례내용,1,서울중앙지방법원
305759,판례내용,2,판 결
305759,판례내용,3,"사 건 2015고단3952 사기, 주민등록법위반, 국민건강보험법위반"
305759,판례내용,4,"피 고 인 A, 주방 보조"
305759,판례내용,5,주거
305759,판례내용,6,등록기준지
305759,판례내용,7,"검 사 ○○○(기소), ○○○(공판)"
305759,판례내용,8,판 결 선 고 2015.9.22.
305759,판례내용,9,주 문
305759,판례내용,10,피고인을 징역 4월에 처한다.
305759,판례내용,11,"다만, 이 판결 확정일로부터 1년간 위 형의 집행을 유예한다."
305759,판례내용,12,이 유
305759,판례내용,13,범죄사실
305759,판례내용,14,"1.사기, 주민등록법위반"
305759,판례내용,15,피고인은 건강보험료를 납부하지 않아 요양급여 혜택을 받을 수 없게 되자 이미 알고 있던 친동생 주민등록번호를 의료기관 진료에 도용하기로 마음먹었다.
305759,판례내용,16,피고인은 2011.7.12.
305759,판례내용,17,"11:30경 서울 송파구 ○○로 ○○길 ○ 에 있는 ○○의원에서 고혈압 진료 받은 후 의료비를 결제하면서 간호사 ○○○에게 동생인 B의 주민등록번호를 마치 자신의 주민등록번호인양 불러주어 이에 속은 ○○○으로 하여금 피해자 국민건강보험공단에 B에 대한 요양급여비 명목으로 8,830원을 청구하여 지급받도록 하는 한편 피고인은 ○○○으로부터 위 요양급여비에 해당하는 8,330원을 면제받아 위 금원 상당의 재산상 이익을 취득한 것을 비롯하여 2009.1.5.경부터 2014.10.15.경까지 별지 범죄일람표(1)기재와 같이 349회에 걸쳐 병원 관계자로 하여금 피해자 국민건강보험공단에 B에 대한 요양급여비 5,945,060원을 청구하여 지급받도록 하는 한편 각 병원으로부터 위 요양급여비에 해당하는 5,945,060원의 병원비를 면제받아 위 금원 상당의 재산상 이익을 취득하였다."
305759,판례내용,18,2.국민건강보험법위반
305759,판례내용,19,"피고인은 2013.5.24.경 서울 송파구 ○○로 ○○○-○에 있는 ○○의원에서 진료 받은 후 의료비를 결제하면서 그곳 병원 직원에게 동생인 B의 주민등록번호를 마치 자신의 주민등록번호인양 불러주어 이에 속은 병원 직원으로 하여금 피해자 국민건강보험공단에 B에 대한 요양급여비 명목으로 23,340원을 청구하여 지급받도록 한 것을 비롯하여 2013.5.24.경부터 2014.10.15.경까지 별지 범죄일람표(2)기재와 같이 133회에 걸쳐 마치 피고인이 B인 것처럼 행세하는 부정한 방법으로 병원 직원으로 하여금 피해자 국민건강보험공단에 B에 대한 요양급여비 합계 2,958,000원을 청구하여 지급받게 하였다."
305759,판례내용,20,증거의요지
305759,판례내용,21,1.피고인의 법정진술
305759,판례내용,22,"1.각 수사보고(범죄일람표 내용 변경, 피해자 B 전화 진술, 편취액 특정 경위 확인)"
305759,판례내용,23,"1.진정서, 국민건강보험 수사의뢰서, 범죄일람표"
305759,판례내용,24,1.건강보험증 도용피해 확인서
305759,판례내용,25,법령의적용
305759,판례내용,26,1.범죄사실에 대한 해당법조
305759,판례내용,27,"형법 제347조 제1항(사기의 점), 주민등록법 제37조 제10호(주민등록번호 부정사용의 점), 국민건강보험법 제115조 제2항 제5호(부정한 방법으로 보험급여를 받은 점)"
305759,판례내용,28,1.상상적 경합
305759,판례내용,29,"형법 제40조, 제50조(사기죄와 국민건강보험법위반죄 상호간)"
305759,판례내용,30,1.형의 선택
305759,판례내용,31,징역형 선택
305759,판례내용,32,1.경합범가중
305759,판례내용,33,"형법 제37조 전단, 제38조 제1항 제2호, 제50조"
305759,판례내용,34,1.집행유예
305759,판례내용,35,형법 제62조 제1항
305759,판례내용,36,양형의이유
305759,판례내용,37,"피고인이 자신의 잘못을 반성하고 있고, 현재 곤궁한 생활을 하고 있다."
305759,판례내용,38,"그 외 피고인의 연령, 성행, 가족관계, 가정환경, 범행의 동기와 수단, 범행 후의 정황 등 이 사건 기록에 나타난 양형 조건이 되는 사정을 참작하여 주문과 같은 형을 선고한다."
305759,판례내용,39,판사 유○ _________________________
