판례일련번호,구분,문장번호,내용
302942,판례내용,1,대 구 지 방 법 원
302942,판례내용,2,판 결
302942,판례내용,3,사 건
302942,판례내용,4,2006고단5359 도로교통법위반
302942,판례내용,5,피 고 인
302942,판례내용,6,"김○00 (53****-1******), 개인택시 운전"
302942,판례내용,7,주거 대구
302942,판례내용,8,본적 대구
302942,판례내용,9,검 사
302942,판례내용,10,엄○
302942,판례내용,11,판 결 선 고
302942,판례내용,12,2007.1.12.
302942,판례내용,13,주 문
302942,판례내용,14,피고인은 무죄.
302942,판례내용,15,이 유
302942,판례내용,16,1.공소사실의 요지
302942,판례내용,17,피고인은 2006.7.4.
302942,판례내용,18,01:30경 대구**바****호 택시를 운전하여 대구 동구 소재 삼성화재 동구 재활용센터 앞을 대구공고네거리 쪽에서 신암지하도 쪽으로 편도 3차로를 1차로로 진행하던 중 건너편의 승객을 태우기 위하여 중앙선을 침범하여 유턴하였다.
302942,판례내용,19,2.무죄이유
302942,판례내용,20,"가.이 사건은 경찰이 직접 피고인의 범법사실을 단속한 것이 아니라, 박○이 피고인의 위반사실을 목격하였다고 주장하며 경찰에 신고를 해옴에 따라 경찰이 박○의 진술을 토대로 하여 적발한 사안인바, 피고인은 수사기관 이래 이 법정에 이르기까지 일관되게 범행을 부인하고 있다."
302942,판례내용,21,"나.앞서 본 단속경위에 비추어 보면, 이 사건 공소사실에 부합하는 증거로는 실질적으로 신고자인 박○의 수사기관 및 법정에서의 진술만이 있을 뿐이므로 위 박○ 진술의 신빙성에 관하여 살피건대, 그 진술의 요지는 위 일시경 피고인이 운행하던 택시 뒤에서 박○도 택시를 운전하여 진행하고 있었는데, 피고인이 건너편에 있던 손님을 태우기 위하여 유턴지점이 아닌 곳에서 갑자기 속도를 줄이고 중앙선을 침범하여 유턴을 하는 것을 목격하게 되었고, 이에 위반사실을 신고하기 위하여 수첩에 피고인 택시의 번호와 위반장소, 위반행태를 기재하여 두었으며, 신고이유에 관하여는 다른 운전자들이 교통법규를 위반하여 자신의 운전에 장애를 주는 행동을 해서는 안된다고 생각하고 그와 같은 이유로 약 3년전부터 5-60건 정도의 위반행위를 신고해왔다는 것이다(기록에 첨부된 수첩사본에 이건 이외에 여러 건의 교통법규위반행위들이 기재되어 있다)."
302942,판례내용,22,"그러나, 사인의 신고만을 토대로 범법행위를 적발하는 경우에는 단순한 위반내용에 관한 진술 이외에 그 진술의 신빙성을 더해줄 수 있는 구체적, 객관적 정황이나 동기, 또는 사진 등의 추가적인 입증자료가 필요하다고 할 것인데, 앞서 박○이 진술한 정도의 정황이나 신고동기만으로는 신고내용의 진실성을 뒷받침할 만한 객관적, 구체적 정황이 있다고 보기 부족하고, 달리 그 진술의 신빙성을 더해 줄 수 있는 추가적인 자료도 없다."
302942,판례내용,23,3.결론
302942,판례내용,24,"유죄의 인정은 법관으로 하여금 합리적 의심의 여지가 없을 정도로 확신을 가지게 할 수 있는 증명력을 가진 증거에 의하여야 하며, 그와 같은 증거가 없다면 피고인이 유죄라는 의심이 간다 하더라도 피고인의 이익으로 판단할 수밖에 없다고 할 것인데(대법원 2006.2.10."
302942,판례내용,25,"선고 2005도8965판결 등 참조), 앞서 본 바와 같은 이유로 박○의 진술은 그와 같은 증명력이 있다 할 수 없고, 달리 위 공소사실을 인정할 증거가 없어 이 사건 공소사실은 범죄의 증명이 없는 경우에 해당하므로 형사소송법 제325조 후단에 의하여 무죄를 선고한다."
302942,판례내용,26,판사 김○ _________________________
