판례일련번호,구분,문장번호,내용
215055,판시사항,1,가.1968.1.1이후 부터는 관세법상의 무면허 수입행위에 대하여 1968.7.15 법률 2032호로 개정되기 전의                               구 특정범죄가중처벌등에 관한 법률 제6조 제4항은 적용할 수 없다
215055,판시사항,2,나.범죄행위에 대한 실체법 적용의 잘못과 판결에 영향을 미친 법령위반
215055,판시사항,3,다.판결에 영향을 미친 법령위반은 상고심의 직권파기 사유에 해당한다
215055,판결요지,4,가.1968.1.1이후 부터는 관세법상의 무면허 수입행위에 대하여 1968.7.15 법률 2032호로 개정되기 전의                               구 특정범죄가중처벌등에 관한 법률 제6조 제4항은 적용할 수 없다.
215055,판결요지,5,나.원심판결 당시(1968.1.25.
215055,판결요지,6,)에 시행되는                               관계법(68.1.1 부터 시행되는 법률 제1976호)에는 제198조의2라는 규정이 없으므로                               구 특정범죄가중처벌등에관한법률 제6조 제4항 제2호는 구성요건을 내용으로 하는 규정이 없어 동 법조는 적용할 수 없는 법률이라 할 것이다.
215055,판결요지,7,다.판결에 영향을 미친 법령위반은 상고심의 직권파기사유에 해당한다.
215055,참조조문,8,"구 특정범죄가중처벌등에 관한 법률 제6조 제4항,                         관세법 제181조(관세법1976호),                         형사소송법 제383조 제1항,                         제384조"
215055,판례내용,9,【피 고 인】 피고인
215055,판례내용,10,"【원심판결】 제1심 순천지원, 제2심                         광주고등 1968.1.25."
215055,판례내용,11,선고 67노181 판결
215055,판례내용,12,【주    문】
215055,판례내용,13,"원판결을 파기하고,"
215055,판례내용,14,사건을 광주고등법원에 환송한다.
215055,판례내용,15,"【이    유】  피고인 및 그 변호인의 각 상고이유에 대한 판단에 들어가기에 앞서, 직권으로 원심 판결의 법률적용을 검토한다."
215055,판례내용,16,"원심은 원판시 피고인의 각 범죄 행위 중 무면허 수입 행위에 대하여                         특정범죄가중처벌등에 관한 법률(1968.7.15 법률 제2032호로 개정되기 전의 구법을 말한다)제6조 제4항 제2호, 관세법 제198조의2를 적용하고 있다.그러나 원심판결 당시(1968.1.25)의                         구 특정범죄가중처벌등에 관한 법률 제6조제 4항을 보면,                         관세법 제198조의2에 규정된 죄를 범한 자는 다음의 구별에 따라 가중처벌 한다."
215055,판례내용,17,"1.관세법 제114조의 규정에 의한 면허를 받지 아니하고, 수술, 수입 또는 반송한 물품의 원가(이하 본조에서 ""물품원가""라 한다)가 100만원 이상인 때에는 사형, 무기, 또는 10년 이상의 징역에 처한다."
215055,판례내용,18,"2.물품원가가 50만원 이상 100만원 미만인 때에는 무기 또는 5년 이상의 징역에 처한다 라고 규정하고 있으나,                         관세법(1968.1.1 법률 제1976호로 개정된 것)에는 제198조의2라는 규정이 없이 위에 본                         구 특정범죄가중처벌등에 관한 법률 제6조항 제2호는 구성요건을 내용으로 하는 규정이 없어(현행 관세법에는                         형법 부칙 제9조와 같은 규정이 없다), 동 법조는 결국 적용할 수 없는 법률이라 할 것임에도 불구하고, 그 규정을 적용한 원심판결에는 판결에 영향을 미친 법령 위배가 있다 할 것인 즉 원심판은 이점에 있어 파기를 면치 못한다 하겠다.이리하여 사건을 원심인 광주고등법원에 환송하기로 하고, 관여법관의 일치된 의견으로 주문과 같이 판결한다."
215055,판례내용,19,대법원판사 홍○(재판장)양○ 이○ 주○
