판례일련번호,구분,문장번호,내용
156253,판시사항,1,시청 양정계 직원이 직무집행 의사로써 직무집행행위를 한 이상 그 내용이 부실하였다 하더라도 직무 유기죄가 성립되지 않는다고 인정된 예
156253,판결요지,2,시청 양정계 직원이 직무집행 의사로써 직무집행행위를 한 이상 그 내용이 부실하였다 하더라도 직무 유기죄가 성립되지 않는다고 할 것이다.
156253,참조조문,3,형법 제122조
156253,판례내용,4,"【피고인, 상고인】"
156253,판례내용,5,【피 고 인】
156253,판례내용,6,【상 고 인】   검사 (피고인
156253,판례내용,7,【원 판 결】 전주지방법원 1969.4.17.
156253,판례내용,8,선고 68노720 판결
156253,판례내용,9,【주    문】
156253,판례내용,10,"검사와 피고인 김○, 동 김영일, 동 정○의 각 상고를 모두 기각한다."
156253,판례내용,11,상고후의 구금일수중 100일을 피고인 김○의 본형에 산입한다.
156253,판례내용,12,"【이    유】  (1)피고인 김○의 상고이유를 보건대,"
156253,판례내용,13,양형이 과중하다는 취지의 논지는 징역 3년이 선고된 이 사건에 있어서는 적법한 상고이유가 되지 않으므로 논지는 채용할 수 없다.
156253,판례내용,14,"(2)검사의 피고인 최○에 대한 상고이유를 보건대,"
156253,판례내용,15,"1, 2심 판결과 기록을 정사하여도 미곡상인인 피고인 최○이가 창고업자인 상피고인 김○으로 부터 1964.6.경부터 1965.10.경까지의 사이에 전후 6회에 걸쳐 쌀 400가마와 보리 700가마를 포함 164만원에 매수함에 그것이 장물인 점을 알고 샀다고 볼 증거가 보이지 않을뿐 더러 그 당시의 싯가가 공소사실과 같이 175만원이였다 하여도 그를 가라로 풀어보면 평균 1가마에 100원정도 싸게산 셈 밖에 않되고, 또 그 두사람 사이가 친근한 사이도 아니어서 전화로 교섭함은 직전을 주고 그때 그때 물건을 실어왔다는 것이 엿보이므로 이러한 점으로 보아도 공소사실은 수긍하기 어려움을 알수 있으니 원심이 본건 범죄의 확증이 없다고한 1심판결을 지지한 조처에는 채증법칙을 어긴 허물이 있다할 수 없으므로 논지는 이유없다."
156253,판례내용,16,(3)검사의 피고인
156253,판례내용,17,"2,"
156253,판례내용,18,"3,"
156253,판례내용,19,"5에 대한 공동 상고이유를 보건대,"
156253,판례내용,20,위 피고인들이 전주시청 양정계직원으로서 상 피고인
156253,판례내용,21,"1이 보관하고 있는 정부양곡 등을 월 2회씩 조사할 때에 그 재고량을 정확하게 조사할 공무원법상의 의무가 있었다 하더라도 피고인들이 모두 조사는 하기는 했으나 형식적으로 혹은 소홀히 했기때문에 그 수량부족을 미처 발견하지 못하였다면 그 직무집행내용이 부실할 뿐직무집행 의사로써 직무집행행위를 한 점에는 변함이 없다 할 것이고, 그 내용이 부실하다 하여 직무집행의사를 버리고 직무집행을 하지 않은 경우에 해당한다고는 할 수 없을 것이며, 따라서 이러한 경우에는 공무원법상 징계대상이 된다는 것은 몰라도 형법상 직무유기죄는 성립할 수 없다할 것이므로 이와 견해를 같이한 원심판단은 정당하고, 이와 반대의 논지는 채용할 수 없다."
156253,판례내용,22,"(4)피고인 김○의 상고이유를 보건대,"
156253,판례내용,23,논지는 본건 범행당시 범의가 없었다는 취지로 단순한 사실오인의 주장에 불과하여 적법한 상고이유가 되지 않으므로 이는 채용할 수 없다.
156253,판례내용,24,"(5)피고인 정○의 상고이유를 보건대,"
156253,판례내용,25,단순한 사실부인 내지 사실오인 주장은 징역8월(2년간 집행유예)이 선고된 이 사건에 있어서는 적법한 상고이유가 되지 않으므로 논지는 이유없다.
156253,판례내용,26,"그러므로 각 상고를 모두 기각하고, 상고후의 구금일수 중 100일을 피고인 김○의 본형에 산입하기로 하여 관여법관 일치의 의견으로 주문과 같이 판결한다."
156253,판례내용,27,대법원판사 사○(재판장)김○ 주○ 홍○
