판례일련번호,구분,문장번호,내용
239829,판례내용,1,【피 고 인】 피고인
239829,판례내용,2,"【검    사】 임○(기소), 임○(공판)"
239829,판례내용,3,【변 호 인】 변호사 이○(국선)
239829,판례내용,4,【주    문】
239829,판례내용,5,"피고인을 벌금 2,000,000원에 처한다."
239829,판례내용,6,"피고인이 위 벌금을 납입하지 않는 경우 100,000원을 1일로 환산한 기간 피고인을 노역장에 유치한다."
239829,판례내용,7,피고인에게 위 벌금에 상당한 금액의 가납을 명한다.
239829,판례내용,8,【이    유】【범죄사실】1.2021.9.7.자 범행
239829,판례내용,9,피고인은 2021.9.7.
239829,판례내용,10,"16:05경 서울 서초구 (주소 생략)에 있는 피해자 공소외인이 근무하는 변호사 사무실에 이르러, 피고인으로 하여금 위 피해자에게 100m 이내로 접근하지 말 것을 명하는 법원의 결정이 있는 등 피해자가 피고인이 피해자를 방문하는 것을 싫어하는 것을 알고 있음에도 임의로 피해자의 사무실 안으로 들어 가 위 사무실에 침입하였다."
239829,판례내용,11,2.2021.11.1.자 범행
239829,판례내용,12,가.건조물침입
239829,판례내용,13,피고인은 2021.11.1.
239829,판례내용,14,"15:30경 제1항 기재 장소에서, 제1항과 마찬가지로 피해자 공소외인이 근무하는 사무실 안으로 들어 가 위 사무실에 침입하였다."
239829,판례내용,15,나.상해
239829,판례내용,16,"피고인은 위 가항 기재 일시, 장소에서, 위 가항과 같이 피해자 공소외인(남,60세)이 운영하는 사무실에 들어간 다음, 피해자에게 대화를 하자고 요청했으나 사무실에서 나가달라는 말을 듣자 화가 나, 주먹으로 피해자의 얼굴 부위를 수회 때리고, 입으로 피해자의 이마 부위를 깨무는 등 피해자에게 약 21일간의 치료가 필요한 안면부 타박상 등을 가하였다."
239829,판례내용,17,【증거의 요지】1.피고인의 일부 법정진술
239829,판례내용,18,1.증인 공소외인의 법정진술
239829,판례내용,19,"1.결정문, 상해진단서, 상해부위사진, 녹취록, 녹취록cd, cctv영상 usb"
239829,판례내용,20,1.수사보고서(발생현장 법무법인 ‘이현’ 폐쇄회로영상 열람 및 분석)
239829,판례내용,21,"【피고인 및 변호인의 주장에 관한 판단】   피고인은 정신질환을 앓고 있는 딸의 치료 및 장래 진로를 이혼한 전 배우자의 동생인 피해자와 상의하기 위하여 피해자의 사무실에 들어갔고, 피해자가 대화를 거부하기에 피고인을 상해한 것이므로 이 사건 범행은 사회상규에 반하지 않는 정당한 행위라고 주장하나, 비록 피고인이 피해자에게 하고자 하는 말이 있다 하더라도 피해자의 의사에 반하여 피해자의 사무실에 출입하고, 나아가 피해자에게 상해를 가하는 행위가 사회상규에 위배되지 않는다고 볼 수는 없다."
239829,판례내용,22,"한편, 피고인은 몸싸움 과정에서 피해자가 피고인의 손가락을 깨물었다는 취지의 주장도 하나, 피고인과 피해자 사이의 몸싸움 과정이 촬영된 cctv영상(증거목록 순번 9)에 의하더라도 피해자가 피고인의 손가락을 깨무는 모습은 보이지 않고, 설령 피고인의 손가락이 피해자의 입 안에 들어갔다 하더라도 이는 피고인이 피해자 얼굴 부위를 때리는 과정에서 일어난 것에 불과한 것으로 보인다."
239829,판례내용,23,따라서 피고인의 주장은 받아들이지 않는다.
239829,판례내용,24,【법령의 적용】1.범죄사실에 대한 해당법조 및 형의 선택
239829,판례내용,25,"각 형법 제319조 제1항(건조물침입의 점), 형법 제257조 제1항(상해의 점), 벌금형 선택"
239829,판례내용,26,1.경합범가중
239829,판례내용,27,"형법 제37조 전단, 제38조 제1항 제2호, 제50조"
239829,판례내용,28,1.노역장유치
239829,판례내용,29,"형법 제70조 제1항, 제69조 제2항"
239829,판례내용,30,1.가납명령
239829,판례내용,31,형사소송법 제334조 제1항
239829,판례내용,32,판사 심○
