판례일련번호,구분,문장번호,내용
302727,판례내용,1,광주지방법원
302727,판례내용,2,판결
302727,판례내용,3,사건 2011고정134 도로교통법위반(음주운전)
302727,판례내용,4,"피고인 박○○○ (73년생), ○○대학교 교직원"
302727,판례내용,5,주거 광주 남구 ○○동 ○○○-○○ ○○ ○○○동 ○○○○호
302727,판례내용,6,등록기준지 광주 북구 ○ 동 ○○
302727,판례내용,7,검사 이○
302727,판례내용,8,변호인 변호사 김○(국선)
302727,판례내용,9,판결선고 2011.4.12.
302727,판례내용,10,주문
302727,판례내용,11,"피고인을 벌금 1,000,000원에 처한다."
302727,판례내용,12,"피고인이 위 벌금을 납입하지 아니하는 경우 금 50,000원을 1일로 환산한 기간 피고인을 노역장에 유치한다."
302727,판례내용,13,위 벌금에 상당한 금액의 가납을 명한다.
302727,판례내용,14,이유
302727,판례내용,15,범죄사실
302727,판례내용,16,피고인은 2010.10.30.
302727,판례내용,17,00:10경 혈중알코올농도 0.133%의 술에 취한 상태로 광주 광산구 ○○동에 있는 ○○대학교 2호관 앞 운동장 윗길 도로에서부터 같은 건물 옆에 있는 농구장 입구 옆 도로까지 약 30m의 구간에서 광주○○다○○○○호 코란도 승용차를 운전하였다.
302727,판례내용,18,증거의 요지
302727,판례내용,19,1.피고인의 일부 법정진술
302727,판례내용,20,2.증인 ○○○의 법정진술
302727,판례내용,21,3.피고인에 대한 경찰피의자신문조서 중 일부 진술기재
302727,판례내용,22,"4.주취운전자 정황보고서, 수사보고- 위드적용에 대하여, 주취운전자 적발보고서"
302727,판례내용,23,"5.실황조사서, 교통사고 현장증거사진, 수사보고(수사기록 제47쪽)"
302727,판례내용,24,법령의 적용
302727,판례내용,25,1.범죄사실에 대한 해당법조 및 형의 선택
302727,판례내용,26,"도로교통법 제148조의2 제1호, 제44조 제1항, 벌금형 선택"
302727,판례내용,27,2.노역장유치
302727,판례내용,28,"형법 제70조, 제69조 제2항"
302727,판례내용,29,3.가납명령
302727,판례내용,30,형사소송법 제334조 제1항
302727,판례내용,31,피고인 및 변호인의 주장에 대한 판단
302727,판례내용,32,피고인과 변호인은 이 사건 운전 장소가 도로교통법상 도로에 해당되지 않으므로 이 사건 범행이 죄가 되지 않는다는 취지로 주장한다.
302727,판례내용,33,"그러나, 위 증거의 요지란 기재 각 증거에 의하면, ① 비록 피고인이 운전한 장소는 대학구내의 통행로이고 위 대학구내로 진입하기 위한 사실상 통행로는 정문 1곳이기는 하나, 피고인이 운전한 장소는 차량의 쌍방통행이 이루어지는 곳이고 위 정문 출입구는 일반 도로와 연결되어 있으며, 그 출입구에 차단기가 설치되어 있지 않는 점(즉, 주간에는 출입구를 별도의 차단기로 아예 차단하지 않고 전부 개방하고, 야간과 휴일이 라 하더라도 정문 출입구 중 일부 부분만을 철문차단기로 차단할 뿐 정문 양쪽에 있는 입구와 출구 공간은 철문차단기로 차단하고 있지 않아 항상 통행이 가능한 점), ② 주간, 야간 및 휴일 모두 경비원들이 그 출입차량에 대하여 별다른 통제를 하고 있지 않아 누구나 차량으로 정문 출입구를 통해 출입하여 위 대학구내를 자유롭게 통행하고 있는 점, ③ 정문에 주차통제라는 입간판이 설치되어 있으나 이는 주차공간이 부족하기 때문에 이루어지는 것으로 보일뿐 외부 차량의 출입 자체를 통제하는 것으로는 보이지 않는 점 등을 종합하여 보면, 피고인이 운전한 위 도로는 특정한 용건이 있는 사람들만이 사용할 수 있고 자주적으로 관리되는 장소라기보다는, 불특정 다수의 사람이 나 차량의 통행을 위하여 공개된 장소로서 교통질서유지 등을 목적으로 하는 일반교통 경찰권이 미치는 곳으로 도로교통법 제2조 제1호 소정의 도로에 해당한다고 봄이 상당하다."
302727,판례내용,34,따라서 위 주장은 받아들이지 아니한다.
302727,판례내용,35,판사 고○ _________________________
