판례일련번호,구분,문장번호,내용
304217,판례내용,1,사건 고단 위증 2008 5086
304217,판례내용,2,"피고인 년생남 부동산공인중개사 A (37 , ),"
304217,판례내용,3,검사 이○
304217,판례내용,4,변호인 변호사 이○
304217,판례내용,5,판결선고 2009.3.17.
304217,판례내용,6,피고인을 징역 6월에 처한다.
304217,판례내용,7,피고인은 부산 중구 동 소재 부동산사무실에서 부동산공인중개사로 일하는 ▲▲ ◯◯ 사람이다.
304217,판례내용,8,"위 부동산사무실에서 부산 중구 동 소재 소유주 B의 건물 1,2층의 점포에 대한 임차권 양도계약을 중개하면서 임차인이며 양도인인 주와 양수인 C 사이에 양도금액을 250,000,000원, 임대보증금은 400,000,000원으로 하여 부동산 권리양도계약서를 작성함에 있어 특약사항란에 ""위의 보증금은 본 계약의 양수인이 건물주에게 지급하고 양도인은 건물주에 보증금을 반환받고 본 계약 체결에 동시 행책임을 진다.점포 내 시설비 일절 에어콘 대라고 기재하고 빗금 표시를 하여 마무리 표시를 하였고, 조금 후 양도인 회사의 직원으로 계약에 관여한 D의 요구로 별도의 ""2층 미용실 임대보증금 50,000,000원, 월세 1,500,000원 정 양수인이 승계한다""라는 내용을 추가하게 되었다."
304217,판례내용,9,"이에 대해 나중에 도착한 양수인 C가 추가한 특약사항은 인정하지 못하겠다고 하였으나, D로부터 양도인 회사와 건물주 간의 임대차계약이 지속되지 않으면 양도인 회사와 미용실 업주인 E 간의 전대차계약도 자동적으로 해지되어 미용실을 양수할 수 있다는 말을 듣고 그러한 내용의 부동산 임대차계약서를 확인하고 나서부터는 양수인 C가 더는 특약사항 추가 부분에 대해서 거부하거나 삭제 요구를 하지 않았고, 피고인 또한 추가된 특약사항을 두 줄로 긋는 등으로 삭제하지 않은 상태로 C와 D에게 교부하였다."
304217,판례내용,10,"다만, 추가된 특약과 같이 미용실에 대한 임대보증금 50,000,000원을 양수인이 승계하면 양도금액 250,000,000원을 200,000,000원으로 축소하여야 하고, 양도인이 부담하여야 할 미용실에 대한 명도의무를 양수인이 부담하게 되므로, C는 양도금액을 200,000,000원으로 축소하는 새로운 양도양수계약서를 작성하지 아니하였고, D의 말과 같이 명도에 문제가 없으면 괜찮을 것으로 판단하고 유보적인 입장에서 위와 같이 이를 거부하거나 삭제 요구는 하지 않았지만, 특약사항 말미에 날인은 하지 않았다."
304217,판례내용,11,피고인은 2007.3.30.
304217,판례내용,12,"15:00 경 부산 연제구에 있는 부산지방법원 304호 법정에서 원고 주 C와 피고 D 간의 위 법원 가합 2006 20477호 부당이득금 반환청구 사건의 증인으로 출석하여 선서하고 증언함에 있어, ""계약 체결 당시 추가된 문구를 발견한 원고가 그 문구의 추가를 거부하므로 결국 원고가 동의하지 아니하여 그 추가 부분은 무효가 되었다.특약사항 마지막에 기재된 표시는 마침의 의미가 아니고 삭제 또는 취소의 의미이다""라는 취지의 진술을 하여 기억에 반한 허위의 공술을 하여 위증하였다."
304217,판례내용,13,피고인의 일부 법정 진술
304217,판례내용,14,1.증인 D의 법정 진술
304217,판례내용,15,"1.피고인에 대한 검찰 피의자 신문조서 중 일부 진술 기재 (D, C 진술 부분 포함)"
304217,판례내용,16,1.피고인에 대한 제3회 경찰 피의자 신문조서
304217,판례내용,17,1.D에 대한 경찰 진술조서
304217,판례내용,18,1.C에 대한 경찰 진술조서 중 일부 진술 기재
304217,판례내용,19,1.증인 신문조서
304217,판례내용,20,1.부동산 권리양도계약서
304217,판례내용,21,1.고소장
304217,판례내용,22,1.범죄사실에 대한 해당 법조 및 형의 선택
304217,판례내용,23,1.형법 제152조 제1항 징역형 선택
304217,판례내용,24,판사 김○
304217,판례내용,25,_________________________
