판례일련번호,구분,문장번호,내용
238263,판시사항,1,[1] 형법 제355조 제1항에서 정한 ‘반환의 거부’의 의미 및 반환의 거부가 횡령죄를 구성하려면 반환거부행위가 횡령행위와 같다고 볼 수 있을 정도에 이르러야 하는지 여부(적극)/ 횡령죄에서 ‘불법영득의 의사’의 의미 및 반환거부에 정당한 이유가 있는 경우 불법영득의 의사가 인정되는지 여부(소극)
238263,판시사항,2,"[2] 예금계좌에 금전이 착오로 잘못 송금되어 입금된 경우, 수취인과 송금인 사이에 신의칙상 보관관계가 성립한다는 이유만으로 송금인이 수취인에게 금전의 수수를 수반하는 사무처리를 위임하였다고 보아 수취인의 송금인에 대한 상계권 행사가 당초 위임한 취지에 반한다고 볼 수 있는지 여부(원칙적 소극)"
238263,참조조문,3,[1] 형법 제355조 제1항 / [2] 형법 제355조 제1항
238263,판례내용,4,【피 고 인】 피고인
238263,판례내용,5,【상 고 인】 검사
238263,판례내용,6,【변 호 인】 법무법인 법여울 담당변호사 이○ 외 3인
238263,판례내용,7,【원심판결】 대구지법 2021.11.24.
238263,판례내용,8,선고 2021노1887 판결
238263,판례내용,9,【주    문】
238263,판례내용,10,상고를 기각한다.
238263,판례내용,11,【이    유】  상고이유를 판단한다.
238263,판례내용,12,"형법 제355조 제1항에서 정한 ‘반환의 거부’란 보관물에 대하여 소유자의 권리를 배제하는 의사표시를 하는 행위를 뜻하므로, ‘반환의 거부’가 횡령죄를 구성하려면 타인의 재물을 보관하는 자가 단순히 반환을 거부한 사실만으로는 부족하고, 반환거부의 이유와 주관적 의사를 종합하여 반환거부행위가 횡령행위와 같다고 볼 수 있을 정도에 이르러야 한다.횡령죄에서 ‘불법영득의 의사’는 타인의 재물을 보관하는 자가 그 취지에 반하여 정당한 권원 없이 스스로 소유권자와 같이 이를 처분하는 의사를 의미하므로, 비록 반환을 거부하였더라도 반환거부에 정당한 이유가 있다면 불법영득의 의사가 있다고 할 수 없다(대법원 1998.7.10."
238263,판례내용,13,"선고 98도126 판결, 대법원 2002.9.4."
238263,판례내용,14,"선고 2000도637 판결, 대법원 2015.2.26."
238263,판례내용,15,선고 2014도11552 판결 등 참조).
238263,판례내용,16,한편 예금계좌에 금전이 착오로 잘못 송금되어 입금된 경우 수취인과 송금인 사이에 신의칙상 보관관계가 성립하지만(대법원 2010.12.9.
238263,판례내용,17,"선고 2010도891 판결, 대법원 2018.7.19."
238263,판례내용,18,"선고 2017도17494 전원합의체 판결 등 참조), 특별한 사정이 없는 한 이러한 이유만으로 송금인이 착오로 송금한 금전이 위탁자가 목적과 용도를 정하여 명시적으로 위탁한 금전과 동일하다거나, 송금인이 수취인에게 금전의 수수를 수반하는 사무처리를 위임하였다고 보아 수취인의 송금인에 대한 상계권 행사가 당초 위임한 취지에 반한다고 볼 수는 없다."
238263,판례내용,19,"원심은 판시와 같은 이유로, 이 사건 공소사실에 대하여 범죄의 증명이 없다고 보아 무죄를 선고한 제1심판결을 유지하였다.원심판결 이유를 관련 법리와 기록에 비추어 살펴보면, 원심의 판단에 필요한 심리를 다하지 아니한 채 논리와 경험의 법칙을 위반하여 자유심증주의의 한계를 벗어나거나 횡령죄에서의 ‘보관자’ 및 ‘불법영득의사’에 관한 법리를 오해함으로써 판결에 영향을 미친 잘못이 없다."
238263,판례내용,20,"그러므로 상고를 기각하기로 하여, 관여 대법관의 일치된 의견으로 주문과 같이 판결한다."
238263,판례내용,21,대법관 민○(재판장)조○ 이○ 천○(주심)
