판례일련번호,구분,문장번호,내용
303337,판례내용,1,대구지방법원 판결
303337,판례내용,2,사건 2014고단1388 상해
303337,판례내용,3,"피고인 피고인 (75****-1******), 직업 생략 주거 생략 등록기준지 생략"
303337,판례내용,4,"검사 최○(기소), 김○(공판)"
303337,판례내용,5,변호인 변호사 지현태(국선)
303337,판례내용,6,판결선고 2015.6.25.
303337,판례내용,7,주문 피고인을 징역 10월에 처한다.
303337,판례내용,8,이유 범죄사실 피고인은 피해자(9세)의 아버지이다.
303337,판례내용,9,피고인은 2013.6.2.
303337,판례내용,10,"11:00경 경북 청도군 각남면에 있는 피고인의 주거지에서, 피해자의 성적이 좋지 않다는 이유로 피해자의 얼굴을 주먹과 손바닥으로 수회 때려 치료일수를 알 수 없는 얼굴 부위 좌상, 치아 파절상 등을 가하였다."
303337,판례내용,11,"증거의 요지 1.증인 피해자, 공소외 1의 각 법정진술 1.공소외 1에 대한 경찰 진술조서 1.녹취록(피해자)1.가정환경조사서, 수사보고(피해자 장기입소, 피의자 이전범죄 등)1.사진 1.진단서"
303337,판례내용,12,"법령의 적용 1.범죄사실에 대한 해당법조 및 형의 선택 형법 제257조 제1항, 징역형 선택"
303337,판례내용,13,양형의 이유 [권고형의 범위] 일반적인 상해 > 제1유형(일반상해)> 기본영역(4월~1년6월) [특별감경(가중)인자] 처벌불원(피해 회복을 위한 진지한 노력 포함)또는 상당 부분 피해 회복된 경우 / 범행에 취약한 피해자
303337,판례내용,14,"[선고형의 결정] 피해자가 이 법정에서 친아버지인 피고인이 다시 가정으로 돌아와 함께 살기를 원한다는 의사를 표시한 점, 1회의 상해 범행으로만 공소제기 되었고, 이 사건 범행 후 피해자가 피고인 및 피고인의 어머니 공소외 2와 동거해 온 2년여 동안 피해자에 대한 다른 폭력행위나 학대행위는 없었던 것으로 보이는 점(피해자 및 공소외 1의 법정진술 참조)등 피고인에게 유리하게 평가할 만한 정상들도 있다."
303337,판례내용,15,"그러나 피고인이 아버지로서 피해자를 건강하고 안전하게 양육하고 사랑으로 보살펴야 할 지위에 있음에도 범행 당시 만 9세(초등학교 3학년)에 불과한 피해자에게 폭력을 행사하여 상해를 가한 점, 이 사건 범행으로 인하여 피해자의 신체적 상해 외에도 정신적 상처가 상당히 컸을 것으로 보이고, 이는 피해자의 향후 성장에도 부정적인 영향을 미치게 될 것인 점, 비록 피고인이 이 법원에 제출한 반성문을 통해 피해자에 대하여 더 많은 노력과 사랑을 베풀겠다는 의사를 밝힌 바 있으나, 이 사건 범행으로 피해자가 약 1개월 동안 아동보호시설에 보호되었다가 피해자 및 위 공소외 2의 요청에 따라 가정으로 복귀할 당시 피고인이 재범방지 등을 위한 서약서 작성을 거부한 바 있고, 이 사건으로 수사 및 재판을 받는 과정에서도 계속하여 출석을 거부하거나 진술거부권을 행사해 온 점 등의 범행 후 정황에 비추어 볼 때 피고인이 진정으로 자신의 잘못을 뉘우치고 있는지 의심스러운 점, 피고인이 2005.11.24."
303337,판례내용,16,"이 법원에서 이혼한 처 공소외 3(피해자의 어머니)에 대한 상해 및 감금 등 범행으로 집행유예 판결을 선고받은 바 있고, 2009.6.5."
303337,판례내용,17,"수원지방검찰청 성남지청에서 피해자에 대한 아동복지법위반(자기보호아동학대)및 영아유기 혐의에 대하여 기소유예 처분을 받은 전력이 있는 점 등의 정상을 고려할 때, 피고인에 대하여는 부득이 실형을 선고할 수밖에 없다."
303337,판례내용,18,"이에 위에서 든 주요 정상들과 그 밖에 피고인의 연령, 성행, 환경, 범행의 동기 내지 경위, 수단과 결과, 범행 후의 정황 등 제반 양형조건을 참작하여 주문과 같이 형을 정한다."
303337,판례내용,19,판사 김○ _________________________
