판례일련번호,구분,문장번호,내용
238421,판시사항,1,"준강제추행죄에서 말하는 ‘심신상실’ 및 ‘항거불능’ 상태의 의미 / 피해자가 깊은 잠에 빠져 있거나 술·약물 등에 의해 일시적으로 의식을 잃은 상태 또는 완전히 의식을 잃지는 않았더라도 그와 같은 사유로 정상적인 판단능력과 대응·조절능력을 행사할 수 없는 상태에 있었던 경우, 준강제추행죄에서의 심신상실 또는 항거불능 상태에 해당하는지 여부(적극)/ 피고인이 ‘피해자가 범행 당시 술을 마셨지만 의식상실 상태가 아니었다.’는 취지로 주장하는 경우, 범행 당시 피해자가 심신상실 또는 항거불능 상태에 있었는지 판단하는 기준"
238421,참조조문,2,형법 제299조
238421,판례내용,3,【피 고 인】 피고인
238421,판례내용,4,【상 고 인】 피고인
238421,판례내용,5,【변 호 인】 법무법인 기세 담당변호사 전○
238421,판례내용,6,【원심판결】 대전지법 2023.2.1.
238421,판례내용,7,"선고 2021노1668, 3167 판결"
238421,판례내용,8,【주    문】
238421,판례내용,9,상고를 기각한다.
238421,판례내용,10,【이    유】  상고이유를 판단한다.
238421,판례내용,11,"준강제추행죄에서 ‘심신상실’이란 정신기능의 장애로 인하여 성적 행위에 대한 정상적인 판단능력이 없는 상태를 의미하고, ‘항거불능’의 상태라 함은 심신상실 이외의 원인으로 심리적 또는 물리적으로 반항이 절대적으로 불가능하거나 현저히 곤란한 경우를 의미한다.피해자가 깊은 잠에 빠져 있거나 술·약물 등에 의해 일시적으로 의식을 잃은 상태 또는 완전히 의식을 잃지는 않았더라도 그와 같은 사유로 정상적인 판단능력과 대응·조절능력을 행사할 수 없는 상태에 있었다면 준강제추행죄에서의 심신상실 또는 항거불능 상태에 해당한다.피고인이 ‘피해자가 범행 당시 술을 마셨지만 의식상실 상태가 아니었다.’라는 취지로 주장하는 경우, 법원은 피해자의 범행 당시 음주량과 음주 속도, 경과한 시간, 피해자의 평소 주량, 피해자가 평소 음주 후 기억장애를 경험하였는지 여부 등 피해자의 신체 및 의식 상태가 범행 당시 알코올 블랙아웃인지 아니면 패싱아웃 또는 행위통제능력이 현저히 저하된 상태였는지를 구분할 수 있는 사정들과 더불어 CCTV나 목격자를 통하여 확인되는 당시 피해자의 상태, 언동, 피고인과의 평소 관계, 만나게 된 경위, 성적 접촉이 이루어진 장소와 방식, 그 계기와 정황, 피해자의 연령·경험 등 특성, 성에 대한 인식 정도, 심리적·정서적 상태, 피해자와 성적 관계를 맺게 된 경위에 대한 피고인의 진술 내용의 합리성, 사건 이후 피고인과 피해자의 반응을 비롯한 제반 사정을 면밀하게 살펴 범행 당시 피해자가 심신상실 또는 항거불능 상태에 있었는지 여부를 판단해야 한다(대법원 2021.2.4."
238421,판례내용,12,선고 2018도9781 판결 등 참조).
238421,판례내용,13,"원심은 위 법리를 원용하여 그 판시와 같은 이유로 이 사건 공소사실 중 준강제추행의 점에 대하여 유죄로 판단하였다.원심판결 이유를 위 법리와 적법하게 채택한 증거에 비추어 살펴보면, 원심의 판단에 논리와 경험의 법칙을 위반하여 자유심증주의의 한계를 벗어나거나 준강제추행죄의 고의, 심신상실 내지 항거불능의 상태에 관한 법리오해, 판단누락의 잘못이 없다."
238421,판례내용,14,"그러므로 상고를 기각하기로 하여, 관여 대법관의 일치된 의견으로 주문과 같이 판결한다."
238421,판례내용,15,대법관 천○(재판장)조○ 민○(주심)이○
