판례일련번호,구분,문장번호,내용
303537,판례내용,1,대구지방법원
303537,판례내용,2,판결
303537,판례내용,3,사건
303537,판례내용,4,고단
303537,판례내용,5,병역법위반
303537,판례내용,6,2021고단3413
303537,판례내용,7,피고인
303537,판례내용,8,"A (99년생, 남)"
303537,판례내용,9,검사
303537,판례내용,10,"김○ (기소), 이○ (공판)"
303537,판례내용,11,변호인
303537,판례내용,12,변호사 김○ (국선)
303537,판례내용,13,판결 선고
303537,판례내용,14,2021.11.18.
303537,판례내용,15,주문
303537,판례내용,16,피고인을 징역 1년에 처한다.
303537,판례내용,17,"다만, 이 판결 확정일부터 2년간 위 형의 집행을 유예한다."
303537,판례내용,18,이유
303537,판례내용,19,범죄사실
303537,판례내용,20,피고인은 병역의무자이다.
303537,판례내용,21,"피고인은 최초 병역 판정 검사를 받을 당시 병역을 기피하거나 감면받을 목적으로 신체손상, 문신 등의 행위를 한 경우 병역법에 따라 처벌을 받게 된다는 취지의 병역면탈 예방교육을 받아 전신문신을 할 경우 병역의무가 감면되어 형사처벌을 받을 수 있다는 사실을 알고 있었다."
303537,판례내용,22,"그럼에도 불구하고 피고인은 2018.6.경부터 2019.9.경까지 대구 이하 불상의 장소에서 팔, 다리, 배 등 전신에 문신을 한 후 현역으로 입영하였다가 2019.12.9."
303537,판례내용,23,"전신문신 사유로 귀가되었고, 귀가자 병역판정검사에서 고도 문신을 이유로 2020.2.5."
303537,판례내용,24,신체등급 4급 판정을 받아 사회복무요원 소집대상으로 병역처분을 받았다.
303537,판례내용,25,이로써 피고인은 병역의무를 기피하거나 감면받을 목적으로 신체를 손상하였다.
303537,판례내용,26,증거의 요지
303537,판례내용,27,피고인의 법정진술
303537,판례내용,28,병적조회서
303537,판례내용,29,병역판정검사 조회서
303537,판례내용,30,질병상태문진표 캡쳐화면
303537,판례내용,31,병역판정전담의사 소견서
303537,판례내용,32,질병심신장애 발생경위서
303537,판례내용,33,문신시술순서
303537,판례내용,34,피내사자 문신 사진
303537,판례내용,35,현역 귀가자 통보
303537,판례내용,36,귀가자 명부
303537,판례내용,37,정밀신체검사 판정서
303537,판례내용,38,심리검사장 교육자료 일부
303537,판례내용,39,작성의 진술서
303537,판례내용,40,페이스북 화면 출력자료
303537,판례내용,41,인스타그램 병역면탈 예방 안내문
303537,판례내용,42,법령의 적용
303537,판례내용,43,범죄사실에 대한 해당법조
303537,판례내용,44,병역법 제86조
303537,판례내용,45,집행유예
303537,판례내용,46,형법 제62조 제1항
303537,판례내용,47,양형의 이유
303537,판례내용,48,"피고인이 병역의무를 기피하거나 감면받을 목적으로 전신에 문신을 새겨 신체를 손상한 것으로 그 죄질이 좋지 않고, 병역제도의 근간을 해하는 것으로 엄정한 처벌이 필요하다."
303537,판례내용,49,"다만, 피고인이 범죄사실을 인정하면서 반성하는 태도를 보이는 점, 현역병 입영이 가능한 경우 현역병으로 복무하겠다는 의사를 표시하고 있는 점, 현역병으로 복무하지 아니하더라도 사회복무요원 소집에 응하여야 하는 점 등을 피고인에게 유리한 정상으로 참작하고, 그 밖에 피고인의 나이, 환경, 성행, 가족관계, 범행의 동기와 수단, 범행의 결과, 범행 후 정황 등 이 사건 변론에 나타난 제반 양형요소를 종합적으로 고려하여 주문과 같이 형을 정한다."
303537,판례내용,50,판사 김○
303537,판례내용,51,_________________________
