판례일련번호,구분,문장번호,내용
306491,판례내용,1,울 산 지 방 법 원
306491,판례내용,2,판 결
306491,판례내용,3,사 건 2012고단1840 사기
306491,판례내용,4,피 고 인 A
306491,판례내용,5,"검 사 황○(기소), 변○(공판)"
306491,판례내용,6,변 호 인 변호사 윤○(국선)
306491,판례내용,7,판 결 선 고 2013.10.17.
306491,판례내용,8,주 문
306491,판례내용,9,피고인을 징역 10월에 처한다.
306491,판례내용,10,이유
306491,판례내용,11,범죄사실
306491,판례내용,12,피고인은 해외취업을 미끼로 피해자들로부터 금품을 편취하기로 마음먹고 2011.9.1.
306491,판례내용,13,"피해자 B에게 ""내가 운영하고 있는 C은 일본 히타치사의 협력사인데 히타치에서 발주한 화력발전소에 건설에 근무할 기술자를 모집하고 있다.취업을 하면 월 700~800만 원을 벌 수 있는데 취업을 하려면 일본 항공료 및 체류비용을 먼저 송금해라.""라고 거짓말하였다."
306491,판례내용,14,그러나 피고인은 피해자로부터 돈을 교부받더라도 피해자를 취업시켜 줄 의사나 능력이 없었다.
306491,판례내용,15,"그럼에도 불구하고 피고인은 위와 같이 피해자를 기망하여 피고인의 통장으로 83만 원을 송금받는 등 그 무렵부터 2011.10.7.까지 별지 범죄일람표에 기재된 것과 같이 26회에 걸쳐 같은 방법으로 피해자들로부터 합계 26,239,511원을 교부받았다."
306491,판례내용,16,증거의 요지
306491,판례내용,17,1.피고인에 대한 검찰 피의자신문조서
306491,판례내용,18,"2.B, D, E, F에 대한 각 경찰 진술조서"
306491,판례내용,19,"3.근로계약서, 각 근로계약서 사본"
306491,판례내용,20,"4.계좌이체 결과 조회서, 각 계좌 거래내역, 송금내역, 각 피의자 명의 계좌 거래내역, 카드 거래내역서"
306491,판례내용,21,피고인의 주장에 대한 판단
306491,판례내용,22,"피고인은 공판기일 전에 제출한 의견서를 통하여, 처음부터 B 등을 속일 생각으로 금원을 교부받은 것은 아니므로 무죄라는 취지로 다툰다."
306491,판례내용,23,"그러나 이 법원이 적법하게 채택하여 조사한 증거들에 의하면, 피고인은 B 등에게 마치 일본 히타치사에 취업할 수 있을 것처럼 말하여 근로계약서를 작성하고 금원을 교부받은 사실, 그러나 실제로는 피고인이 히타치사와 구체적인 취업계약을 체결하지도 않았고 히타치사가 요구하는 인원수나 언어능력, 기술력 등을 갖추지 못한 채 무리하게 출국하는 등 정상적으로 취업이 되지 아니할 가능성이 크다는 점을 충분히 인식하였던 사실이 인정된다."
306491,판례내용,24,"따라서 이 사건 공소사실은 그 증명이 있다고 할 것이어서, 피고인의 위 주장은 받아들일 수 없다."
306491,판례내용,25,법령의 적용
306491,판례내용,26,1.범죄사실에 대한 해당 법조 및 형의 선택
306491,판례내용,27,"각 형법 제347조 제1항(피해자별로 포괄하여, 징역형 선택)"
306491,판례내용,28,2.경합범 가중
306491,판례내용,29,"형법 제37조 전단, 제38조 제1항 제2호, 제50조(범○ 가장 무거운 진상호에 대한 사기죄에 정한 형에 경합범 가중)"
306491,판례내용,30,양형이유
306491,판례내용,31,"해외취업을 미끼로 하여 불특정 다수인을 상대로 여러 차례에 걸쳐 금원을 편취한 점, 범행이 적발된 후에도 범의를 부인하다 공소가 제기되자 일본출장을 빙자하여 선고연기를 구한 후 소재를 감춘 점, 범행일로부터 상당한 기간이 지났음에도 피해변상이 전혀 이루어지지 아니한 점, 취업을 미끼로 한 동일한 수법의 벌금 전과 및 사문서 위조를 동반한 실형 전과 등 동종 전력이 있는 점 등을 고려하여 실형을 선고한다."
306491,판례내용,32,"다만 위와 같은 정황과 더불어 총 편취금액이 2,600여만 원에 그친 점, 그 중 상당한 액수를 일부 피해자의 항공료와 일본 체류비 등에 사용한 점, 실제 취업 알선을 위하여 피해자들과 일본으로 출국하는 등 노력한 흔적이 인정되는 점 및 사기범죄에 대한 양형기준 등을 형기에 참작하기로 하여 주문과 같이 형을 정한다."
306491,판례내용,33,판사 함○ _________________________
