판례일련번호,구분,문장번호,내용
231073,판례내용,1,【피 고 인】 피고인
231073,판례내용,2,【항 소 인】 피고인
231073,판례내용,3,"【검    사】 전○(기소), 김○(공판)"
231073,판례내용,4,【변 호 인】 변호사 정○(국선)
231073,판례내용,5,【원심판결】 수원지방법원 안산지원 2018.10.10.
231073,판례내용,6,선고 2018고정470 판결
231073,판례내용,7,【주    문】
231073,판례내용,8,피고인의 항소를 기각한다.
231073,판례내용,9,【이    유】1.항소이유의 요지
231073,판례내용,10,가.사실오인 내지 법리오해
231073,판례내용,11,"이 사건 공소사실 기재 표현은 모욕죄의 모욕으로 보기 어렵다.또한 피고인은 카카오톡 문자메시지를 한국노총 소속 3명에게만 보냈고, 위 3인이 스스로 그 내용을 공개한 것이 아닌바, 모욕죄에서 요구하는 공연성이 있다고 할 수 없다."
231073,판례내용,12,나.양형부당
231073,판례내용,13,원심의 형(벌금 50만 원)은 너무 무거워서 부당하다.
231073,판례내용,14,2.판단
231073,판례내용,15,가.사실오인 주장에 대한 판단
231073,판례내용,16,"피고인은 원심에서도 이 사건 공소사실 기재 표현이 모욕에 해당하지 않는다는 취지의 주장을 하였으나, 원심은 위 주장을 받아들이지 아니하고 그 거시 증거들을 종합하여 피고인에 대한 이 사건 공소사실을 유죄로 인정하였는바, 기록에 비추어 면밀히 검토해 보면 이 사건 공소사실 기재 표현은 피해자의 인격적 가치에 대한 사회적 평가를 저하시키기에 충분한 추상적 판단 등을 표현한 것에 해당하므로, 이에 관한 원심의 판단은 정당하다."
231073,판례내용,17,"나아가 모욕죄에서의 ‘공연성’은 불특정 다수인이 인식할 수 있는 상태 또는 불특정 다수인에게 전파될 가능성이 있는 상태를 의미하는 것인데, 원심이 적법하게 채택하여 조사한 증거들에 의하여 알 수 있는 다음과 같은 사정들, 즉 피고인이 보낸 문자메시지에 그 내용이 전파되지 않아야 함이 표시되지 않은 점, 수신자들이 그 메시지를 전파하지 않을 것이라는 특별한 이유가 있다고 보이지도 아니하는 점, 문자메시지 내용이 실제 다른 직원들에게 알려진 점, 피고인이 보낸 문자메시지의 내용과 분량에 비추어 볼 때 피고인이 불과 3인에게만 보내기 위해 그와 같은 메시지를 작성한 것이라고는 쉽게 믿기지 않는 점 등에 비추어 보면, 피고인의 행위에 공연성이 없다고 볼 수 없다."
231073,판례내용,18,따라서 피고인의 사실오인 주장은 이유 없다.
231073,판례내용,19,나.양형부당 주장에 대한 판단
231073,판례내용,20,"제1심과 비교하여 양형의 조건에 변화가 없고, 제1심의 양형이 재량의 합리적인 범위를 벗어나지 아니하는 경우에는 이를 존중함이 타당하다(대법원 2015.7.23."
231073,판례내용,21,선고 2015도3260 전원합의체 판결 등 참조).
231073,판례내용,22,"원심은 그 판시와 같이 피고인에게 유리한 사정들과 불리한 사정들을 종합적으로 고려하여 그 형을 정하였고, 당심에서 원심의 형을 변경할 만한 특별한 사정변경도 없다."
231073,판례내용,23,"피고인의 나이, 직업, 성행, 환경, 가족관계, 건강상태, 범죄전력 및 그 내용, 수사기관 및 법정에서의 태도, 죄질, 범행의 동기, 수단과 결과, 범행 후의 정황 등 원심 및 당심의 변론에 나타난 양형의 조건이 되는 여러 가지 사정들을 종합해 보아도, 피고인에 대한 원심의 형이 그 재량의 합리적 범위를 벗어난 것으로 너무 무거워 부당하다고 할 수 없다.따라서 피고인의 양형부당 주장은 이유 없다."
231073,판례내용,24,3.결론
231073,판례내용,25,"피고인의 항소는 이유 없으므로 형사소송법 제364조 제4항에 의하여 이를 모두 기각하기로 하여 주문과 같이 판결한다[다만 원심판결의 범죄사실 중 ""2017.9.17.경""(원심판결문 제2쪽 제1행)은 ""2017.9.14.경""으로 이를 수정한다]."
231073,판례내용,26,판사 허○(재판장)정○ 인○
