판례일련번호,구분,문장번호,내용
304497,판례내용,1,사 건 2010고단274 가.사기
304497,판례내용,2,나.도로교통법위반(무면허운전)
304497,판례내용,3,"피 고 인 1.가.나.박○A(70년생, 남)"
304497,판례내용,4,"2.가.배○(71년생, 남)"
304497,판례내용,5,"3.가.배○(63년생, 남)"
304497,판례내용,6,검 사 김영신
304497,판례내용,7,판 결 선 고 2010.4.21.
304497,판례내용,8,주문
304497,판례내용,9,"피고인 박○C를 징역 6월에, 피고인 배○을 벌금 7,000,000원에, 피고인 배○를 벌금 5,000,000원에 각 처한다."
304497,판례내용,10,"피고인 배○, 배○가 위 각 벌금을 납입하지 아니하는 경우 각 50,000원을 1일로 환산한 기간 위 피고인들을 노역장에 각 유치한다."
304497,판례내용,11,"피고인 배○, 배○에 대하여 위 각 벌금에 상당한 금액의 가납을 명한다."
304497,판례내용,12,이유
304497,판례내용,13,범죄사실
304497,판례내용,14,1.피고인들
304497,판례내용,15,피고인 박○ C는 2009.2.19.
304497,판례내용,16,07:25경 부산 동구 초량동에 있는 제3부두길 도로에서 피고인 배C1 소유의 ×라××××호 포터 화물차에 피고인 배○를 탑승시키고 운전하여 가다가 운전부주의로 도로가에 주차되어 있는 전남××사××××호 트레일러의 뒷부분을 들이받아 피고인 배○에게 약 6주간의 치료가 필요한 우측 요골 원위부 관절내 골절 등의 상해를 입게 하였다.
304497,판례내용,17,피고인들은 당시 자동차운전면허가 없는 피고인 박○가 교통사고를 발생시킨 것으로 위 화물차의 자동차보험사인 피해자 ▣자동차보험 주식회사에 사고접수를 할 경우 보험금이 지급되지 않는다는 사실을 알고 마치 피고인 배○이 운전하다가 교통사고가 발생된 것으로 사고접수를 하여 보험금을 수령하기로 공모하였다.
304497,판례내용,18,이에 피고인 배○은 2009.2.19.
304497,판례내용,19,09:39경 피해자인 위 보험사의 고객서비스센터에 전화하여 마치 자신이 위와 같은 교통사고를 발생시켜 피고인 배○가 상해를 입은 것 처럼 사고접수를 하였다.
304497,판례내용,20,그러나 사실은 피고인 박○C가 무면허운전을 하다가 교통사고를 발생시킨 것이다.
304497,판례내용,21,"피고인 배○는 이에 속은 피해자로부터 교통사고 보험금 명목으로 2009.2.26.경 504,000원, 2009.3.31.경 2,919,290원, 2009.4.24.경 1,000,000원 2009.6.1.경 354,470원, 2009.6.17.경 1,000,000원, 2009.9.8.경 8,687,570원, 2009.10.1.경 11,500,000원, 2009.10.5.경 452,730원, 2009.10.14.경 150,000원 등 합계 26,568,060원을 지급받았다."
304497,판례내용,22,이로써 피고인들은 공모하여 피해자를 기망하여 재물을 교부받았다.
304497,판례내용,23,2.피고인 박○C
304497,판례내용,24,피고인은 2009.2.19.
304497,판례내용,25,07:25경 부산 동래구 사직동에 있는 금성장 모텔 앞 도로부터 부산 영도구 남항동에 있는 공사현장에 이르기까지 약 20㎞ 구간에서 자동차운전면허를 받지 아니하고 ×라××××호 포터 화물차를 운전하였다.
304497,판례내용,26,1.피고인들의 법정진술
304497,판례내용,27,1.서C3에 대한 경찰진술조서
304497,판례내용,28,1.수사보고(보험금 수령내역)
304497,판례내용,29,1.범죄사실에 대한 해당법조 및 형의 선택
304497,판례내용,30,"피고인 박○C : 형법 제347조 제1항, 제30조, 도로교통법 제152조 제1호, 제43조(징역형 선택)"
304497,판례내용,31,"피고인 배○, 배C2 : 각 형법 제347조 제1항, 제30조(벌금형 선택)"
304497,판례내용,32,1.경합범가중
304497,판례내용,33,"피고인 박○C : 형법 제37조 전단, 제38조 제1항 제2호, 제50조"
304497,판례내용,34,1.노역장유치
304497,판례내용,35,"피고인 배○, 배○ : 각 형법 제70조, 제69조 제2항"
304497,판례내용,36,1.가납명령
304497,판례내용,37,"피고인 배○○, 배○C2 : 각 형사소송법 제334조 제1항"
304497,판례내용,38,판사 박○ _________________________
