판례일련번호,구분,문장번호,내용
305610,판례내용,1,서 울 북 부 지 방 법 원
305610,판례내용,2,판 결
305610,판례내용,3,사 건 2020고단2072 감염병의 예방 및 관리에 관한 법률 위반
305610,판례내용,4,피 고 인 ○○○
305610,판례내용,5,"검 사 박○ (기소),김○ (공판)"
305610,판례내용,6,판 결 선 고 2020.7.22.
305610,판례내용,7,주 문
305610,판례내용,8,"피고인을 징역 4 개월 및 벌금 500,000 원에 처한다."
305610,판례내용,9,"피고인이 위 벌금을 납입하지 아니하는 경우 100,000 원을 일로 환산한 기간 피고인을 노역장에 유치한다."
305610,판례내용,10,다만 이 판결 확정일로부터 2 년간 위 징역형의 집행을 유예한다.
305610,판례내용,11,위 벌금에 상당한 금액의 가납을 명한다.
305610,판례내용,12,이 유
305610,판례내용,13,범 죄 사 실
305610,판례내용,14,"보건복지부장관, 시ㆍ도지사 또는 시장ㆍ군수ㆍ구청장은 감염병이 유행하면 감염병의 전파를 막기 위하여 감염병 의심자를 적당한 장소에 일정한 기간 입원 또는 격리시키는 조치를 하여야 하고 누구든지 이러한 조치를 위반하여서는 아니 된다."
305610,판례내용,15,피고인은 2020.4.2.
305610,판례내용,16,인천국제공항을 통해 입국하여 감염병이 감염될 우려가 있는 사람에 해당한다는 이유로 2020.4.3.부터 2020.4.16.까지 서울 구 소재 주거지에 자가격리 조치되었다는 서울특별시 구 보건소장 명의의 통지를 받았다.
305610,판례내용,17,그럼에도 피고인은 2020.4.3.
305610,판례내용,18,11:16 경부터 같은 날 21:26 경까지 사이에 지하철과 버스를 이용하여 서울 구 구 일대를 방문하여 지인을 만나는 등 약 10 시간 동안 격리장소를 이탈한 것을 비롯하여 총 4 회에 걸쳐 자가격리 조치를 위반하였다.
305610,판례내용,19,증거의 요지
305610,판례내용,20,생략
305610,판례내용,21,법령의 적용
305610,판례내용,22,범죄사실에 대한 해당법조 및 형의 선택
305610,판례내용,23,각 구 감염병의 예방 및 관리에 관한 법률(2020.3.4.
305610,판례내용,24,"법률 제17067호로 개정되기 전의 것)제80조 제7호, 제47조 제3호(별지 범죄일람표 연번 1., 2.에 대하여), 각 감염병의 예방 및 관리에 관한 법률 제79조의3 제5호, 제47조 제3호(별지 범죄일람표 연번 3., 4에 대하여, 징역형 선택)"
305610,판례내용,25,"감염병의 예방 및 관리에 관한 법률 제 3 조 제 5 항 제 1 호 제 2 호별지 범죄일람표 연번 79, 3, 5, 47, 3 (표 연번)에 대하여 징역형 선택"
305610,판례내용,26,1.경합범가중
305610,판례내용,27,"형법 제37조 전단, 제38조 제1항 제2호, 제3호, 제50조"
305610,판례내용,28,1.노역장유치
305610,판례내용,29,"형법 제70조 제1항, 제69조 제2항"
305610,판례내용,30,1.집행유예
305610,판례내용,31,형법 제62조 제1항
305610,판례내용,32,1.가납명령
305610,판례내용,33,형사소송법 제334 조 제 1 항
305610,판례내용,34,양형의 이유
305610,판례내용,35,피고인이 코로나로 인한 재난상황에서 자가 격리조치를 위반한 것은 그 자체로 비난 가능성이 매우 크다.
305610,판례내용,36,"다만 피고인이 자신의 잘못을 인정하면서 반성하고 있는 점, 피고인이 최종적으로 음성판정을 받아 자가격리 위반으로 인한 코로나바이러스의 추가 전파가 발생하지는 않은 점, 피고인이 아무런 처벌을 받은 전력이 없는 초범인 점, 피고인의 경제적 곤궁과 배고픔이 이 사건 범행의 주된 원인이었던 것으로 보이는 점 등을 피고인에게 유리한 정상으로 참작하고, 그 밖에 피고인의 나이, 성행, 환경, 직업, 가족관계, 범행의 동기와 수단, 범행 후의 정황 등 이 사건 변론에 나타난 여러 양형 조건을 모두 고려하여 주문과 같이 형을 정한다."
305610,판례내용,37,판사 이○
