판례일련번호,구분,문장번호,내용
305326,판례내용,1,사건
305326,판례내용,2,"2011고합250 무고, 특정범죄가중처벌등에관한법률위반(운전자 폭행등)"
305326,판례내용,3,피고인
305326,판례내용,4,"이○○○ (1941년생), 요식업"
305326,판례내용,5,피고인을 징역 1년 6월에 처한다.
305326,판례내용,6,"다만, 이 판결 확정일로부터 2년간 위 형의 집행을 유예한다."
305326,판례내용,7,피고인에 대하여 보호관찰을 받을 것을 명한다.
305326,판례내용,8,피고인에게 80시간의 사회봉사를 명한다.
305326,판례내용,9,1.특정범죄가중처벌등에관한법률위반(운전자폭행등)
305326,판례내용,10,피고인은 2011.7.15.
305326,판례내용,11,"19:00 서울 도봉구 창동 소피아호텔 사거리에서 피해자 이○△△(53세)이○ 운행하는 서울3사64호 개인택시에 승차하여 목적지인 광진구 송정동으로 가던 중, 동부간선도로 군자교 램프에 이○르렀을 때 피해자가 임의로 교통체증이○ 심한 동부간선도로를 경유하였다고 오인하고 화가 난 나머지 왼손 주먹으로 운전 중이○던 피해자의 오른쪽 머리를 1회 때려 약 2주간의 치료를 요하는 뇌진탕 등의 상해를 가하였다."
305326,판례내용,12,2.무고
305326,판례내용,13,"피고인은 제1항 기재와 같은 일시, 장소에서 이○○△△이○○ 피고인의 폭행에 대하여 강하게 항의하는 등 이○○△△의 신고로 형사 처벌을 받을 것이○○ 예상되자, 이○○△△으로부터 폭행을 당하였다는 내용으로 먼저 허위 신고를 하여 상황을 모면하기로 마음먹었다."
305326,판례내용,14,"이에 피고인은 위와 같은 일시·장소에서 교통정리를 하고 있던 광진경찰서 중곡파출소 소속 경장 신○○○에게 ‘택시를 타고 오던 중에 택시 운전사에게 폭행을 당하였다’고 신○고를 하고, 계속하여 2011.7.15."
305326,판례내용,15,21:13경 서울 광진경찰서 형사과 형사2팀 사무실에서 피의자로 조사를 받으면서 ‘택시를 타고 오던 중에 택시 운전사 이○○△△이○○ 나를 폭행하여 손목이○○ 꺾이○○는 상해를 입었다’고 진술하였으나 사실은 이○○△△은 피고인을 폭행한 사실이○○ 전혀 없었다.
305326,판례내용,16,이○로써 피고인은 이○△△으로 하여금 형사 처벌을 받게 할 목적으로 무고하였다.
305326,판례내용,17,1.피고인의 법정진술
305326,판례내용,18,1.피고인에 대한 검찰 피의자신문조서
305326,판례내용,19,1.이○△△에 대한 경찰 피의자신문조서
305326,판례내용,20,1.이○○○의 진술서
305326,판례내용,21,1.수사보고서(최초 출동 경찰관 전화 진술 보고)
305326,판례내용,22,1.범죄사실에 대한 해당법조
305326,판례내용,23,"특정범죄 가중처벌 등에 관한 법률 제5조의10 제2항 전단, 제1항(운전자폭행의 점), 형법 제156조(무고의 점, 징역형 선택)"
305326,판례내용,24,1.법률상 감경
305326,판례내용,25,"형법 제157조, 제153조(자백하였으므로 무고죄에 대하여)"
305326,판례내용,26,1.경합범 가중
305326,판례내용,27,"형법 제37조 전단, 제38조 제1항 제2호, 제50조"
305326,판례내용,28,1.작량감경
305326,판례내용,29,"형법 제53조, 제55조 제1항 제3호(피고인이 이 사건 각 범행을 자백하며 잘못을 깊이 뉘우치고 있는 점, 피고인이 고령인 점 등 참작)"
305326,판례내용,30,1.집행유예
305326,판례내용,31,형법 제62조 제1항(위 작량감경 사유 거듭 참작)
305326,판례내용,32,1.보호관찰 및 사회봉사명령
305326,판례내용,33,형법 제62조의2 제1항
305326,판례내용,34,재판장 판사 김○ _________________________
305326,판례내용,35,판사 최○ _________________________
305326,판례내용,36,판사 정○ _________________________
