판례일련번호,구분,문장번호,내용
305528,판례내용,1,서울북부지방법원
305528,판례내용,2,판 결
305528,판례내용,3,사 건 2016고정1595 사기
305528,판례내용,4,피 고 인 A
305528,판례내용,5,"검 사 ○○○(기소), ○○○(공판)"
305528,판례내용,6,판 결 선 고 2016.10.13.
305528,판례내용,7,주 문
305528,판례내용,8,"피고인을 벌금 1,000,000원에 처한다."
305528,판례내용,9,"피고인이 위 벌금을 납입하지 아니하는 경우 100,000원을 1일로 환산한 기간 피고인을 노역장에 유치한다."
305528,판례내용,10,위 벌금에 상당한 금액의 가납을 명한다.
305528,판례내용,11,이 유
305528,판례내용,12,범죄사실
305528,판례내용,13,1.범죄경력
305528,판례내용,14,피고인은 2016.3.24.
305528,판례내용,15,서울북부지방법원에서 업무방해죄 등으로 벌금 5만원 및 징역 1년을 선고받고 같은 날 위 판결이 확정되었다.
305528,판례내용,16,2.합의금 편취 사기
305528,판례내용,17,가.2015.5.12.자 범행
305528,판례내용,18,피고인은 2015.5.12.
305528,판례내용,19,"23:00경 서울 ○○구 ○○○사거리 부근에서, 피해자 ○○○이 운전하던 서울○○○○○○○ ○○○ 개인택시의 뒷좌석에 승차한 후, 사실은 위 피해자가 피고인이 뒷문을 닫은 것을 확인하고 위 택시를 출발하여 상해를 입은 사실이 없었음에도 불구하고, 피해자에게 “왜 발도 안 들여놨는데 출발하냐?"
305528,판례내용,20,"병원 가면 얼마나 돈이 많이 나오는 줄 아느냐?”라고 말하면서 마치 피해자로 인하여 상해 피해가 발생한 것처럼 행세하여 이에 속은 피해자로부터 합의금 명목으로 60,000원을 교부받아 이를 편취하였다."
305528,판례내용,21,나.2015.6.15.자 범행
305528,판례내용,22,피고인은 2015.6.15.
305528,판례내용,23,"22:50경 서울 ○○○구 ○○로 ○○대학교 정문 앞 도로에서, 피해자 ○○○이 운전하던 서울○○○○○○○ ○○○ 개인택시의 앞좌석에 승차한 후, 위 가항 기재와 같은 방법으로 위 피해자를 기망하여 이에 속은 피해자로부터 합의금 명목으로 200,000원을 교부받아 이를 편취하였다."
305528,판례내용,24,3.무전취식 사기
305528,판례내용,25,피고인은 2015.7.24.
305528,판례내용,26,"02:00경 인천 ○○구 ○○○로 ○○○○○○길 ○○-○에 있는 피해자 ○○○ 운영의 ‘○○○’ 주점에서, 사실은 피해자에게 술값을 지불할 의사나 능력이 없었음에도 마치 술값을 지불할 것처럼 행세하면서 술 등을 주문하여 이를 속은 피해자로부터 시가 합계 91,500원 상당의 술, 안주를 제공받아 편취하였다."
305528,판례내용,27,증거의요지
305528,판례내용,28,1.피고인의 법정진술
305528,판례내용,29,2.피고인에 대한 검찰 피의자신문조서
305528,판례내용,30,"3.○○○, ○○○에 대한 각 경찰 진술조서"
305528,판례내용,31,4.통장출금내역
305528,판례내용,32,"5.전과 : 수사보고(피의자 재판계속중인 사건 확인), 각 판결문 사본"
305528,판례내용,33,법령의적용
305528,판례내용,34,1.범죄사실에 대한 해당법조 및 형의 선택
305528,판례내용,35,"각 형법 제347조 제1항, 각 벌금형 선택"
305528,판례내용,36,2.경합범 처리
305528,판례내용,37,"형법 제37조 후단, 제39조 제1항"
305528,판례내용,38,3.경합범 가중
305528,판례내용,39,"형법 제37조 전단, 제38조 제1항 제2호, 제50조"
305528,판례내용,40,4.노역장유치
305528,판례내용,41,"형법 제70조 제1항, 제69조 제2항"
305528,판례내용,42,5.가납명령
305528,판례내용,43,형사소송법 제334조 제1항
305528,판례내용,44,판사 유○ _________________________
