판례일련번호,구분,문장번호,내용
302934,판례내용,1,대 구 지 방 법 원
302934,판례내용,2,판 결
302934,판례내용,3,사 건
302934,판례내용,4,2006고단1560 조세범처벌법위반
302934,판례내용,5,피 고 인
302934,판례내용,6,0 0 0
302934,판례내용,7,검 사
302934,판례내용,8,김○
302934,판례내용,9,판 결 선 고
302934,판례내용,10,2006.5.18.
302934,판례내용,11,주 문
302934,판례내용,12,피고인을 징역 1년 6월에 처한다.
302934,판례내용,13,이 판결선고 전의 구금일수 28일을 위 형에 산입한다.
302934,판례내용,14,"다만, 이 판결확정일로부터 2년간 위 형의 집행을 유예한다."
302934,판례내용,15,이 유
302934,판례내용,16,범 죄 사 실
302934,판례내용,17,"피고인은 000에 있는 대한 불교 000종 000사의 주지로서 근로자 등의 근로소득금액 및 사업소득금액 등에서 사찰 등 비영리기관에 기부한 금액을 특별공제하여 소득세 및 법인세 부과대상에서 제외시켜 주는 제도를 악용하여 기부금납입증명서가 필요한 사람들에게 그 증명서상의 액면금액에 따라 50,000원 내지 300,000원의 사례비를 받고 위 000사 명의의 허위 기부금 납입증명서를 작성‧교부하여 근로자 등으로 하여금 소득공제신청의 근거자료로 관할세무서에 제출하도록 함으로써 조세를 포탈할 수 있도록 하여 주기로 마음먹고,"
302934,판례내용,18,"2003.12.일자불상경 위 000사 내에 있는 종무소를 찾아 온 공소외 000과 공모하여 그로부터 200,000원을 받고 그가 마치 위 000사에 4,980,000원을 기부한 것처럼 허위의 지정기부금 납입증명서를 작성하여 준 다음 그가 이를 2003년분 연말정산과정에서 소득공제신청의 근거자료로 제출하도록 함으로써 근로소득세 1,263,600원을 포탈하도록 한 것을 비롯하여 2003.11.경부터 2004.5.경까지 별지 범죄일람표 기재와 같이 모두 1,521명에게 합계 5,078,734,958원 상당의 허위 지정기부금 납입증명서를 발행하여 주어 위 000 등 1,521명과 각각 공모하여 그들이 합계 783,057,053원의 근로소득세 및 종합소득세, 법인세 등을 환급 또는 공제받도록 함으로써 사기 기타 부정한 행위로서 각 조세를 포탈하였다."
302934,판례내용,19,증거의 요지
302934,판례내용,20,1.피고인의 법정진술
302934,판례내용,21,1.피고인에 대한 검찰 피의자신문조서
302934,판례내용,22,1.000에 대한 검찰 진술조서
302934,판례내용,23,1.000에 대한 검찰주사보 피의자신문조서
302934,판례내용,24,1.000 등에 대한 각 검찰주사보 진술조서
302934,판례내용,25,1.000 등의 각 진술서사본
302934,판례내용,26,1.수사보고서(허위 작성된 기부금 납입증명사사본 편철)
302934,판례내용,27,1.수사보고서(000 상대 전화 진술 청취)
302934,판례내용,28,1.수사보고서(000 상대 전화 진술 청취)
302934,판례내용,29,1.수사보고서(000 상대 전화 진술 청취)
302934,판례내용,30,1.수사보고서(000 상대 전화 진술 청취)
302934,판례내용,31,1.수사보고서(000 상대 전화 진술 청취)
302934,판례내용,32,1.수사보고서(연말정산 안내문 등 첨부)
302934,판례내용,33,1.수사보고서(000사에서 작성한 기부금 접수대장사본 편철)
302934,판례내용,34,1.수사보고서(세금추징세액 자료 편철)
302934,판례내용,35,1.고발장
302934,판례내용,36,법령의 적용
302934,판례내용,37,1.범죄사실에 대한 해당법조
302934,판례내용,38,각 조세범처벌법 제9조 제1항 제3호(각 징역형 선택)
302934,판례내용,39,1.경합범 가중
302934,판례내용,40,"형법 제37조 전단, 제38조 제1항 제2호, 제50조"
302934,판례내용,41,1.미결구금일수 산입
302934,판례내용,42,형법 제57조
302934,판례내용,43,1.집행유예
302934,판례내용,44,"형법 제62조 제1항 (포탈한 세액이 대부분 추징된 점, 피고인이 받은 수수료를 대부분 000사 내에 건축하던 000신축공사에 사용하여 개인적으로 이득을 취한 것이 없는 점, 동종 전과가 없는 점 등 참작)"
302934,판례내용,45,판사 이○ _________________________
