판례일련번호,구분,문장번호,내용
225039,판례내용,1,【피 고 인】 피고인
225039,판례내용,2,"【검    사】 서○(기소), 조○(공판)"
225039,판례내용,3,【변 호 인】 변호사 정○(국선)
225039,판례내용,4,【주    문】
225039,판례내용,5,피고인을 징역 1년 2월에 처한다.
225039,판례내용,6,"압수된 증 제3, 4호를 몰수한다."
225039,판례내용,7,"피고인으로부터 100,000원을 추징한다."
225039,판례내용,8,위 추징금에 상당한 금액의 가납을 명한다.
225039,판례내용,9,"【이    유】【범죄사실】피고인(항소심 판결의 피고인 1)은 마약류취급자가 아니므로 향정신성의약품인 메트암페타민(일명 ‘필로폰’, 이하 ‘필로폰’이라고 한다)을 취급할 수 없다."
225039,판례내용,10,피고인은 2018.4.30.
225039,판례내용,11,"23:00경 양주시 (주소 2 생략), ○동 ○호(◎◎동, ◁◁빌리지)에 있는 피고인의 주거지에서, 필로폰 약 0.1그램을 일회용주사기에 넣고 물로 희석하여 피고인의 팔 혈관에 주사하는 방법으로 필로폰을 1회 투약하였다."
225039,판례내용,12,【증거의 요지】1.피고인에 대한 검찰 피의자신문조서
225039,판례내용,13,1.공소외 2에 대한 경찰 진술조서
225039,판례내용,14,1.마약감정서
225039,판례내용,15,"[피고인 및 변호인은, 피고인이 필로폰을 투약한 사실이 없다고 주장한다.살피건대, 판시 증거들에 의하여 인정되는 다음의 사정 즉, 피고인이 2018.4.30.부터 다음날까지 이 사건 신고인 공소외 2와 나눈 전화통화나 카카오톡 메시지에 피고인의 필로폰 투약을 암시하는 내용이 포함된 점, 2018.8.30."
225039,판례내용,16,"채취한 피고인의 모발에서 메트암페타민과 암페타민 성분이 함께 검출되어 필로폰 양성반응이 나온 점(모근에서부터 12센티미터까지 채취한 모발 전부에서 양성반응이 나왔다), 피고인은 검찰에서 2018.4.30."
225039,판례내용,17,"필로폰을 투약하였다고 진술한 점 등을 종합하면, 피고인이 필로폰을 투약한 사실이 인정된다]"
225039,판례내용,18,【법령의 적용】1.범죄사실에 대한 해당법조 및 형의 선택
225039,판례내용,19,"마약류 관리에 관한 법률 제60조 제1항 제2호, 제4조 제1항 제1호, 제2조 제3호 나목, 징역형 선택"
225039,판례내용,20,1.몰수
225039,판례내용,21,"마약류 관리에 관한 법률 제67조 본문, 형법 제48조 제1항 제1호"
225039,판례내용,22,1.추징
225039,판례내용,23,마약류 관리에 관한 법률 제67조 단서
225039,판례내용,24,1.가납명령
225039,판례내용,25,형사소송법 제334조 제1항
225039,판례내용,26,【양형의 이유】1.법률상 처단형의 범위 : 징역 1월 ~ 10년
225039,판례내용,27,2.양형기준의 적용
225039,판례내용,28,"[유형의 결정] 마약범죄, 투약·단순소지 등, 3유형(향정 나.목)"
225039,판례내용,29,[특별양형인자]
225039,판례내용,30,○ 감경요소 : 중요한 수사협조
225039,판례내용,31,○ 가중요소 : 동종전과(3년 이내 집행유예 이상)
225039,판례내용,32,[권고형의 범위] 징역 10월 ~ 2년(기본영역)
225039,판례내용,33,3.선고형의 결정
225039,판례내용,34,피고인이 2016.6.30.
225039,판례내용,35,"수원지방법원에서 마약류관리에관한법률위반(향정)죄로 징역 1년에 집행유예 2년을 선고받은 전력이 있음에도 이 사건 범행을 저지른 점 등을 고려하여 실형을 선고한다.다만, 피고인이 마약사범 검거를 위한 수사에 협조한 점, 그 밖에 양형기준 및 피고인의 연령, 성행, 환경, 이 사건 범행에 이르게 된 동기와 경위, 수단, 방법 및 결과, 범행 전후의 정황 등 이 사건 기록 및 변론에 나타난 제반 양형조건을 종합하여 주문과 같이 형을 정한다."
225039,판례내용,36,판사 김○
