판례일련번호,구분,문장번호,내용
304263,판례내용,1,부 산 지 방 법 원
304263,판례내용,2,판 결
304263,판례내용,3,사 건 2008고정4801 명예훼손
304263,판례내용,4,"피 고 인 A (65년생, 여), 노래연습장업검 사 남○연"
304263,판례내용,5,변 호 인 변호사 강○(국선)
304263,판례내용,6,판 결 선 고 2009.1.21.
304263,판례내용,7,주문
304263,판례내용,8,"피고인을 벌금 1,500,000원에 처한다."
304263,판례내용,9,"피고인이 위 벌금을 납입하지 아니하는 경우 50,000원을 1일로 환산한 기간 피고인을노역장에 유치한다."
304263,판례내용,10,위 벌금에 상당한 금액의 가납을 명한다.
304263,판례내용,11,이 사건 공소사실 중 피해자 D에 대한 명예훼손의 점은 무죄.
304263,판례내용,12,이유
304263,판례내용,13,피고인은 2008.1.28.
304263,판례내용,14,16:30경 부산 부산진구에 있는 ‘OO탕’ 골목시장 길에서 피해자B의 어머니인 C와 말다툼을 할 때 그 주변에 불특정인들이 있는 자리에서 큰소리로피해자를 가리키며 “너거 딸은 술집에 일하면서 팬티를 벗고 다리를 벌려 가면서 돈을벌고 있다”라고 말하여 공연히 허위의 사실을 적시하여 피해자의 명예를 훼손하였다.
304263,판례내용,15,생략
304263,판례내용,16,1.범죄사실에 대한 해당법조
304263,판례내용,17,형법 제307조 제2항
304263,판례내용,18,1.노역장유치
304263,판례내용,19,"형법 제70조, 제69조 제2항"
304263,판례내용,20,1.가납명령
304263,판례내용,21,형사소송법 제334조 제1항
304263,판례내용,22,1.이 부분 공소사실의 요지
304263,판례내용,23,피고인은 2008.1.29.
304263,판례내용,24,17:00경 부산 부산진구 피해자 D의 집에 찾아가 이웃 주민이 있는 자리에서 D의 처 C2에게 “너거 남편은 C와 애인 관계다.
304263,판례내용,25,같이 술 마시러 다닌다”라고 말하여 공연히 허위 사실을 적시하여 D의 명예를 훼손하였다.
304263,판례내용,26,2.판단
304263,판례내용,27,"살피건대, 명예훼손죄에 있어서 공연성은 불특정 또는 다수인이 인식할 수 있는 상태를 의미하므로, 비록 개별적으로 한 사람에 대하여 사실을 유포하더라도 이로부터불특정 또는 다수인에게 전파될 가능성이 있다면 공연성의 요건을 충족한다 할 것이지만, 이와 달리 전파될 가능성이 없다면 특정한 한 사람에 대한 사실의 유포는 공연성을 결한다 할 것이다(대법원 1992.5.26."
304263,판례내용,28,선고 92도445 판결 등).
304263,판례내용,29,"먼저, 피고인이 C2에게 위와 같은 이야기를 할 때에 공소사실 기재처럼 이웃 주민이함께 있었는지에 관하여 보건대, 증인 이○의 수사기관 및 이 법정에서의 진술은 당시‘두 년놈들’이라는 등의 욕설만 들었을 뿐 구체적인 이야기는 전혀 듣지 못하였다는 것이고, 증인 C2의 진술로도 주변에 자신과 피고인간의 이야기를 들은 사람이 없었다는것이며, D의 ‘피고인이 이○가 있는 자리에서 C2에게 D가 C와 애인관계라는 얘기를하였다’는 취지의 경찰에서의 진술은 추측에 불과할 뿐더러 이○, C2가 위와 같이 진술하고 있는 점에 비추어 신빙성이 없고, 달리 증거가 없다."
304263,판례내용,30,"다음으로, 피고인이 C2에게 위와 같은 이야기를 한 것이 불특정 또는 다수인에게 전파될 가능성이 있었는지에 관하여 보건대, 증인 C2의 진술은 자신의 남편이 바람이 났다는 부끄러운 이야기여서 남이 들을 새라 얼른 문을 닫고 피고인과 단둘이서 이야기를 했고 그와 같은 내용을 남편인 D에게 이야기 했을 뿐이라는 것으로서, 대화 상대방인 C2와 피해자 D의 관계(현재도 동거 중인 부부이다), 적시된 사실의 내용 등에 비추어 볼 때, C2가 피고인으로부터 들은 사실을 불특정 또는 다수인에게 전파할 가능성이 있다고 볼 수 없으며, 달리 이를 인정할 만한 증거가 없고, 피고인으로서도 그 전파가능성에 대한 인식이 있었다 할 수 없다."
304263,판례내용,31,"그렇다면, 이 부분 공소사실은 범죄사실의 증명이 없는 때에 해당하므로 형사소송법제325조 후단에 의하여 무죄를 선고한다."
304263,판례내용,32,판사 이○ _________________________
