판례일련번호,구분,문장번호,내용
305614,판례내용,1,서 울 북 부 지 방 법 원
305614,판례내용,2,판 결
305614,판례내용,3,사 건
305614,판례내용,4,"2020고단62, 939(병합)업무방해, 경범죄처벌법위반, 상해"
305614,판례내용,5,피 고 인
305614,판례내용,6,○○○
305614,판례내용,7,검 사
305614,판례내용,8,"김○, 최○(기소), 박○(공판)"
305614,판례내용,9,변 호 인
305614,판례내용,10,판 결 선 고
305614,판례내용,11,2020.4.29.
305614,판례내용,12,주 문
305614,판례내용,13,"피고인을 징역 1년 및 벌금 100,000원에 처한다."
305614,판례내용,14,"피고인이 위 벌금을 납입하지 아니하는 경우 금 100,000원을 1일로 환산한 기간 피고인을 노역장에 유치한다."
305614,판례내용,15,위 벌금에 상당한 금액의 가납을 명한다.
305614,판례내용,16,이 유
305614,판례내용,17,범 죄 사 실
305614,판례내용,18,[범죄전력]
305614,판례내용,19,피고인은 2018.11.22.
305614,판례내용,20,서울북부지방법원에서 업무방해죄로 징역 4월에 집행유예 2년을 선고받고 2018.11.30.
305614,판례내용,21,"위 판결이 확정되고, 2019.9.5."
305614,판례내용,22,서울중앙지방법원에서 업무방해죄로 징역 8월에 집행유예 2년을 선고받고 2019.9.17.
305614,판례내용,23,위 판결이 확정되어 현재 집행유예기간 중이다.
305614,판례내용,24,[범죄사실]
305614,판례내용,25,『2020고단62』
305614,판례내용,26,1.업무방해
305614,판례내용,27,피고인은 2019.12.12.
305614,판례내용,28,"22:40경 서울 동대문구에 있는 피해자 A이 운영하는 ‘○○통닭’에서 술을 마시면서 아무런 이유 없이 맥주잔으로 테이블을 내려치고, 담배를 피러 나가는 손님들을 따라 나가서 시비를 걸며, 근처 테이블에 있던 여자 손님에게 ‘개 걸레 같은 년, 보지 구멍을 파낸다’라고 큰 소리로 욕설을 하여 소란을 피우는 등의 방법으로 약 1시간 20분 동안 위력으로 피해자의 식당운영 업무를 방해하였다."
305614,판례내용,29,2.경범죄처벌법위반
305614,판례내용,30,"피고인은 제1항 기재 일시 및 장소에서 16,000원 상당의 주류 및 통닭을 주문하여 취식하고도 피해자 A에게 정당한 이유 없이 그 대금을 지불하지 아니하였다."
305614,판례내용,31,『2020고단939』
305614,판례내용,32,피고인은 2020.3.6.
305614,판례내용,33,"22:36경 서울 동대문구에서, 전화통화를 하며 서 있던 피해자 B(62세)에게 “씨발새끼, 뭐 잘났다고 길거리에서 떠들고 자빠졌냐, 야 이 개새끼야”라고 욕설하고, 피해자가 ‘그냥 가시라’고 하자 화가 나, 주먹으로 피해자의 얼굴을 수 회 때리고 발로 피해자의 낭심을 수 회 걷어 차, 피해자에게 4주간의 치료가 필요한 비골 골절 등의 상해를 가하였다."
305614,판례내용,34,증거의 요지
305614,판례내용,35,생략
305614,판례내용,36,법령의 적용
305614,판례내용,37,1.범죄사실에 대한 해당법조 및 형의 선택
305614,판례내용,38,"형법 제314조 제1항(업무방해의 점, 징역형 선택), 경범죄 처벌법 제3조 제1항 제39호(무전취식의 점, 벌금형 선택), 형법 제257조 제1항(상해의 점, 징역형 선택)"
305614,판례내용,39,1.경합범가중
305614,판례내용,40,"형법 제37조 전단, 제38조 제1항 제2호, 제3호, 제50조"
305614,판례내용,41,1.노역장유치
305614,판례내용,42,"형법 제70조 제1항, 제69조 제2항"
305614,판례내용,43,1.가납명령
305614,판례내용,44,형사소송법 제334조 제1항
305614,판례내용,45,양형의 이유
305614,판례내용,46,"주취 상태에서 상습적으로 폭력성을 보여 19번의 실형, 집행유예형, 벌금형의 폭력 전과가 있는 점, 동종 범죄로 두 번의 집행유예 판결을 선고받아 각 집행유예기간 중에 있는데도 판결 확정 후 불과 3개월 여 만에 재범하여 엄중한 처벌을 면할 수 없는 점, 상해 피해자와는 합의가 이루어지지 않은 점 등은 불리한 정상이다."
305614,판례내용,47,"위 정상에 피고인의 연령, 성행, 환경, 범행의 동기와 결과, 범행 후 정황 등 제반 양형조건을 종합하여 주문과 같이 형을 정한다."
305614,판례내용,48,판사 진상범 _________________________
