판례일련번호,구분,문장번호,내용
303473,판례내용,1,대 구 지 방 법 원
303473,판례내용,2,판 결
303473,판례내용,3,사 건 2019고단3023 가.업무상과실치사
303473,판례내용,4,나.산업안전보건법위반
303473,판례내용,5,피 고 인
303473,판례내용,6,"1.가.나.윤○○○ (73 -1 ), 법인 대표이사"
303473,판례내용,7,주거 대구
303473,판례내용,8,등록기준지 경북 영덕군
303473,판례내용,9,2.나.주식회사 A공업
303473,판례내용,10,소재지 대구
303473,판례내용,11,대표이사 윤○○○
303473,판례내용,12,"검 사 배○(기소), 나○(공판)"
303473,판례내용,13,판 결 선 고 2019.8.29.
303473,판례내용,14,주 문
303473,판례내용,15,"피고인 윤○○○을 징역 6월에, 피고인 주식회사 A공업을 벌금 3,000,000원에 각 처한다."
303473,판례내용,16,"다만, 이 판결 확정일로부터 2년간 피고인 윤○○○에 대한 위 형의 집행을 유예한다."
303473,판례내용,17,이 유
303473,판례내용,18,범죄사실
303473,판례내용,19,"피고인 윤○○○은 대구 에 있는 주식회사 A공업의 대표로서 대구 근린생활시설 신축공사현장에서 근로자의 안전·보건을 관리하는 책임자이고, 피고인 주식회사 A 공업은 건설업을 목적으로 설립된 법인이다."
303473,판례내용,20,1.피고인 윤○○○
303473,판례내용,21,피고인은 2018.7.26.
303473,판례내용,22,"16:00경 위 공사현장 1층에서 피해자 배○○○(48세)로 하여금 폭염경보가 발효된 날 옥외 장소인 공사현장에서 데크플레이트 용접 작업을 하도록 하였으므로, 보건관리책임자인 피고인에게는 폭염에 직접 노출되는 옥외 장소에서 작업을 하는 경우 휴식시간에 이용할 수 있는 그늘진 장소를 제공하여야할 업무상 주의의 무가 있었다."
303473,판례내용,23,"그럼에도 불구하고 피고인은 이를 게을리한 채 휴식시간에 이용할 수 있는 그늘진 장소를 제공하지 아니하고 그대로 피해자에게 업무를 지시한 과실로, 현장 작업점 온도가 섭씨 42도 이상인 상태에서 일을 하던 피해자로 하여금 온열질환으로 쓰러지게 하여 같은 날 16:48경 현장에서 사망에 이르게 하였다.이로써 피고인은 위와 같은 업무상의 과실로 피해자를 사망에 이르게 함과 동시에"
303473,판례내용,24,산업안전보건법상 요구되는 보건조치를 이행하지 아니하여 근로자인 배○○○을 사망에 이르게 하였다.
303473,판례내용,25,2.피고인 주식회사 A공업
303473,판례내용,26,"피고인은 제1항 기재 일시, 장소에서 피고인의 대표자인 윤○○○이 위와 같이 피고인의 업무에 관하여 산업재해 예방을 위한 필요한 보건조치를 취하지 아니하여 근로자인 배○○○을 사망에 이르게 하였다."
303473,판례내용,27,증거의요지
303473,판례내용,28,1.피고인들의 법정진술
303473,판례내용,29,1.에 대한 경찰진술조서
303473,판례내용,30,"1.중대재해발생보고(건설), 감독점검표, 온열평가측정결과 보고,"
303473,판례내용,31,"1.사망진단서, 부검감정서"
303473,판례내용,32,법령의적용
303473,판례내용,33,1.범죄사실에 대한 해당법조
303473,판례내용,34,"가.피고인 윤○○○ : 형법 제268조, 산업안전보건법 제71조, 제66조의2, 제24조 제1 항"
303473,판례내용,35,"나.주식회사 A공업 : 산업안전보건법 제71조, 제66조의2, 제24조 제1항"
303473,판례내용,36,1.상상적 경합
303473,판례내용,37,"형법 제40조, 제50조(피고인 윤○○)"
303473,판례내용,38,1.형의 선택 : 피고인 윤○○○에 대하여 징역형 선택
303473,판례내용,39,1.집행유예
303473,판례내용,40,형법 제62조 제1항
303473,판례내용,41,양형의이유
303473,판례내용,42,"아래와 같은 정상들 및 피고인의 연령, 성행, 가족관계, 가정환경, 범행의 동기와 수단, 범행 후의 정황 등 이 사건 기록에 나타난 양형 조건이 되는 사정들을 두루 참작 하여 주문과 같이 형을 정한다."
303473,판례내용,43,○ 유리한 정상 : 피고인들이 범죄사실을 시인하고 잘못을 뉘우치고 있음.피해자의 유족들과 원만히 합의함
303473,판례내용,44,○ 불리한 정상 : 피고인 윤○○○은 동종 전력이 2회 있음
303473,판례내용,45,판사 김○ _________________________
