판례일련번호,구분,문장번호,내용
303516,판례내용,1,대 구 지 방 법 원
303516,판례내용,2,판 결
303516,판례내용,3,사 건
303516,판례내용,4,2020고정35 사기
303516,판례내용,5,피 고 인
303516,판례내용,6,"1.김○○○ (76 -2 ), 무직"
303516,판례내용,7,주거 대구
303516,판례내용,8,등록기준지 대구
303516,판례내용,9,"2.조○○○ (90 -2 ), 요양원 물리치료사"
303516,판례내용,10,주거 대구
303516,판례내용,11,등록기준지 강릉시
303516,판례내용,12,검 사
303516,판례내용,13,"신○(기소), 이○(공판)"
303516,판례내용,14,변 호 인
303516,판례내용,15,법무법인 율○(피고인들을 위하여)
303516,판례내용,16,담당변호사 이○
303516,판례내용,17,판 결 선 고
303516,판례내용,18,2020.5.20.
303516,판례내용,19,주 문
303516,판례내용,20,"피고인 김○○○을 벌금 2,000,000원에, 피고인 조○○○을 벌금 1,000,000원에 각 처한다."
303516,판례내용,21,"피고인들이 위 각 벌금을 납입하지 아니하는 경우 각 100,000원을 1일로 환산한 기간"
303516,판례내용,22,피고인들을 노역장에 유치한다.
303516,판례내용,23,피고인들에게 위 각 벌금에 상당한 금액의 가납을 명한다.
303516,판례내용,24,이 유
303516,판례내용,25,범 죄 사 실
303516,판례내용,26,"피고인 김○○○은 대구 소재 A요양원의 사무국장이고, 피고인 조○○○은 위 A요양원의 물리치료사이다."
303516,판례내용,27,피고인들은 2019.5.25.
303516,판례내용,28,"오전경 대구 소재 B 접수대에서, 위 A요양원에서 사회복지사로 근무하다가 퇴직한 장OO이 위 A요양원의 비위 사실을 국민건강보험공단에 고발하였다고 생각하여 위 B에서 결혼식을 하는 위 장OO으로부터 결혼식 초대를 받지 아니하였음에도 소액의 축의금을 넣은 봉투를 넣어 이를 제출 한 후 식권을 받기로 마음먹은 후, 피고인 조○○○은 1천 원이 들어 있는 봉투 1장을 피고인 김○○○○에게 건네주고, 피고인 김○○○○은 위 조○○○으로부터 교부받은 봉투를 포함하여 각 1천 원이 들어 있는 봉투 29장을 적정한 금액의 축의금이 들어 있는 것처럼 위 장OO의 사촌인 피해자 안OO에게 교부하여 이에 속은 피해자로부터 즉석에서 1장당 33,000원인 합계 1,320,000원 상당의 식권 40매를 교부받았다."
303516,판례내용,29,이로써 피고인들은 공모하여 피해자를 기망하여 재물을 교부받았다.
303516,판례내용,30,증거의 요지
303516,판례내용,31,1.피고인들의 각 법정진술
303516,판례내용,32,1.장○○○에 대한 각 경찰진술조서
303516,판례내용,33,1.고소장
303516,판례내용,34,1.각 수사보고
303516,판례내용,35,법령의 적용
303516,판례내용,36,1.범죄사실에 대한 해당법조 및 형의 선택
303516,판례내용,37,"피고인들: 각 형법 제347조 제1항, 제30조(벌금형 선택)"
303516,판례내용,38,1.노역장유치
303516,판례내용,39,"피고인들: 형법 제70조 제1항, 제69조 제2항"
303516,판례내용,40,1.가납명령
303516,판례내용,41,피고인들: 형사소송법 제334조 제1항
303516,판례내용,42,양형이유
303516,판례내용,43,"피고인들이 범행을 자백하고 있고, 형사처벌을 받은 전력이 없으며, 피해품인 식권 40매가 피해자 측에 반환되기는 하였으나, 피고인들은 현재까지 피해자로부터 용서를 받지 못하였고, 위 식권 40매는 현장에서 범행이 발각됨에 따라 피해자 측의 반환요구에 의하여 반환된 것이다."
303516,판례내용,44,"피고인들은, 벌금 100만 원 이상의 형을 받을 경우 사회복지사업법상 매우 큰 신분상의 불이익을 받게 된다면서 이를 양형에 참작해 달라고 주장하나, 사회복지사업법 제35조, 제19조에 의하면 벌금 100만 원 이상의 형을 받을 경우 5년 동안 시설의 장이나 임원이 될 수 없는 정도의 불이익에 불과하다."
303516,판례내용,45,"위와 같은 양형사유들과 그 밖에 피고인들의 연령, 범행에 이른 경위, 범행 후의 정황 등 제반 사정을 종합하여, 피고인들에게 약식명령 기재 금액과 같은 벌금액으로 주문과 같이 판결한다."
303516,판례내용,46,판사 장○ _________________________
