판례일련번호,구분,문장번호,내용
156344,판시사항,1,반공법 제8조 불고지죄 의 성립요건
156344,판결요지,2,가.조총련 간부의 집에 물건을 사러 동인의 영사하는 북괴의 발전상을 수록 찬양하는 영화를 관람하였다는 외형적 사실만으로서는 반국가적단체나 국외의 공산계열의 이익이 된다는 점을 알면서도 그 구성원 또는 그 지령을 받은 자와 회합하였다고 할 수 없다.
156344,판결요지,3,나.반국가단체의 구성원 또는 그 지령을 받은 자들이 우리나라 관헌의 눈을 속여 출입국 할 수 있는 특별한 방법 등을 설명하는 것이 아니라 일반적인 선박출입의 관헌단속상태를 말하였다고 하여
156344,판결요지,4,반공법(폐)제7조에서 말하는 편의 제공이라고는 할 수 없을 것이다.
156344,판결요지,5,다.반공법(폐)제8조에서 규정한 불고지죄가 성립하기 위하여서는 본범이 우리나라의 수사권 미치는 지역 안에서
156344,판결요지,6,같은 법 제3조 이내
156344,판결요지,7,제7조의 죄를 범하였거나 우리나라 밖에서 같은 죄를 범하고 우리나라 안에 들어와 있음을 인지한 것을 요건으로 한다.
156344,참조조문,8,"반공법 제8조,"
156344,참조조문,9,반공법 제3조
156344,판례내용,10,【피 고 인】
156344,판례내용,11,【상 고 인】   검사
156344,판례내용,12,【원심판결】
156344,판례내용,13,"제1심 부산지방, 제2심"
156344,판례내용,14,부산지방 1967.5.17.
156344,판례내용,15,선고 66노988 판결
156344,판례내용,16,【주    문】
156344,판례내용,17,상고를 기각한다.
156344,판례내용,18,【이    유】  부산지방검찰청
156344,판례내용,19,검사의 상고이유를 본다.
156344,판례내용,20,반공법 제8조에서 규정한 불고지죄가 성립하기 위하여서는 본범이 우리 나라의 수사권이 미치는 지역안에서
156344,판례내용,21,같은법 제3조 내지
156344,판례내용,22,"제7조의 죄를 범하였거나,우리 나라 밖에서 같은 죄를 범하고 우리나 라 안에 들어와 있음을 인지한것을 요건으로 한다함이 본원의 판례("
156344,판례내용,23,1966.12.13 선고 66도133 판결 참조)이므로 원판결이 피고인에 대한
156344,판례내용,24,반공법 제8조 위반의 점에 관하여 공소사실이 피고인이 일본국 하관시에 있는
156344,판례내용,25,"공소외인의 집에서 재일조선총연맹(이하 조련계라약칭한다)간부 3명이 모인 자리에서 그중 한사람이 배로 별명 동경곰보로부터 북괴의 발전상을 찬양하는 말을 듣고도 이를 수사기관에 고지하지 않았다는 것이니, 우리 나라 수사권이 미치지 않는 국외에서 반국가적 행위를 인지하였다고 하더라도 반공법에서 말하는 고지의무가 발생한다고 볼수 없다고하여 무죄를 선고한 조처는 정당하고, 반대의 논지는 이유없으며, 피고인이 판시"
156344,판례내용,26,공소외인의 집에 물건을 사러가서 조련게 간부인 같은 사람이 영사하는 북괴의 발전상을 수록 찬양하는 영화를 관람하였다는 외형적 사실만으로서는
156344,판례내용,27,"반공법 제5조 제1항에서 말하는 반국가 단체나 국외의 공산계열의 이익이 된다는 점을 알면서 그 구성원 또는 그 지령을 받은 자와 회합하였다고 할 수 없는 것이므로 이와 같은 뜻으로 판시한 원심판결이유는 정당하고, 반대의 논지는 이유없으며, 외국선이 출입국 할때에 일반적인 관헌의 단속이 있는 사실은 누구나도 알수 있는 것이므로 반국가단체의 구성원 또는 그 지령을 받은 자들이 우리 나라 관헌의 눈을 속여 출입국할 수 있는 특별한 방법등을 설명하는 것이 아니라 일반적인 선박출입의 관헌단속상항을 말하였다고하여"
156344,판례내용,28,반공법 제7조에서 말하는 편의제공이라고는 할수 없는 것이므로 이와 같은 취지의 원심판결이유는 정당하고 위법이 없다.
156344,판례내용,29,그러므로 상고를 기각하기로 하여 일치된 의견으로 주문과같이 판결한다.
156344,판례내용,30,대법원판사 손○(재판장)방○ 최○ 나○
