판례일련번호,구분,문장번호,내용
305251,판례내용,1,서 울 남 부 지 방 법 원
305251,판례내용,2,판 결
305251,판례내용,3,사 건
305251,판례내용,4,2017고단4418 특수상해
305251,판례내용,5,"2017고단5026(병합)특수상해, 특수재물손괴"
305251,판례내용,6,피 고 인
305251,판례내용,7,"김◯◯ (71년생, 남)"
305251,판례내용,8,검 사
305251,판례내용,9,"최◯◯, 이◯◯(기소), 김◯◯(공판)"
305251,판례내용,10,변 호 인
305251,판례내용,11,법무법인 A
305251,판례내용,12,담당변호사 배◯◯
305251,판례내용,13,판 결 선 고
305251,판례내용,14,2018.1.24.
305251,판례내용,15,주 문
305251,판례내용,16,피고인을 징역 1년에 처한다.
305251,판례내용,17,이 유
305251,판례내용,18,범 죄 사 실
305251,판례내용,19,『2017고단5026』
305251,판례내용,20,1.특수상해
305251,판례내용,21,피고인은 2017.8.4.
305251,판례내용,22,"14:50경 서울 강서구 강서로에 있는 피해자 현◯◯(55세) 운영의 'A'에서, 피고인의 아내 곽◯◯이 위 골프장에서 하◯◯이라는 남자와 바람을 핀다고 하면서 “당장 하◯◯을 불러라.안 부르면 다 죽는다.하◯◯ 안 오면 여기 있는 놈들 다 죽는다.”라고 소리치며 그곳에 있던 위험한 물건인 골프채들(길이 약 1 내지 1.5m)을 집어 들고 피해자의 얼굴과 몸 부위 등을 향해 수회 휘두르고 내리쳐 피해자에게 약 2주간의 치료가 필요한 안면부 좌상 및 찰과상 등을 가하였다."
305251,판례내용,23,2.특수재물손괴
305251,판례내용,24,"피고인은 제1항과 같은 일시, 장소에서 위와 같은 이유로 위험한 물건인 골프채들(길이 약 1 내지 1.5m)을 집어 들고 그곳에 있는 물건들을 향해 수회 휘두르고 내리쳐 피해자 현◯◯ 소유인 책상, 모니터, 정수기, 냉동기, 유리창, 소파 등을 파손하여 수리비 및 교환비 9,157,760원 상당이 들도록 손괴하였다."
305251,판례내용,25,『2017고단4418』
305251,판례내용,26,피고인은 2017.8.4.
305251,판례내용,27,"15:50경 서울 강서구 강서로에 있는 ‘A’ 골프연습장에서, 아내와 외도를 한 것으로 의심되는 남성을 찾으러 위 골프연습장에 들어갔다가 그곳에 손님으로 와 있던 피해자 김○○○(여, 58세)이 자신을 비웃은 것 같다는 이유로, 골프채로 피해자의 턱 부위를 1회 가격하였다.이로써 피고인은 위험한 물건을 휴대하여 피해자에게 약 6주간의 치료를 요하는 하악골 골절 등의 상해를 가하였다."
305251,판례내용,28,증거의 요지
305251,판례내용,29,생략
305251,판례내용,30,법령의 적용
305251,판례내용,31,1.범죄사실에 대한 해당법조
305251,판례내용,32,"각 형법 제258조의2 제1항, 제257조 제1항(위험한 물건 휴대 상해의 점), 형법 제369조 제1항, 제366조(위험한 물건 휴대 재물손괴의 점, 징역형 선택)"
305251,판례내용,33,1.경합범가중
305251,판례내용,34,"형법 제37조 전단, 제38조 제1항 제2호, 제50조"
305251,판례내용,35,양형의 이유
305251,판례내용,36,"피고인은 처(妻)와의 문제로 무관한 사람들을 향해 골프채를 휘둘러 피해자들에게 상처를 입히고 재물을 손괴한바, 피해자 김○○○는 턱뼈가 골절되었다.이러한 피고인의 범행은 범죄의 수단 및 방법, 결과를 감안할 때 가볍게 처벌할 수 없다."
305251,판례내용,37,"한편, 피고인은 벌금형을 초과하는 형사처벌을 받은 바 없다.정신적으로 불안정한 피고인은 가정사로 인한 흥분된 상태에서 이 사건 범행을 저지른 것으로 보인다.피고인은 피해자들과 합의하여 피해자들은 피고인의 처벌을 원하지 않는다."
305251,판례내용,38,이○을 중심으로 형법 제51조가 정한 양형의 조건을 참작하여 주문과 같이 형을 정한다.
305251,판례내용,39,판사 류○ _________________________
