판례일련번호,구분,문장번호,내용
305165,판례내용,1,부산지방법원 동부지원
305165,판례내용,2,판결
305165,판례내용,3,사건 2008고단1074 가.폭력행위등처벌에관한법률위반(집단 흉기등 상해)(인정된죄명 : 상해)
305165,판례내용,4,나.협박
305165,판례내용,5,"피고인 A (66년생, 남), 노동"
305165,판례내용,6,검사 김○
305165,판례내용,7,변호인 변호사 정○ (국선)
305165,판례내용,8,판결선고 2009.1.6.
305165,판례내용,9,피고인을 징역 7월에 처한다.
305165,판례내용,10,이 판결선고 전의 구금일수 134일수를 위 형에 산입한다.
305165,판례내용,11,이 사건 공소사실 중 협박의 점에 관한 공소를 기각한다.
305165,판례내용,12,이유
305165,판례내용,13,범죄사실
305165,판례내용,14,피고인은 2008.8.14.
305165,판례내용,15,22:00경 피고인의 집인 부산 해운대구 우1동에서 피고인의 처인 피해자 V(33세)가 피고인이 시킨 일을 하지 않고 잠을 자고 있다는 이유로 피해자 를 깨운 후 '왜 쌀을 받아오라고 하였는데 가지 않았느냐'고 소리를 지르며 피해자를 안방으로 끌고 들어가 양주먹을 이불로 감싼 다음 양주먹으로 피해자의 머리와 얼굴 등을 수십 회 때려 피해자를 실신시켰다.
305165,판례내용,16,잠시 후 피해자가 깨어나자 피고인은 가위로 피해자의 머리카락을 자르고 피해자를 욕실로 끌고 가 스카치테이프로 피해자의 손발을 묶고 입 부분을 감고 욕조에 물을 채운 다음 1회용 면도칼로 피해자의 머리카락과 눈썹을 밀어 피해자의 머리에 피가 나게 하고 피해자의 머리에 비닐봉지를 뒤집어 씌우고 목을 조른 다음 비닐봉지를 풀어주는 행위를 약 5회 반복하고 피해자의 얼굴을 물이 채워져 있는 욕조에 집어넣었다가 뺀 후 피해자 입 주위의 스카치테이프를 약간 벌려 코와 입에 물을 부었다.
305165,판례내용,17,피고인은 위와 같이 피해자에게 약 3주간의 치료를 요하는 좌측 허벅지 및 무릎의 심한 타박상 등을 가하였다.
305165,판례내용,18,증거의 요지
305165,판례내용,19,생략
305165,판례내용,20,법령의 적용
305165,판례내용,21,1.범죄사실에 대한 해당 법조
305165,판례내용,22,형법 제257조 제1항
305165,판례내용,23,1.형의 종류
305165,판례내용,24,징역형
305165,판례내용,25,1.미결구금일수의 산입
305165,판례내용,26,형법 제57조
305165,판례내용,27,양형이유
305165,판례내용,28,"피고인과 피해자가 부부라는 점을 감안하더라도 이 사건 범행은 피고인이 피해자, 를 주먹으로 때린 것도 모자라 피해자에게 물고문을 가함과 함께 피해자를 삭발하는 등 그 죄질이 극히 불량한 점, 가정폭력은 반복으로 일어나는 경향이 있고 이에 대하여 엄히 처벌하지 않으면 재범률이 심히 높은 점 등을 종합하면 피고인에 대하여 실형을 선고함이 상당하다."
305165,판례내용,29,공소기각부분
305165,판례내용,30,1.공소사실
305165,판례내용,31,피고인은 2008.8.15.
305165,판례내용,32,"12:00경 경주시에 있는 피해자의 친정집에서, 피고인의 집에 가지 않겠다고 하는 피해자에게 '손발을 묶어 끌고 가겠다.이번에는 정말 죽여버리겠다'고 소리쳐 피해자를 협박하였다."
305165,판례내용,33,2.판단
305165,판례내용,34,위 공소사실은 형법 제283조 제1항에 해당하는 것으로 같은 조 제3항에 의하여 피해자의 의사에 반하여 공소를 제기할 수 없는 범죄인데 공판 기록에 의하면 피해자 V가 이 사건 공소 제기 후에 이 법원에 피고인에 대한 처벌을 원하는 의사를 철회한 사실이 인정된다.
305165,판례내용,35,그렇다면 형사소송법 제327조 제6호에 의하여 위 공소사실에 대한 공소를 기각한다.
305165,판례내용,36,이○의 이유로 주문과 같이 판결한다.
305165,판례내용,37,판사 박○ _________________________
