판례일련번호,구분,문장번호,내용
146616,판례내용,1,【피 고 인】
146616,판례내용,2,【항 소 인】 피고인
146616,판례내용,3,【검    사】 박○
146616,판례내용,4,【변 호 인】 사법연수생 홍○(국선)
146616,판례내용,5,【원심판결】 1.광주지방법원 순천지원 2009.4.30.
146616,판례내용,6,선고 2009고합43 판결 / 2.춘천지방법원 2008.7.11.
146616,판례내용,7,선고 2007고단963 판결
146616,판례내용,8,【주    문】
146616,판례내용,9,피고인 및 검사의 항소를 모두 기각한다.
146616,판례내용,10,【이    유】1.항소이유의 요지
146616,판례내용,11,가.제1 원심판결
146616,판례내용,12,"제1 원심판결에 대한 피고인의 항소이유의 요지는, 원심이 피고인에 대하여 선고한 형(징역 3년)이 너무 무거워 부당하다는 것이다."
146616,판례내용,13,나.제2 원심판결
146616,판례내용,14,(1)피고인
146616,판례내용,15,피고인은
146616,판례내용,16,"공소외 1과 위장결혼을 한 것이 아님에도, 원심은 사실을 오인하여 피고인이"
146616,판례내용,17,"공소외 1과 위장결혼을 하고 공무원에게 실제 혼인한 것으로 허위신고를 하여 호적부에 불실의 사실을 기재하게 하고, 불실의 사실이 기재된 호적부를 비치하게 하여 이를 행사하였다고 잘못 인정하였다.따라서 원심판결에는 사실을 오인하여 판결 결과에 영향을 미친 잘못이 있다."
146616,판례내용,18,(2)검사
146616,판례내용,19,원심이 피고인에 대하여 선고한 형(벌금 300만원)이 너무 가벼워 부당하다.
146616,판례내용,20,2.판단
146616,판례내용,21,가.제1 원심판결 부분
146616,판례내용,22,"피고인이 같은 종류의 범죄로 6차례나 처벌받은 전력(실형 5회, 집행유예 1회)이 있으면서도 누범 기간에 또다시 이 사건 절도 범행을 저지른 점, 원심이 피고인에게 선고한 징역 3년의 형은 피고인에게 선고할 수 있는 최하한의 형인 점, 기타 피고인의 나이, 평소의 성행, 가정환경 등 이 사건 기록에 나타난 양형의 조건이 되는 모든 사정을 검토해 보면, 원심이 피고인에 대하여 선고한 형은 적정하다고 판단된다."
146616,판례내용,23,나.제2 원심판결 부분
146616,판례내용,24,(1)피고인의 항소에 대한 판단
146616,판례내용,25,피고인은 2008.7.11.
146616,판례내용,26,"제2 원심판결에 불복하여 적법한 항소를 제기하였으나, 2008.9.30."
146616,판례내용,27,"소송기록접수통지서를 송달받고도 위 송달일로부터 20일 이내에 항소이유서를 제출하지 않은 사실은 기록상 명백하고(피고인은 2009.4.29.에야 항소이유서를 제출하였다), 항소장에도 항소이유가 기재되어 있지 않을 뿐만 아니라, 기록상 직권조사사유도 발견할 수 없다."
146616,판례내용,28,(2)검사의 항소에 대한 판단
146616,판례내용,29,"피고인에게 같은 종류의 범죄전력이 없는 점, 이 사건 범행은 피고인이 2005.9.9."
146616,판례내용,30,징역 2년을 선고받은 특정범죄가중처벌등에관한법률위반(절도)죄와
146616,판례내용,31,"형법 제37조 후단의 경합범 관계에 있어 형을 정함에 있어 형평을 고려하여야 하는 점, 기타 피고인의 나이, 평소의 성행, 가정환경 등 이 사건 기록에 나타난 양형의 조건이 되는 모든 사정을 검토해 보면, 원심이 피고인에 대하여 선고한 형은 적정하다고 판단된다."
146616,판례내용,32,3.결론
146616,판례내용,33,"그렇다면, 제1 원심판결에 대한 피고인의 항소와 제2 원심판결에 대한 검사의 항소는 이유 없으므로"
146616,판례내용,34,"형사소송법 제364조 제4항에 따라 이를 기각하고, 제2 원심판결에 대한 피고인의 항소는"
146616,판례내용,35,"형사소송법 제361조의4 제1항에 따라 이를 기각하기로 하여, 주문과 같이 판결한다."
146616,판례내용,36,판사 장○(재판장)양○ 이○
