판례일련번호,구분,문장번호,내용
306587,판례내용,1,울 산 지 방 법 원
306587,판례내용,2,제 1 형 사 부
306587,판례내용,3,판 결
306587,판례내용,4,사 건 2012노790 농수산물의원산지표시에관한법률위반
306587,판례내용,5,피 고 인 A
306587,판례내용,6,항 소 인 피고인
306587,판례내용,7,"검 사 송규선(기소), 강○(공판)"
306587,판례내용,8,변 호 인 변호사 곽○(국선)
306587,판례내용,9,원 심 판 결 울산지방법원 2012.11.7.
306587,판례내용,10,선고 2012고정774 판결
306587,판례내용,11,판 결 선 고 2013.3.29.
306587,판례내용,12,주 문
306587,판례내용,13,피고인의 항소를 기각한다.
306587,판례내용,14,이 유
306587,판례내용,15,1.항소이유의 요지
306587,판례내용,16,"피고인이 ‘우리 업소는 국내산만 사용합니다’라 표시한 바 있으나, 당시 반찬용 배추김치만 원산지 표시 대상이었고, 찌개용 배추김치는 원산지 표시 대상이 아니었고, 피고인은 중국산 배추김치를 찌개용으로만 사용하였고, 반찬용으로는 국내산 배추김치만을 사용하였으므로 피고인은 원산지를 거짓으로 표시한 바 없고, 가사 피고인이 원산지를 거짓으로 표시하였다고 할지라도 피고인의 행위는 죄가 되지 아니하거나 피고인이 죄가 되지 않는다고 오인한데 정당한 이유가 있다고 할 것임에도, 원심은 이 사건공소사실을 유죄로 인정하였으니, 원심판결에는 사실을 오인하고 법리를 오해하여 판결에 영향을 미친 위법이 있다."
306587,판례내용,17,2.판단
306587,판례내용,18,가.관련 법령
306587,판례내용,19,"농수산물의 원산지 표시에 관한 법률 제6조 제1항 제1호에서 원산지 표시를 거짓으로 하거나 이를 혼동하게 할 우려가 있는 표시를 하는 행위를 하여서는 아니된다고 규정하고 있고, 같은 조 제3항에서는 제1항을 위반하여 원산지를 혼동하게 할 우려가 있는 표시 등 필요한 사항은 부령으로 정하도록 규정하고 있으며, 같은 법 구 시행령(2011.10.10."
306587,판례내용,20,"대통령령 23214호로 개정되기 전의 것, 이하 ‘구 시행령’이라고 한다)제3조 제5항 제6호에서 배추김치는 절임, 양념 혼합, 발효 또는 가공 등의 과정을 거쳐 반찬으로 제공하는 것을 원산지 표시대상으로 규정하고 있었고, 같은 법 시행규칙별표5에서는 게시판 등에는 “국산 김치만 사용합니다”로 일괄 표시하고 표시대상이 아닌 음식에 수입산을 사용하는 경우를 원산지를 혼동하게 할 우려가 있는 표시로 규정하고 있다.(한편 구 시행령은 개정되어 반찬, 찌개용 또는 탕용으로 제공하는 것 모두원산시 표시대상으로 규정되었고, 개정 시행령은 2012.4.11.부터 시행되었다)"
306587,판례내용,21,나.판단
306587,판례내용,22,"원심이 적법하게 채택하여 조사한 증거들에 의하면, 구 시행령 시행되던 이 사건 범행 당시 피고인이 중국산 배추김치를 찌개용뿐만 아니라 반찬용으로도 사용한 사실을 충분히 인정할 수 있다."
306587,판례내용,23,가사 피고인의 주장과 같이 피고인이 중국산 배추김치를 찌개용으로만 사용하였다고 하더라도 위 시행규칙 별표 5에서 규정하고 있는 바와 같이 게시판 등에는 “국산 김치만 사용합니다”로 일괄 표시하고 표시대상이 아닌 음식에 수입산을 사용하여 원산지를 혼동하게 할 우려가 있는 표시를 한 경우에 해당한다고 할 것이다.
306587,판례내용,24,또한 피고인이 주장하는 사유만으로는 자신의 행위가 죄가 되지 아니한 것으로 오인하는데 정당한 이유가 있었다고 볼 수 없다.
306587,판례내용,25,따라서 피고인은 주장은 이유 없다.
306587,판례내용,26,3.결론
306587,판례내용,27,"그렇다면, 피고인의 항소는 이유 없으므로 형사소송법 제364조 제4항에 의하여 이를 기각하기로 하여 주문과 같이 판결한다."
306587,판례내용,28,재판장 판사 김○ _________________________
306587,판례내용,29,판사 김○ _________________________
306587,판례내용,30,판사 성○ _________________________
