판례일련번호,구분,문장번호,내용
303233,판례내용,1,사건 고정 상해 2011 1830
303233,판례내용,2,"피고인 공무원 A (******-*******), 주거 생략 등록기준지 생략"
303233,판례내용,3,검사 김○ 변호인 법무법인** 담당변호사***
303233,판례내용,4,판결선고 2011.12.14.
303233,판례내용,5,"피고인을 벌금 1,000,000원에 처한다."
303233,판례내용,6,"피고인이 위 벌금을 납입하지 아니하는 경우 50,000원을 1일로 환산한 기간 피고인을 노역장에 유치한다."
303233,판례내용,7,위 벌금 상당액의 가납을 명한다.
303233,판례내용,8,피고인은 중학교 체육교사이다.
303233,판례내용,9,피고인은 2010.12.29.
303233,판례내용,10,11:20 경 구 동에 있는 중학교 체육실에서 위 학교 3학년에 재학 중인 피해자 B(16세)가 같은 해 11.경 착용하고 등교하다가 적발되어 빼앗긴 귀걸이를 돌려달라고 요구하면서 버릇없이 말하였다는 이유로 피해자의 머리카락을 잡아당기고 손으로 피해자의 머리 뒷부분을 잡아 머리를 책상에 3회 들이받고 오른발로 피해자의 왼쪽 허벅지를 1회 차고 한 손으로 피해자의 머리 뒷부분을 잡고 머리를 뒤로 젖혀 주먹으로 피해자의 머리를 3회 때리는 등 폭행하여 피해자에게 약 2주간의 치료를 요하는 머리 내 열린 상처가 없는 뇌진탕 등의 상해를 가하였다.
303233,판례내용,11,피고인의 일부 법정 진술
303233,판례내용,12,"1.증인 B, ***, ***의 각 법정 진술"
303233,판례내용,13,1.피고인에 대한 일부 경찰 피의자 신문조서
303233,판례내용,14,1.B에 대한 경찰 진술조서
303233,판례내용,15,"1.상해진단서 진료기록사본, 사진"
303233,판례내용,16,1.범죄사실에 대한 해당 법조 및 형의 선택
303233,판례내용,17,1.형법 제257조 제1항 벌금형 선택
303233,판례내용,18,1.노역장 유치
303233,판례내용,19,"1.형법 제70조, 제69조 제2항"
303233,판례내용,20,1.가납명령
303233,판례내용,21,1.형사소송법 제334조 제1항
303233,판례내용,22,피고인 및 변호인의 주장 요지
303233,판례내용,23,"1.피고인 및 변호인은 교사의 체벌은 징계권의 행사로서 허용된다고 할 것인데, 피고인은 손으로 피해자의 머리를 잡았지만 책상에 머리를 들이받게 하거나 발로 차거나 구타한 적은 없고, 피고인이 위와 같이 피해자의 머리를 잡은 것은 객관적으로 충분한 징계사유가 있어 피해자를 훈육하고자 하는 목적에서 행한 것으로 법률과 사회통념에 의하여 허용되는 행위라 할 것이므로 정당행위로서 위법성이 조각된다고 주장한다."
303233,판례내용,24,판단
303233,판례내용,25,"2.그러나 교사의 학생에 대한 체벌이 징계권의 행사로서 정당행위에 해당하려면 그 체벌이 교육상 불가피한 경우에 행해진 경우에만 허용되고, 그 체벌의 방법과 정도가 사회통념상 비난받지 아니할 타당성이 있어야 한다."
303233,판례내용,26,"앞서 본 바와 같이 법원이 적법하게 채택하여 조사한 판시 증거들에 의하면, 피고인이 이 사건 당시 피해자의 머리를 잡은 데 그치지 않고, 피해자의 머리 뒷부분을 잡아 머리를 책상에 들이받고, 오른발로 피해자의 왼쪽 허벅지를 차고, 피해자의 머리를 뒤로 젖혀 주먹으로 머리를 때린 사실이 인정된다."
303233,판례내용,27,"이러한 점 및 피고인이 위와 같은 행위에 이르게 된 경위, 피해자의 상해 부위와 정도 등에 비추어 피고인의 행위는 그 방법과 정도가 교육 목적의 행위로 용인될 수 있는 한도를 넘은 것으로 판단되고, 피고인이 재직 중인 중학교 체벌 규정을 준수하였다고 보기도 어렵다."
303233,판례내용,28,따라서 피고인의 행위는 정당행위로 볼 수 없어 피고인 및 변호인의 위 주장은 받아들이지 아니한다.
303233,판례내용,29,판사 김○
303233,판례내용,30,_________________________
