판례일련번호,구분,문장번호,내용
306628,판례내용,1,울 산 지 방 법 원
306628,판례내용,2,판 결
306628,판례내용,3,사 건 2013고단1966 업무상횡령
306628,판례내용,4,2013고단2130(병합)업무상횡령
306628,판례내용,5,피 고 인 A
306628,판례내용,6,"검 사 황○, 이○(기소), 허○(공판)"
306628,판례내용,7,변 호 인 변호사 이○(국선)
306628,판례내용,8,판 결 선 고 2013.7.4.
306628,판례내용,9,주 문
306628,판례내용,10,피고인을 징역 6월에 처한다.
306628,판례내용,11,"다만, 이 판결 확정일로부터 2년간 위 형의 집행을 유예한다."
306628,판례내용,12,피고인에게 80시간의 사회봉사를 명한다.
306628,판례내용,13,이 유
306628,판례내용,14,범죄사실
306628,판례내용,15,[2013고단1966]
306628,판례내용,16,피고인은 양산시 북부동에 있는 피해자 B 운영의 중국음식점인 ‘000’에서 배달원으로 근무하며 음식 배달 및 수금 업무에 종사하던 자이다.
306628,판례내용,17,피고인은 2012.3.25.
306628,판례내용,18,17:30경 위 000에서 그릇을 찾으러 갔다가 배달 대금으로 수금한 27만 원과 시가 100만 원 상당의 피해자 소유의 경북 포항 다0000호 은색 포르테 오토바이를 가지고 나가 돌아오지 아니하였다.
306628,판례내용,19,이로써 피고인은 피해자의 재물을 업무상 횡령하였다.
306628,판례내용,20,[2013고단2130]
306628,판례내용,21,피고인은 부산 기장군 기장읍에 있는 피해자 C가 운영하는 ‘00000’에서 종업원으로 일하면서 음식배달 및 수금업무에 종사하였다.
306628,판례내용,22,피고인은 2012.12.7.
306628,판례내용,23,20:00경 음식배달을 하기 위해 피해자 소유의 시가 170만 원 상당의 부산 남 사0000호 빨간색 오토바이를 타고 위 음식점을 나간 후 위 오토바이와 당일 수금한 음식대금 26만 원을 피해자에게 반환하지 않고 임의로 가지고 가 업무상 횡령하였다.
306628,판례내용,24,증거의요지
306628,판례내용,25,1.피고인의 법정진술
306628,판례내용,26,[2013고단1966] 사건의 증거기록 중
306628,판례내용,27,1.B에 대한 경찰진술조서(증거목록 순번 3의 ‘회수조서’)
306628,판례내용,28,1.B의 진술서
306628,판례내용,29,1.도난차량 회수보고
306628,판례내용,30,[2013고단2130] 사건의 증거기록 중
306628,판례내용,31,1.C에 대한 경찰진술조서
306628,판례내용,32,1.수배차량회수보고
306628,판례내용,33,1.인수증
306628,판례내용,34,법령의적용
306628,판례내용,35,1.범죄사실에 대한 해당법조
306628,판례내용,36,"각 형법 제356조, 제355조 제1항(각 징역형 선택)"
306628,판례내용,37,1.경합범가중
306628,판례내용,38,"형법 제37조 전단, 제38조 제1항 제2호, 제50조"
306628,판례내용,39,1.집행유예
306628,판례내용,40,"형법 제62조 제1항(피고인이 이 법정에서 깊이 반성하고 있는 점, 피해액이 크지 아니한 점, 피고인에게 벌금형을 넘는 전과가 없는 점 등 참작)"
306628,판례내용,41,1.사회봉사명령
306628,판례내용,42,형법 제62조의2
306628,판례내용,43,양형의이유
306628,판례내용,44,"위 범죄사실은 양형기준상 횡령․배임범죄 제1유형에 해당하는 범죄로서, 별다른 가중 요소나 감경요소는 보이지 아니하므로, 기본영역의 형량범위 내에서 이 사건의 공판 및 기록에 나타난 제반 사정을 참작하여 주문과 같이 형을 정한다."
306628,판례내용,45,"한편, 형의 집행을 유예하는 이유는 앞서 본 바와 같다(양형기준상 집행유예 주요부정 사유로 ‘미합의’가 있고, 주요긍정사유로 ‘실질적 손해의 규모가 상당히 작은 경우’에 해당한다는 점이 있어 실형/집행유예를 선택할 수 있는 경우에 해당함)."
306628,판례내용,46,이○의 이유로 주문과 같이 판결한다.
306628,판례내용,47,판사 예○ _________________________
