판례일련번호,구분,문장번호,내용
305284,판례내용,1,서 울 남 부 지 방 법 원
305284,판례내용,2,판 결
305284,판례내용,3,사 건
305284,판례내용,4,2022고단1517 소방기본법위반
305284,판례내용,5,피 고 인
305284,판례내용,6,"정○○○ (92년생, 남)"
305284,판례내용,7,검 사
305284,판례내용,8,"조○○○(기소), 고○○○(공판)"
305284,판례내용,9,변 호 인
305284,판례내용,10,변호사 김○○○(국선)
305284,판례내용,11,판 결 선 고
305284,판례내용,12,2022.6.
305284,판례내용,13,주 문
305284,판례내용,14,피고인을 징역 8월에 처한다.
305284,판례내용,15,"다만, 이 판결 확정일로부터 3년간 위 형의 집행을 유예한다."
305284,판례내용,16,피고인에게 보호관찰을 받을 것과 80시간의 알코올치료강의 수강을 명한다.
305284,판례내용,17,이 유
305284,판례내용,18,범 죄 사 실
305284,판례내용,19,누구든지 출동한 소방대원에게 폭행 또는 협박을 행사하여 화재진압ㆍ인명구조 또는 구급활동을 방해해서는 아니 된다.
305284,판례내용,20,피고인은 2021.11.20.
305284,판례내용,21,"새벽경 서울 강서구 강서로에서 머리에 약 3cm 가량의 원인 불상의 열상을 입은 상태로 발견되어 119신고를 받고 현장 출동한 강서소방서 마곡 119안전센터 구급대원인 소방위 이 ○ 형(남, 40세), 소방교 김 ○ 성(남, 31세)에 의하여 이대목동병원 응급실로 후송되게 되었다."
305284,판례내용,22,"피고인은 같은 날 02:51경 서울 양천구에 있는 이대목동병원 응급실 앞에 도착한 구급차 안에서 갑자기 윗옷을 벗으면서 위 이 ○ 형에게 “지금 실수하신 거에요, 제가 누군지 아세요, 저 삼거리파 건달이거든요.”라고 말하면서 갑자기 달려들어 “사람 잘못 건드렸어요, 씨발새끼야!”라고 말하면서 주먹으로 이 ○ 형의 얼굴 부위를 때리고, 이를 제지하는 김 ○ 성의 머리채를 손으로 쥐어잡아 폭행하였다."
305284,판례내용,23,이로써 피고인은 출동한 소방대원을 폭행하여 구급활동을 방해하였다.
305284,판례내용,24,증거의 요지
305284,판례내용,25,1.피고인의 법정진술
305284,판례내용,26,"1.이○ ○ 형, 김 ○ 성에 대한 각 경찰진술조서"
305284,판례내용,27,1.수사보고(웨어러블캠 영상 검토)
305284,판례내용,28,1.구급활동방해사건 출동결과보고
305284,판례내용,29,1.폭행장면 캡처 사진
305284,판례내용,30,법령의 적용
305284,판례내용,31,1.범죄사실에 대한 해당법조 및 형의 선택
305284,판례내용,32,"각 소방기본법 제50조 제1호 다목, 제16조 제2항, 각 징역형 선택"
305284,판례내용,33,1.경합범가중
305284,판례내용,34,"형법 제37조 전단, 제38조 제1항 제2호, 제50조"
305284,판례내용,35,1.집행유예
305284,판례내용,36,형법 제62조 제1항
305284,판례내용,37,1.보호관찰 및 수강명령
305284,판례내용,38,형법 제62조의2
305284,판례내용,39,양형의 이유
305284,판례내용,40,-불리한 정상: 피고인에게 공무집행방해죄의 집행유예 전과가 1회 있다.
305284,판례내용,41,"-유리한 정상: 위 집행유예 전과 외에는 피고인에게 폭력성향의 범죄전력이 없고, 피고인의 알코올의존증에 대한 치료가 필요해 보이며, 피고인과 가족들이 치료에 대한 의지를 보이고 있다(현재도 피고인이 입원치료를 받고 있다)."
305284,판례내용,42,"-그 밖에 피고인의 나이, 성행, 환경, 전과관계, 범행의 경위, 피해의 정도, 범행 후의 정황 등 기록과 변론에 나타난 제반 양형요소를 참작하여 주문과 같이 형을 정하고, 그 집행을 유예한다."
305284,판례내용,43,판사 이○ _________________________
