판례일련번호,구분,문장번호,내용
306102,판례내용,1,수 원 지 방 법 원
306102,판례내용,2,판 결
306102,판례내용,3,사 건
306102,판례내용,4,2012고정1282 범인도피교사
306102,판례내용,5,피 고 인
306102,판례내용,6,"김○◇○ (59년생, 남 xxxxxx), 주유소중개업"
306102,판례내용,7,주거 안산시 상록구 OO동 ___-_ (수원구치소 수용중)
306102,판례내용,8,등록기준지 서울 서초구 OO동 ___-__
306102,판례내용,9,검 사
306102,판례내용,10,"이○(기소), 이○(공판)"
306102,판례내용,11,판 결 선 고
306102,판례내용,12,2012.7.5.
306102,판례내용,13,주 문
306102,판례내용,14,피고인을 벌금 500만 원에 처한다.
306102,판례내용,15,"피고인이 위 벌금을 납입하지 아니하는 경우 50,000원을 1일로 환산한 기간 피고인을 노역장에 유치한다."
306102,판례내용,16,위 벌금에 상당한 금액의 가납을 명한다.
306102,판례내용,17,이 유
306102,판례내용,18,범 죄 사 실
306102,판례내용,19,범죄전력
306102,판례내용,20,피고인은 2009.10.8.
306102,판례내용,21,의정부지방법원에서 사기죄로 징역 10월을 선고받고 2009.10.16.
306102,판례내용,22,그 판결이 확정되었다.
306102,판례내용,23,범죄사실
306102,판례내용,24,피고인은 시흥시 OO동 __-_에 있는 ‘□■주유소’의 실제 운영자이다.
306102,판례내용,25,"피고인은 2007.10.15.경 시흥시 OOO에 있는 법무법인 사무실에서, 윤○에게 “월 100~200만 원씩 줄 테니 내가 운영하고 있는 □■주유소를 임차하여 운영하는 ○♣♣ 해 달라”고 부탁하여 이에 대한 승낙을 받고 윤○이 위 □■주유소를 임차한 ○♣♣ 임대차계약서를 작성하였다."
306102,판례내용,26,"그 후, 피고인은 2008.6.18.경 위 □■주유소에서 유사석유를 판매한 혐의에 대해 화성서부경찰서의 조사가 이루어지자, 시흥시 OOO에 있는 벨라지오 호텔 커피숍에서 윤○을 만나, 윤○에게 화성서부경찰서에 출석하여 위 □■주유소를 운영한 ○♣♣ 진술해 달라고 말하여 윤○에게 허위 진술할 것을 마음먹게 하고, 윤○으로 하여금 2008.6.18."
306102,판례내용,27,"14:00경 화성시 OOO에 있는 화성서부경찰서 수사과 사무실에 출석하여, 사실은 피고인이 위 □■주유소를 운영하여 유사석유판매 혐의와 관련되어 있음에도 불구하고 위 사건을 수사중인 화성서부경찰서 소속 담당경찰관에게 “내가 위 □■주유소의 실제 운영자이다.”라는 취지로 허위 진술을 하게 함으로써 범인도피를 교사하였다."
306102,판례내용,28,증거의 요지
306102,판례내용,29,1.피고인의 법정진술
306102,판례내용,30,1.윤○에 대한 검찰 피의자신문조서(제2회)
306102,판례내용,31,"1.수사보고-□■주유소 유사석유 납품 추적, 수사보고-□■주유소매출전표첨부, 수사보고-2008.5.20."
306102,판례내용,32,"잡목 외근수사, □■주유소․사거리주유소 채증사진"
306102,판례내용,33,"1.수사보고서(김○◇○이 □■주유소 운영한 사실 관련자료 첨부), 약식명령, 판결문 사본"
306102,판례내용,34,"1.판시 전과 : 약식명령, 판결문 사본, 처분미상전과확인결과보고(수사기록 775면), 수사보고서(관련사건 확정일자 확인 및 약식명령문 사본 첨부보고, 792면)"
306102,판례내용,35,법령의 적용
306102,판례내용,36,1.범죄사실에 대한 해당법조 및 형의 선택
306102,판례내용,37,"형법 제151조 제1항, 제31조 제1항 (벌금형 선택)"
306102,판례내용,38,1.경합범처리
306102,판례내용,39,"형법 제37조 후단, 제39조 제1항 전문"
306102,판례내용,40,1.노역장유치
306102,판례내용,41,"형법 제70조, 제69조 제2항"
306102,판례내용,42,1.가납명령
306102,판례내용,43,형사소송법 제334조 제1항
306102,판례내용,44,판사 강○ _________________________
