판례일련번호,구분,문장번호,내용
305797,판례내용,1,서울중앙지방법원
305797,판례내용,2,판 결
305797,판례내용,3,사 건 2016고단3036 사기
305797,판례내용,4,피 고 인 A
305797,판례내용,5,"검 사 김○(기소), 황○(공판)"
305797,판례내용,6,변 호 인 B
305797,판례내용,7,판 결 선 고 2016.11.24.
305797,판례내용,8,주 문
305797,판례내용,9,피고인을 징역 8월에 처한다.
305797,판례내용,10,이 유
305797,판례내용,11,범죄사실
305797,판례내용,12,"피고인은 피해자 C은 중학교 동창이며, 2014.12.경부터 피해자와 결혼을 전제로 교제하는 사이가 되었다."
305797,판례내용,13,피고인은 피해자와 교제기간 중 서울 시내 아파트와 고급 승용차 등 상당한 재산을 보유하고 있는 양 행세하면서 결혼을 빙자하여 피해자로부터 금전을 편취하기로 마음먹었다.
305797,판례내용,14,그리하여 피고인은 2015.5.15.경 서울 시내 이하 불상지에서 피해자에게 “주식투자를 해야 하는데 돈을 빌려 달라.네가 돈이 필요할 때 요구하면 며칠 내로 바로 반환해 주겠다.”는 취지로 거짓말을 하였다.
305797,판례내용,15,"그러나 사실, 피고인은 피해자로부터 금전을 차용하더라도 별다른 수입원이나 재산이 없어 이를 변제할 의사나 능력이 없었다."
305797,판례내용,16,"그럼에도 피고인은 위와 같이 피해자를 기망하여 이에 속은 피해자로부터 같은 날 차용금 명목으로 1,000만 원을 피고인 명의의 D은행계좌(계좌번호 : **************)로 송금 받았다."
305797,판례내용,17,"피고인은 이를 비롯하여 그 때부터 2015.7.23.경까지 별지 범죄일람표 기재와 같이 피해자로부터 모두 28회에 걸쳐 차용금 명목으로 합계 4,150만 원을 교부받았다."
305797,판례내용,18,증거의요지
305797,판례내용,19,1.피고인의 법정진술
305797,판례내용,20,2.C에 대한 경찰 진술조서
305797,판례내용,21,3.송금자료 등
305797,판례내용,22,법령의적용
305797,판례내용,23,1.범죄사실에 대한 해당법조 및 형의 선택
305797,판례내용,24,"형법 제347조 제1항(사기의 점, 징역형 선택)"
305797,판례내용,25,양형의이유
305797,판례내용,26,"피고인은 피해자와의 인적 신뢰 관계를 악용하여 범행을 저질렀고, 피해자로부터 편취한 금액이 적지 아니한 액수임에도 현재까지 피해 회복이 제대로 이루어지지 아니하였다."
305797,판례내용,27,피고인은 동종의 전과는 없더라도 과거 이○의 범죄로 여러 차례 처벌받은 범죄 전력이 있다.
305797,판례내용,28,이 사건 판결 선고를 앞두고 합의를 빙자하여 기일의 유예를 받은 후 연락을 끊고 잠적해 버리는 등 무책임한 태도를 보였다.
305797,판례내용,29,이러한 사정에 비추어 볼 때 피고인의 책임이 무겁다.
305797,판례내용,30,"다만 이러한 불리한 정상에다가, 피고인이 범행 사실을 자백하면서 반성하는 태도를 보이는 점, 피고인이 피해 회복을 위한 노력을 기울인 점을 피고인에 대한 유리한 정상으로 참작하되,"
305797,판례내용,31,"그 밖에 피고인의 연령, 성행, 가족관계, 가정환경, 범행의 동기와 수단, 범행 후의 정황, 피고인과 피해자의 관계 등 이 사건 기록에 나타난 양형 조건이 되는 사정을 두루 참작하여 양형 기준이 권고하는 권고형의 범위[기본범죄인 사기범죄군 중 일반사기범죄의 제1유형 중 기본구간의 하한인 징역 6월과 상한인 징역 1년 6월이 권고형의 범위임] 내에서 위와 같이 형을 정한다."
305797,판례내용,32,이○의 이유로 주문과 같이 판결한다.
305797,판례내용,33,판사 하○ _________________________
