판례일련번호,구분,문장번호,내용
305138,판례내용,1,부 산 지 방 법 원
305138,판례내용,2,판 결
305138,판례내용,3,사 건
305138,판례내용,4,"2023고단2571 업무방해, 공무집행방해, 상해"
305138,판례내용,5,피 고 인
305138,판례내용,6,A
305138,판례내용,7,검 사
305138,판례내용,8,"박○(기소), 박○(공판)"
305138,판례내용,9,변 호 인
305138,판례내용,10,법무법인 시그니처 담당변호사 정○
305138,판례내용,11,판 결 선 고
305138,판례내용,12,2023.12.18.
305138,판례내용,13,주 문
305138,판례내용,14,피고인을 징역 1년에 처한다.
305138,판례내용,15,이 유
305138,판례내용,16,범 죄 사 실
305138,판례내용,17,[범죄전력]
305138,판례내용,18,피고인은 2021.2.5.
305138,판례내용,19,대전지방법원 천안지원에서 공무집행방해죄 등으로 징역 6개월을 선고받아 천안교도소에서 그 형의 집행 중 2021.7.30.
305138,판례내용,20,가석방되어 2021.8.5.
305138,판례내용,21,가석방 기간을 경과하였다.
305138,판례내용,22,[범죄사실]
305138,판례내용,23,1.업무방해
305138,판례내용,24,피고인은 2023.6.25.
305138,판례내용,25,"03:58경 부산 중구 B에 있는 피해자 C이 직원으로 근무하는 D편의점 신창점에서, 피해자에게 “이 편의점은 왜 이렇게 찾기가 어렵냐, 간판에 왜 불이 안 켜져 있냐”라고 말을 하며 시비를 걸고 사장의 연락처를 알려달라고 하는 것을 피해자가 거부하자 “시발 개새끼야, 시발 거지새끼가 짜증나게 하네, 니네 엄마가 불쌍하다, 이빨 다 깨부순다.”라는 등의 욕설을 하며 피해자를 위협하고, 편의점 내 진열대를 발로 차 진열대가 분리되고 상품 품목표가 바닥에 떨어지게 만들고, 냉동고에 침을 뱉는 등 행패를 부려 약 15분 동안 위력으로 피해자의 편의점 운영 업무를 방해하였다."
305138,판례내용,26,"2.공무집행방해, 상해"
305138,판례내용,27,피고인은 2023.6.25.
305138,판례내용,28,"04:20경 부산 중구 E 앞길에서, ‘술에 취한 손님 시비로 도움 요청한다’는 취지의 112신고를 받고 출동한 피해자 부산중부경찰서 F파출소소속 경사 G(남, 35세) 및 같은 파출소 소속 순경 H 등으로부터 귀가를 권유받자 “씨발새끼야, 개새끼야, 너거가 뭔데”라고 수차례 욕설을 하며 위 H의 얼굴에 침을 뱉고, 위 피해자 G의 왼쪽 손목을 깨물었다."
305138,판례내용,29,이로써 피고인은 피해자 G에게 약 2주간의 치료를 요하는 “(좌측)손목 및 손의 상세불명 표재성 손상”의 상해를 가함과 동시에 경찰관들의 112신고 사건 처리에 관한 정당한 직무집행을 방해하였다.
305138,판례내용,30,증거의 요지
305138,판례내용,31,1.피고인의 법정진술
305138,판례내용,32,"1.H, G, C에 대한 각 경찰 진술조서"
305138,판례내용,33,"1.피고인이 발로 차 떨어진 진열대 일부 플라스틱 촬영사진, 침을 뱉은 냉동고의 촬영 사진, 진료소견서"
305138,판례내용,34,"1.판시 전과: 범죄경력등조회회보서(A), 수사보고(누범확인)"
305138,판례내용,35,법령의 적용
305138,판례내용,36,1.범죄사실에 대한 해당법조
305138,판례내용,37,"형법 제314조 제1항(업무방해의 점), 각 형법 제136조 제1항(공무집행방해의 점), 형법 제257조 제1항(상해의 점)"
305138,판례내용,38,1.상상적 경합
305138,판례내용,39,"형법 제40조, 제50조"
305138,판례내용,40,1.형의 선택
305138,판례내용,41,각 징역형 선택
305138,판례내용,42,1.누범가중
305138,판례내용,43,형법 제35조
305138,판례내용,44,1.경합범가중
305138,판례내용,45,"형법 제37조 전단, 제38조 제1항 제2호, 제50조"
305138,판례내용,46,양형의 이유
305138,판례내용,47,"범행수법이 상당히 불량한 점, 동종 범죄로 여러 차례 처벌받은 전력이 있고 공무집행방해죄로 인한 누범기간 중임에도 재차 이 사건 각 범행을 저지른 점 등의 불리한 정상 및 피고인이 자신의 범행을 반성하고 있는 점, 피해자들 및 피해 경찰관들이 피고인의 처벌을 원하지 않는 점 등의 유리한 정상과 함께 제반 양형조건들을 종합하여 주문과 같이 형을 정한다."
305138,판례내용,48,판사 김○ _________________________
