판례일련번호,구분,문장번호,내용
305824,판례내용,1,서 울 중 앙 지 방 법 원
305824,판례내용,2,판 결
305824,판례내용,3,사 건
305824,판례내용,4,2019고정2429 과실치상
305824,판례내용,5,피 고 인
305824,판례내용,6,A
305824,판례내용,7,검 사
305824,판례내용,8,"정○(기소), 이○(공판)"
305824,판례내용,9,변 호 인
305824,판례내용,10,변호사 장○(국선)
305824,판례내용,11,판 결 선 고
305824,판례내용,12,2020.2.19.
305824,판례내용,13,주 문
305824,판례내용,14,"피고인을 벌금 300,000원에 처한다."
305824,판례내용,15,"피고인이 위 벌금을 납입하지 아니하는 경우 100,000원을 1일로 환산한 기간 피고인을 노역장에 유치한다."
305824,판례내용,16,위 벌금에 상당한 금액의 가납을 명한다.
305824,판례내용,17,이 유
305824,판례내용,18,범 죄 사 실
305824,판례내용,19,피고인은 2019.8.25.경 서울 동작구 노량진로14가길 * 앞 노상에서 고양이를 기르는 주인으로서 자신이 키우고 있는 고양이가 다른 사람을 물거나 할퀴지 아니하게 하는 등 필요한 조치를 하여야 할 주의의무가 있었음에도 이를 게을리 한 채 고양이와 함께 산책을 하던 중 옆에서 길을 걸어가는 피해자 B의 허벅지를 발톱으로 할퀴게 하여 피해자에게 약 2주간의 치료가 필요한 대퇴의 열린 상처를 입게 하였다.
305824,판례내용,20,증거의 요지
305824,판례내용,21,1.피고인의 법정진술
305824,판례내용,22,1.증인 B의 법정진술
305824,판례내용,23,1.피고인에 대한 경찰 피의자신문조서
305824,판례내용,24,1.B에 대한 경찰 진술조서
305824,판례내용,25,"1.고소장, 상해진단서, 상처사진"
305824,판례내용,26,법령의 적용
305824,판례내용,27,1.범죄사실에 대한 해당법조
305824,판례내용,28,"형법 제266조 제1항, 벌금형 선택"
305824,판례내용,29,1.노역장유치
305824,판례내용,30,"형법 제70조 제1항, 제69조 제2항"
305824,판례내용,31,1.가납명령
305824,판례내용,32,형사소송법 제334조 제1항
305824,판례내용,33,피고인의 주장에 대한 판단
305824,판례내용,34,1.주장
305824,판례내용,35,"피고인은 자신이 키우고 있는 고양이가 다른 사람을 물거나 할퀴지 아니하도록 필요한 조치를 다하였으므로, 피고인에게 과실이 있었다고 할 수 없다."
305824,판례내용,36,2.판단
305824,판례내용,37,"이 법원이 적법하게 채택하여 조사한 위 각 증거들에 의하여 인정할 수 있는 다음과 같은 사정들, 즉 피고인이 함께 산책을 하던 고양이가 갑자기 마주 지나가던 B에게 달려들어 그의 허벅지를 발톱으로 할퀴었는데 그 당시 B가 고양이를 자극할 정도로 가까이 가거나 그 밖에 고양이를 흥분시킬 수 있는 어떠한 행동을 한 것으로 보이지는 아니하는 점에 비추어 보면, 피고인이 고양이를 데리고 산책을 함에 있어 고양이가 갑자기 다른 사람을 물거나 할퀴는 등 해를 끼치지 아니하도록 고양이의 목줄 길이를 일정하게 유지하는 등의 필요한 조치를 하지 아니한 사실을 인정할 수 있다."
305824,판례내용,38,"나아가 피고인과 함께 산책을 하던 고양이가 지나가던 차량에 놀라 갑자기 흥분하여 갑자기 마주 지나가던 B에게 달려든 것이더라도, 고양이의 이와 같은 행동습성은 고양이를 키우는 피고인으로서는 충분히 알 수 있는 것이라고 할 수 있으므로, 이에 대비하여 피고인이 고양이가 갑자기 다른 사람을 물거나 할퀴는 등 해를 끼치지 아니하도록 고양이의 목줄 길이를 일정하게 유지하는 등의 필요한 조치를 하지 아니한 것도 피고인의 과실에 해당한다고 할 수 있다."
305824,판례내용,39,3.소결
305824,판례내용,40,피고인의 주장을 받아들이지 아니한다.
305824,판례내용,41,양형의 이유
305824,판례내용,42,"피고인에게 그 동안 형사처벌을 받은 전력이 없는 점, 그 밖에 피고인의 나이, 성행, 환경, 범행의 동기, 수단과 결과, 범행 후의 정황 등 이 사건 변론에 나타난 모든 양형의 조건을 종합하여 주문과 같은 형을 정한다."
305824,판례내용,43,판사 이○ _________________________
