판례일련번호,구분,문장번호,내용
305363,판례내용,1,서울동부지방법원
305363,판례내용,2,제1 2 형사부
305363,판례내용,3,판 결
305363,판례내용,4,사 건 2017고합126 현주건조물방화미수
305363,판례내용,5,피 고 인 이**
305363,판례내용,6,"검 사 강**(기소, 공판), 서**(공판)"
305363,판례내용,7,변 호 인 변호사 엄**(국선)
305363,판례내용,8,판 결 선 고 2017.9.5.
305363,판례내용,9,주 문
305363,판례내용,10,피고인을 징역 10월에 처한다.
305363,판례내용,11,"다만, 이 판결 확정일부터 2년간 위 형의 집행을 유예한다."
305363,판례내용,12,피고인에 대하여 1년간 보호관찰을 받을 것을 명한다.
305363,판례내용,13,이 유
305363,판례내용,14,범죄사실
305363,판례내용,15,피고인은 2017.4.30.
305363,판례내용,16,"10:20경 서울 **구 **로 **, **동 **호(**동, **아파트)소재 피고인의 집에서 전날 밤 술을 마시면서 가족들과 대통령 선거에 대해 대화를 하던 중 가족들이 자신의 의견에 동조해 주지 않아 화가 나 집을 나간 후 아침에 다시 집으로 들어와 처와 말다툼을 하다가 현관문 밖으로 나가 그곳에 있던 두루마리 휴지를 풀어 가지고 있던 라이터로 불을 붙인 후 이를 신발과 쓰레기봉투 등이 있던 집안 신발장 쪽으로 던져 방화하려다가 이를 본 피고인의 딸이 불을 끄는 바람에 미수에 그쳤다."
305363,판례내용,17,이로써 피고인은 불을 놓아 사람이 주거로 사용하는 건조물을 소훼하려다가 미수에 그쳤다.
305363,판례내용,18,증거의요지
305363,판례내용,19,1.피고인의 법정진술
305363,판례내용,20,1.증인 배**의 법정진술
305363,판례내용,21,1.피고인에 대한 경찰 피의자신문조서
305363,판례내용,22,1.이**에 대한 경찰 진술조서
305363,판례내용,23,"1.발생보고(현주건조물방화미수), 수사보고 및 첨부된 각 사진"
305363,판례내용,24,법령의적용
305363,판례내용,25,1.범죄사실에 대한 해당법조 및 형의 선택
305363,판례내용,26,"형법 제174조, 제164조 제1항(유기징역형 선택)"
305363,판례내용,27,1.미수감경
305363,판례내용,28,"형법 제25조 제2항, 제55조 제1항 제3호"
305363,판례내용,29,1.작량감경
305363,판례내용,30,"형법 제53조, 제55조 제1항 제3호(아래 양형의 이유 중 유리한 정상 참작)"
305363,판례내용,31,1.집행유예
305363,판례내용,32,형법 제62조 제1항(아래 양형의 이유 중 유리한 정상 참작)
305363,판례내용,33,1.보호관찰
305363,판례내용,34,형법 제62조의2
305363,판례내용,35,양형의이유
305363,판례내용,36,1.법률상 처단형의 범위: 징역 9월 ~ 7년 6월
305363,판례내용,37,2.양형기준의 적용 여부: 미수범이므로 양형기준이 적용되지 아니함
305363,판례내용,38,"3.선고형의 결정: 징역 10월, 집행유예 2년"
305363,판례내용,39,가.불리한 정상
305363,판례내용,40,○ 사람이 주거로 사용하는 건조물에 대한 방화 범행은 사람의 생명‧신체와 재산에 중대한 피해를 입힐 수 있는 위험성이 큰 범죄인 점
305363,판례내용,41,○ 피고인은 과거 수차례 가정폭력을 행한 전력이 있음에도 가족들과 함께 거주하는 주거지에 불을 지르는 이 사건 범행에 이른 점
305363,판례내용,42,나.유리한 정상
305363,판례내용,43,"○ 이 사건 범행을 인정하며, 반성하고 있는 점"
305363,판례내용,44,○ 가족들로부터 무시를 당한다는 생각에 화가 나 행한 우발적인 범행인 점
305363,판례내용,45,○ 가족들이 지켜보는 중에 이루어진 방화 범행으로 그 즉시 진화된 점
305363,판례내용,46,○ 이 사건으로 인한 피해가 경미한 점
305363,판례내용,47,배심원평결및양형의견
305363,판례내용,48,1.유․무죄에 관한 평결(배심원 7명)
305363,판례내용,49,○ 유죄: 7명(만장일치)
305363,판례내용,50,2.양형에 관한 의견(배심원 7명)
305363,판례내용,51,"○ 징역 1년, 집행유예 2년: 4명"
305363,판례내용,52,"○ 징역 9월, 집행유예 2년: 3명"
305363,판례내용,53,재판장 판사 이○ _________________________
305363,판례내용,54,판사 이○ _________________________
305363,판례내용,55,판사 김준영 _________________________
