판례일련번호,구분,문장번호,내용
176229,판시사항,1,부동산강제집행효용침해죄의 구성요건 중 ‘기타 방법’ 및 ‘강제집행의 효용을 해하는 것’의 의미
176229,참조조문,2,형법 제140조의2
176229,판례내용,3,【피 고 인】
176229,판례내용,4,【상 고 인】 검사
176229,판례내용,5,【원심판결】 광주지법 2012.12.7.
176229,판례내용,6,선고 2012노2062 판결
176229,판례내용,7,【주    문】
176229,판례내용,8,"원심판결을 파기하고, 사건을 광주지방법원 본원 합의부에 환송한다."
176229,판례내용,9,【이    유】  상고이유를 판단한다.
176229,판례내용,10,"형법 제140조의2의 부동산강제집행효용침해죄는 강제집행으로 명도 또는 인도된 부동산에 침입하거나 기타 방법으로 강제집행의 효용을 해함으로써 성립한다.여기서 ‘기타 방법’이란 강제집행의 효용을 해할 수 있는 수단이나 방법에 해당하는 일체의 방해행위를 말하고, ‘강제집행의 효용을 해하는 것’이란 강제집행으로 명도 또는 인도된 부동산을 권리자가 그 용도에 따라 사용·수익하거나 권리행사를 하는 데 지장을 초래하는 일체의 침해행위를 말한다(대법원 2002.11.8."
176229,판례내용,11,선고 2002도4801 판결 참조).
176229,판례내용,12,"원심판결 이유 및 원심이 채택한 증거에 의하면, 소외인은 2011.9.29."
176229,판례내용,13,전남 완도군 (주소 1 생략)토지 및 건물(이하 ‘이 사건 토지 및 건물’이라 한다)을 강제경매절차에서 매수하고 2012.2.29.
176229,판례내용,14,"인도집행을 마친 사실, 이 사건 토지 및 건물에서 어린이집을 운영하던 피고인은 2012.3.12.경 이 사건 건물의 정문 쪽 철제 울타리 부분에 가로 1,550cm, 세로 120cm(공소장 및 원심판결의 ‘가로 120cm, 세로 1,550cm’는 오기로 본다)의 시멘트 벽돌담(이하 ‘이 사건 벽돌담’이라 한다)을 설치한 사실, 피고인이 이 사건 벽돌담을 설치한 곳은 이 사건 토지와 접하는 피고인 소유의 (주소 2 생략)대 17㎡, (주소 3 생략)대 3㎡와 완도군 소유의 (주소 4 생략)대 41㎡ 지상으로, 위 각 토지는 공중이 통행하는 도로로 이용되고 있는데, 이 사건 벽돌담이 이 사건 건물의 정문을 가로막는 위치와 방향으로 설치됨으로써 이 사건 건물의 이용자들은 이 사건 건물과 그 옆 건물 사이에 생긴 좁은 공간을 통하여 출입할 수밖에 없었던 사실 등을 알 수 있다."
176229,판례내용,15,"이러한 사실관계를 앞서 본 법리에 비추어 살펴보면, 피고인의 이 사건 벽돌담 설치행위는 강제집행으로 인도된 이 사건 토지 및 건물을 권리자인 소외인이 그 용도에 따라 사용·수익하거나 권리행사를 하는 데 지장을 초래하는 침해행위에 해당한다고 봄이 상당하고, 이 사건 벽돌담이 피고인이 어린이집을 운영하면서 어린이들의 안전을 위해 설치한 기존의 철제 울타리를 따라 설치되었다고 하더라도, 소외인이 위 철제 울타리의 존속을 전제로 제한된 범위에서만 이 사건 토지 및 건물을 사용·수익하는 것은 아니므로, 위와 같은 사정은 피고인의 강제집행효용 침해행위를 인정하는 데 방해가 되지 않는다 할 것이다."
176229,판례내용,16,그럼에도 원심이 그 판시와 같은 이유로 피고인의 이 사건 벽돌담 설치행위를 이 사건 부동산에 대한 강제집행의 효용을 침해하는 행위에 해당하지 않는다고 판단한 데에는 부동산강제집행효용침해죄에 관한 법리를 오해하여 판결에 영향을 미친 위법이 있다.이 점을 지적하는 상고이유 주장은 이유 있다.
176229,판례내용,17,"그러므로 원심판결을 파기하고, 사건을 다시 심리·판단하도록 원심법원에 환송하기로 하여 관여 대법관의 일치된 의견으로 주문과 같이 판결한다."
176229,판례내용,18,대법관 김○(재판장)신○(주심)이○ 김○
