판례일련번호,구분,문장번호,내용
211899,판시사항,1,상사에게 정식보고되지 않고 수사기록에 편철되지 아니한 채 보관중이던 진술조서를 휴지통에 폐기한 경우 공용서류무효죄의 성부
211899,판결요지,2,"공용서류무효죄의 객체는 그것이 공무소에서 사용되는 서류인 이상, 정식절차를 밟아 접수되었는지 또는 완성되어 효력이 발생되었는지의 여부를 묻지 않는다 할 것이므로 피고인이 작성한 이 사건 진술조서가 상사에게 정식으로 보고되어 수사기록에 편철된 문서가 아니라거나 완성된 서류가 아니라 하여           형법 제141조 제1항 소정의 공무소에서 사용하는 서류에 해당하지 않는 것이라고 할 수 없으니, 피고인이 진술자의 서명무인과 간인까지 받아 작성한 진술조서를 수사기록에 편철하지 않은 채 보관하고 있다가 휴지통에 버려 페기한 소위는 공용서류무효죄에 해당한다."
211899,참조조문,3,형법 제141조 제1항
211899,판례내용,4,【피 고 인】 피고인
211899,판례내용,5,【상 고 인】   피고인
211899,판례내용,6,【변 호 인】   변호사 최장락
211899,판례내용,7,【원심판결】 부산지방법원 1982.1.25.
211899,판례내용,8,선고 81노2667 판결
211899,판례내용,9,【주    문】
211899,판례내용,10,상고를 기각한다.
211899,판례내용,11,【이    유】  상고이유 제1점에 대하여
211899,판례내용,12,"공용서류무효죄의 객체는 그것이 공무소에서 사용되는 서류인 이상, 정식절차를 밟아 접수되었는가 또는 완성되어 효력이 발생되었는가의 여부를 묻지 않는다 할 것이므로(          당원 1961.8.26."
211899,판례내용,13,"선고 4294형상262 판결,           1971.3.30."
211899,판례내용,14,"선고 71도324 판결,           1980.10.27."
211899,판례내용,15,"선고 80도1127 판결,           1981.8.25."
211899,판례내용,16,선고 81도1830 판결 참조)피고인이 작성한 제1심 판시 손○에 대한 진술조서가 상사에게 정식으로 보고되어 수사기록에 편철된 문서가 아니라거나 완성된 서류가 아니라 하여           형법 제141조 제1항 소정의 공무소에서 사용하는 서류에 해당하지 않는 것이라고 할 수는 없다.따라서 진술자가 서명무인하고 간인까지 하였던 서류이었음이 기록상 분명한 공소외 손○에 대한 제1심 판시 진술조서를 피고인이 수사기록에 편철하지 아니한 채 보관하고 있다가 휴지통에 버려 폐기한 소위를           형법 제141조 제1항에 의률처단한 제1심의 조치는 정당하고         거기에 소론과 같은 법리오해가 있다 할 수 없으므로 논지 이유없다.
211899,판례내용,17,상고이유 제2점에 대하여
211899,판례내용,18,"원심이 유지한 제1심 판결 거시의 증거에 의하면 피고인에 대한 제1심 판시 직무유기의 범죄사실을 적법하게 인정할 수 있는바, 기록에 의하여 그 증거취사와 사실인정의 과정을 살펴보아도 채증법칙 위반이나 심리미진으로 인한 사실오인의 위법이 있다고는 인정되지 않고 또한 제1심이 적법하게 확정하고 있는 피고인의 행위는 소론과 같이 단순히 법령·내규·지시 또는 통첩에 의한 추상적인 충근의무를 태만히 하거나 분망·착각, 법률상의 부지 등의 사유로 공무집행상 부당한 결과가 초래된 경우라고는 볼 수 없어 거기에 직무유기죄의 법리를 오해한 위법이 있다 할 수도 없으니 논지 이유없다."
211899,판례내용,19,그러므로 상고를 기각하기로 하여 관여법관의 일치된 의견으로 주문과 같이 판결한다.
211899,판례내용,20,대법관 윤○(재판장)정○ 김○ 오○
