판례일련번호,구분,문장번호,내용
305087,판례내용,1,부 산 지 방 법 원
305087,판례내용,2,제 3 형 사 부
305087,판례내용,3,판 결
305087,판례내용,4,사 건
305087,판례내용,5,2021노3936 도로교통법위반(음주운전)
305087,판례내용,6,피 고 인
305087,판례내용,7,A
305087,판례내용,8,항 소 인
305087,판례내용,9,검사
305087,판례내용,10,검 사
305087,판례내용,11,"김○(기소), 김○(공판)"
305087,판례내용,12,변 호 인
305087,판례내용,13,변호사 000
305087,판례내용,14,원 심 판 결
305087,판례내용,15,부산지방법원 서부지원 2021.11.17.
305087,판례내용,16,선고 2021고단1648 판결
305087,판례내용,17,판 결 선 고
305087,판례내용,18,2022.10.21.
305087,판례내용,19,주 문
305087,판례내용,20,원심판결을 파기한다.
305087,판례내용,21,피고인을 징역 1년에 처한다.
305087,판례내용,22,"다만, 이 판결 확정일로부터 2년간 위 형의 집행을 유예한다."
305087,판례내용,23,이 유
305087,판례내용,24,1.항소이유의 요지(양형부당)
305087,판례내용,25,"원심이 선고한 형(벌금 10,000,000원)은 너무 가벼워서 부당하다."
305087,판례내용,26,2.직권판단
305087,판례내용,27,"검사가 당심에 이르러 이 사건 공소사실 중 적용법조의 ‘도로교통법 제148조의2 제1항’ 부분을 ‘도로교통법 제148조의2 제3항 제2호’로 변경하는 내용의 공소장변경허가신청을 하였고, 이 법원이 이를 허가함으로써 그 심판대상이 변경되었으므로, 원심판결은 그대로 유지될 수 없게 되었다."
305087,판례내용,28,3.결론
305087,판례내용,29,"그렇다면, 원심판결에는 위와 같은 직권파기사유가 있으므로, 검사의 양형부당 주장에 관한 판단을 생략한 채, 형사소송법 제364조 제2항에 따라 원심판결을 파기하고 변론을 거쳐 다시 다음과 같이 판결한다."
305087,판례내용,30,[다시 쓰는 판결 이유]
305087,판례내용,31,범 죄 사 실
305087,판례내용,32,피고인은 2021.6.4.
305087,판례내용,33,23:05경 부산 사하구 B에 있는 ‘C’ 앞 도로에서부터 같은 구 00에 있는 ‘D아파트’ 앞 도로에 이르기까지 약 100m 구간에서 혈중알코올농도 0.138%의 술에 취한 상태로 (차량번호 1 생략)E 승용차를 운전하였다.
305087,판례내용,34,증거의 요지
305087,판례내용,35,1.피고인의 당심 법정진술
305087,판례내용,36,1.주취운전자 정황진술보고서
305087,판례내용,37,1.음주운전단속사실결과조회
305087,판례내용,38,1.감정서
305087,판례내용,39,법령의 적용
305087,판례내용,40,1.범죄사실에 대한 해당법조 및 형의 선택
305087,판례내용,41,"도로교통법 제148조의2 제3항 제2호, 제44조 제1항, 징역형 선택"
305087,판례내용,42,1.집행유예
305087,판례내용,43,형법 제62조 제1항
305087,판례내용,44,양형의 이유
305087,판례내용,45,"음주운전은 자신뿐만 아니라 타인의 생명, 신체에까지 위협을 끼칠 가능성이 높은 범죄로서 그 위험성이 매우 높은 점, 피고인이 음주운전으로 수차례 처벌받은 전력이 있음에도 또다시 이 사건 범행을 저지른 점 등 불리한 정상, 피고인이 이 사건 범행을 인정하고 반성하는 태도를 보이는 점, 피고인에게 벌금형을 초과하여 처벌받은 전력은 없는 점 등 유리한 정상, 그 밖에 원심의 적용법조가 위헌 결정되었고, 당심에서 공소장변경이 이루어진 점, 이 사건 음주수치(0.138%), 운전거리(약 100m), 피고인의 연령, 성행과 환경, 피고인의 가족관계, 이 사건 범행에 이르게 된 동기와 경위, 수단과 결과, 범행 후의 정황, 범죄전력 기타 이 사건 변론에 나타난 양형조건들을 종합하여 주문과 같이 형을 정한다."
305087,판례내용,46,재판장 판사 성○ _________________________
305087,판례내용,47,판사 민○ _________________________
305087,판례내용,48,판사 목○ _________________________
