판례일련번호,구분,문장번호,내용
304000,판례내용,1,대전지방법원
304000,판례내용,2,판결
304000,판례내용,3,사 건 2015고단2465 가.업무상촉탁낙태나.업무상촉탁낙태방조
304000,판례내용,4,피 고 인 1.가.甲
304000,판례내용,5,2.나.乙
304000,판례내용,6,3.나.丙
304000,판례내용,7,"검○ 하담미(기소), 최지은(공판)"
304000,판례내용,8,"변○ 호 인 변○호사 전○(피고인들을 위하여)법무법인 화후 담당변○호사 윤○, 조○(피고인들을 위하여)"
304000,판례내용,9,판 결 선 고 2015.10.15.
304000,판례내용,10,주문
304000,판례내용,11,피고인 甲을 징역 6월 및 자격정지 1년에 처한다.
304000,판례내용,12,"다만, 피고인 甲에 대하여는 이 판결 확정일로부터 2년간 위 징역형의 집행을 유예한다."
304000,판례내용,13,"피고인 乙, 피고인 丙에 대한 각 형의 선고를 유예한다."
304000,판례내용,14,압수된 증 제1 내지 40호를 피고인 甲으로부터 몰수한다.
304000,판례내용,15,이유
304000,판례내용,16,범죄사실
304000,판례내용,17,1.피고인 甲
304000,판례내용,18,피고인은 대전 유성구 ** 에서 A산부인과를 운영하는 의사이다.
304000,판례내용,19,피고인은 2013.12.30.
304000,판례내용,20,11:00경 위 A산부인과에서 임산부인 A로부터 낙태수술을 하여 달라는 촉탁을 받고 수술실에서 위 A의 자궁 속에 진공흡입기를 삽입한 후 약 5주된 태아를 흡입하여 몸 밖으로 배출하는 방법으로 낙태하게 한 것을 비롯하여 그 때부터 2014.12.3.까지 사이에 별지 범죄일람표(생략)기재와 같이 총 32회에 걸쳐서 임산부로부터 촉탁을 받아 태아를 낙태하게 하였다.
304000,판례내용,21,"2.피고인 乙, 丙"
304000,판례내용,22,피고인들은 위 1항 기재 A산부인과에서 근무하는 간호조무사들이다.
304000,판례내용,23,피고인들은 위 1항 기재와 같이 의사인 甲이 총 32회에 걸쳐서 임산부 A 등으로부터 촉탁을 받아 낙태하게 함에 있어 수술실에서 정맥주사기를 통해 마취액을 임산부에게 주입하고 수술 중 임산부의 안색과 호흡을 살피거나 수술실 밖에서 임산부에게 줄항생제와 소염제를 준비하는 등의 방법으로 그 범행을 용이하게 하여 방조하였다.
304000,판례내용,24,1.피고인들의 각 법정진술
304000,판례내용,25,"1.A, (생략)에 대한 각 경찰 피의자신문조서1.각 경찰 압수조서․압수목록"
304000,판례내용,26,"1.범죄사실에 대한 해당법조 및 형의 선택 ○ 피고인 甲 : 각 형법 제270조 제1항, 제4항(업무상촉탁낙태의 점, 자격정지형 병과)"
304000,판례내용,27,"피고인 각 형법 ○ 乙․丙 : 제270조 제1항, 제32조 제1항(업무상촉탁낙태방조의 점)1.법률상 감경(방조 감경)"
304000,판례내용,28,"피고인 乙․丙 : 각 형법 제32조 제2항, 제55조 제1항 제3호1.경합범가중"
304000,판례내용,29,"피고인들 : 각 형법 제37조 전단, 제38조 제1항 제2호, 제50조(피고인 甲에 대하여는 형법 제38조 제1항 제3호에 의하여 업무상촉탁낙태죄에 정한 자격정지형 병과)1.선고유예할 형"
304000,판례내용,30,피고인 乙․丙 : 각 징역 3월
304000,판례내용,31,1.집행유예
304000,판례내용,32,피고인 甲 : 형법 제62조 제1항
304000,판례내용,33,1.선고유예
304000,판례내용,34,"피고인 乙․丙 : 각 형법 제59조 제1항(각 초범, 진지한 반성, 공동피고인 甲과의관계 및 범행 가담 정도, 범행에 이르게 된 동기 및 경위, 위 피고인들의 나이․직업․성행․환경 등 제반 양형의 조건 참작)1.몰수"
304000,판례내용,35,피고인 甲 : 형법 제48조 제1항 제1호
304000,판례내용,36,양형의 이유(피고인 甲)
304000,판례내용,37,○ 이○ 벌금형 1회 외 형사처벌 전력 없음
304000,판례내용,38,"○ 이 사건 범행기간 및 범행횟수 등에 비추어 죄질이 가볍다고 할 수 없는 점, 이 사건 각 낙태수술은 대부분 미혼의 임부의 요청에 의한 것으로 보이는 등 범행에 이르게 된 동기 및 경위, 반성하고 있는 점 등 참작"
304000,판례내용,39,판사 강○ _________________________
