판례일련번호,구분,문장번호,내용
306141,판례내용,1,수 원 지 방 법 원
306141,판례내용,2,제 4 형 사 부
306141,판례내용,3,판 결
306141,판례내용,4,사 건
306141,판례내용,5,2012노266 특정범죄가중처벌등에관한법률위반(알선수재)
306141,판례내용,6,피 고 인
306141,판례내용,7,"1.김○◇○ (xxxxxx-xxxxxxx), 운수업"
306141,판례내용,8,주거 광주시 OO동 ____
306141,판례내용,9,등록기준지 성남시 수정구 OO동 ____
306141,판례내용,10,"2.김□■ (xxxxxx-xxxxxxx), 옥외광고업"
306141,판례내용,11,주거 성남시 중원구 OO동 ____-_
306141,판례내용,12,등록기준지 안성시 OO면 OO리 ___
306141,판례내용,13,항 소 인
306141,판례내용,14,피고인들
306141,판례내용,15,검 사
306141,판례내용,16,"이○(기소), 이○(공판)"
306141,판례내용,17,변 호 인
306141,판례내용,18,변호사 김○○(피고인 김○◇○를 위하여)
306141,판례내용,19,변호사 박○(피고인 김○□■을 위하여)
306141,판례내용,20,원 심 판 결
306141,판례내용,21,수원지방법원 성남지원 2012.1.3.
306141,판례내용,22,선고 2011고단1840 판결
306141,판례내용,23,판 결 선 고
306141,판례내용,24,2012.2.23.
306141,판례내용,25,주 문
306141,판례내용,26,원심판결을 파기한다.
306141,판례내용,27,"피고인 김○○◇○를 징역 8월, 피고인 김○○□■을 징역 6월에 각 처한다."
306141,판례내용,28,"다만, 이 판결 확정일부터 각 2년간 피고인들에 대한 위 각 형의 집행을 유예한다."
306141,판례내용,29,피고인들에 대하여 각 보호관찰을 받을 것과 240시간의 사회봉사를 명한다.
306141,판례내용,30,"피고인 김○○◇○로부터 2,500만 원, 피고인 김○○□■으로부터 1,500만 원을 각 추징한다."
306141,판례내용,31,이 유
306141,판례내용,32,1.항소이유의 요지(양형부당)
306141,판례내용,33,"원심의 형(피고인 김○○◇○ : 징역 8월, 피고인 김○○□■ : 징역 6월)은 너무 무거워서 부당하다."
306141,판례내용,34,2.판단
306141,판례내용,35,"이 사건은, 피고인들이 공모하여 성남시장의 측근을 통해 인사청탁을 해주겠다며 성남시청 소속 공무원들로부터 2차례에 걸쳐 합계 4,000만 원을 수수한 것으로서 사안이 결코 가볍지 아니한 것은 사실이나, 한편 피고인들이 자백하며 자신들의 잘못을 깊이 반성하고 있는 점, 수수하였던 돈을 모두 반환한 점, 본건으로 상당 기간 구속되어 있었던 점, 관련 사건에서 안○에게 징역형의 집행유예가 선고되어 확정된 점 등 제반 양형 조건을 종합하여 보면, 원심의 형은 다소 무거워서 부당하다고 판단된다."
306141,판례내용,36,3.결론
306141,판례내용,37,"그렇다면, 피고인들의 항소는 이유 있으므로 형사소송법 제364조 제6항에 의하여 원심판결을 파기하고 변론을 거쳐 다시 다음과 같이 판결한다."
306141,판례내용,38,범죄사실 및 증거의 요지
306141,판례내용,39,이 법원이 인정하는 피고인들의 범죄사실 및 그에 대한 증거의 요지는 모두 원심판결의 각 해당란 기재와 같으므로 형사소송법 제369조에 의하여 이를 그대로 인용한다.
306141,판례내용,40,법령의 적용
306141,판례내용,41,1.범죄사실에 대한 해당법조 및 형의 선택
306141,판례내용,42,"각 특정범죄 가중처벌 등에 관한 법률 제3조, 형법 제30조, 각 징역형 선택"
306141,판례내용,43,1.경합범가중
306141,판례내용,44,"각 형법 제37조 전단, 제38조 제1항 제2호, 제50조"
306141,판례내용,45,1.집행유예
306141,판례내용,46,각 형법 제62조 제1항 (위에서 본 피고인들에게 유리한 정상을 참작)
306141,판례내용,47,1.보호관찰 및 사회봉사명령
306141,판례내용,48,"각 형법 제62조의2 제1항, 제2항 본문, 보호관찰 등에 관한 법률 제59조"
306141,판례내용,49,1.추징
306141,판례내용,50,각 특정범죄 가중처벌 등에 관한 법률 제13조
306141,판례내용,51,재판장 판사 이○ _________________________
306141,판례내용,52,판사 김○ _________________________
306141,판례내용,53,판사 김○ _________________________
306141,판례내용,54,.
