판례일련번호,구분,문장번호,내용
303241,판례내용,1,대구지방법원 제2형사부 판결
303241,판례내용,2,사건
303241,판례내용,3,2011노1140 절도
303241,판례내용,4,피고인
303241,판례내용,5,"1.○○○ (******-*******), 무직"
303241,판례내용,6,주거 생략
303241,판례내용,7,등록기준지 생략
303241,판례내용,8,"2.◎○○ (******-*******), 무직"
303241,판례내용,9,주거 생략
303241,판례내용,10,등록기준지 생략
303241,판례내용,11,"3.●○○ (******-*******), 무직"
303241,판례내용,12,주거 생략
303241,판례내용,13,등록기준지 생략
303241,판례내용,14,항소인
303241,판례내용,15,피고인들
303241,판례내용,16,검사
303241,판례내용,17,권○
303241,판례내용,18,변호인
303241,판례내용,19,"변호사 ***(피고인 ○○○, ●○○을 위한 국선)"
303241,판례내용,20,법무법인 *****
303241,판례내용,21,담당변호사 ***(피고인 ◎○○을 위하여)
303241,판례내용,22,원심판결
303241,판례내용,23,대구지방법원 김천지원 2011.3.17.
303241,판례내용,24,선고 2011고단87 판결 및 2011초기48 배상명령신청
303241,판례내용,25,판결선고
303241,판례내용,26,2011.6.10.
303241,판례내용,27,주문
303241,판례내용,28,원심판결 중 피고인들에 대한 부분을 파기한다.
303241,판례내용,29,"피고인 ○○○를 징역 1년 6월에, 피고인 ◎○○○을 징역 1년에, 피고인 ●○○을 징역 10월에 각 처한다."
303241,판례내용,30,"압수된 증 제3, 5, 6호를 피고인 ○○○로부터, 증 제8, 10호를 피고인 ●○○로부터 각 몰수한다."
303241,판례내용,31,이유
303241,판례내용,32,1.항소이유의 요지
303241,판례내용,33,"이 사건의 여러 가지 양형조건에 비추어 보면, 원심이 선고한 각 형(피고인 ○○○: 징역 2년, 몰수, 피고인 ◎○○: 징역 1년 6월, 피고인 ●○○: 징역 1년 6월, 몰수)은 너무 무거워서 부당하다."
303241,판례내용,34,2.판단
303241,판례내용,35,"이 사건 범행의 태양 등에 비추어 그 죄질이 나쁜 점, 피해액이 5억 4,600만 원을 넘는 큰 금액인 점 등의 사정은 인정되나, 피고인 ○○○는 소년보호처분 1회 처벌받은 외에 별다른 범죄전력이 없고, 피고인 ◎○○, ●○○은 각 별다른 범죄전력이 없는 점, 압수된 피해품들이 가환부된 점, 당심에 이르러 피해자와 합의한 점, 자신들의 잘못을 깊이 뉘우치고 있는 점, 각 범행가담 정도, 그 밖에 피고인들의 연령, 성행, 환경, 이 사건 범행의 동기, 수단과 결과, 범행 후의 정황 등 이 사건 기록에 나타난 모든 양형조건을 참작하면, 원심이 선고한 각 형은 너무 무거워서 부당하다고 인정된다."
303241,판례내용,36,3.결론
303241,판례내용,37,"따라서 피고인들의 항소는 모두 이유 있으므로 형사소송법 제364조 제6항에 의하여 원심판결 중 피고인들에 대한 부분을 파기하고, 변론을 거쳐 다시 다음과 같이 판결한다."
303241,판례내용,38,범죄사실 및 증거의 요지
303241,판례내용,39,이 법원이 인정하는 범죄사실 및 증거의 요지는 원심판결의 각 해당란에 기재되어 있는 바와 같으므로 형사소송법 제369조에 의하여 그대로 인용한다.
303241,판례내용,40,법령의 적용
303241,판례내용,41,1.범죄사실에 대한 해당법조 및 형의 선택
303241,판례내용,42,"각 형법 제329조, 제30조(각 징역형 선택)"
303241,판례내용,43,"1.몰수(피고인 ○○○, ●○○)"
303241,판례내용,44,각 형법 제48조 제1항 제1호
303241,판례내용,45,이○의 이유로 주문과 같이 판결한다.
303241,판례내용,46,재판장 판사 이○ _________________________
303241,판례내용,47,판사 윤○ _________________________
303241,판례내용,48,판사 권○ _________________________
