판례일련번호,구분,문장번호,내용
302840,판례내용,1,부 산 지 방 법 원
302840,판례내용,2,제 5 형 사 부
302840,판례내용,3,판 결
302840,판례내용,4,사 건
302840,판례내용,5,2021고합222 일반물건방화
302840,판례내용,6,피 고 인
302840,판례내용,7,A
302840,판례내용,8,검 사
302840,판례내용,9,"송○(기소), 김○(공판)"
302840,판례내용,10,변 호 인
302840,판례내용,11,변호사 최○(국선)
302840,판례내용,12,판 결 선 고
302840,판례내용,13,2021.10.29.
302840,판례내용,14,주 문
302840,판례내용,15,피고인을 징역 1년에 처한다.
302840,판례내용,16,"다만, 이 판결 확정일부터 2년간 위 형의 집행을 유예한다."
302840,판례내용,17,피고인에게 40시간의 사회봉사를 명한다.
302840,판례내용,18,이 유
302840,판례내용,19,범 죄 사 실
302840,판례내용,20,피고인은 2020.9.20.
302840,판례내용,21,"00:58경 부산 동래구 B에 있는 피해자 C이 운영의 ‘D’에서 출입문에 설치되어 있던 가로 80cm, 세로 152cm의 광고용 현수막에 광고모델이 마음에 들지 않는다는 이유로 소지하고 있던 라이터를 이용하여 불을 붙여 시가 44,000원 상당의 현수막을 소훼하고, 유리창 등을 그을리게 하였다."
302840,판례내용,22,이로써 피고인은 타인의 물건을 소훼하여 공공의 위험을 발생하게 하였다.
302840,판례내용,23,증거의 요지
302840,판례내용,24,1.피고인의 법정진술
302840,판례내용,25,1.C의 진술서
302840,판례내용,26,"1.현장감식 결과보고서, 화재현장조사서"
302840,판례내용,27,1.112신고사건 처리표
302840,판례내용,28,1.내사보고(현장임장)및 각 수사보고(첨부서류 등 포함)
302840,판례내용,29,법령의 적용
302840,판례내용,30,1.범죄사실에 대한 해당법조
302840,판례내용,31,형법 제167조 제1항
302840,판례내용,32,1.집행유예
302840,판례내용,33,형법 제62조 제1항
302840,판례내용,34,1.사회봉사명령
302840,판례내용,35,형법 제62조의2
302840,판례내용,36,양형의 이유
302840,판례내용,37,1.법률상 처단형의 범위: 징역 1년∼10년
302840,판례내용,38,2.양형기준에 따른 권고형의 범위
302840,판례내용,39,[유형의 결정] 방화범죄 > 01.일반적 기준 > [제3유형] 일반물건방화
302840,판례내용,40,"[특별양형인자] 감경요소: 실제 피해가 경미한 경우, 처벌불원 또는 상당 부분 피해 회복된 경우"
302840,판례내용,41,가중요소: 비난할 만한 범행동기
302840,판례내용,42,"[권고영역 및 권고형의 범위] 감경영역, 징역 6월∼1년"
302840,판례내용,43,[처단형에 따라 수정된 권고형의 범위]
302840,판례내용,44,징역 1년(양형기준에서 권고하는 형량범위의 하한이 법률상 처단형의 하한과 불일치하는 경우이므로 법률상 처단형의 하한에 따름)
302840,판례내용,45,3.선고형의 결정
302840,판례내용,46,"아래와 같은 주요 정상들에다가 피고인의 나이, 성행, 환경, 범행의 동기, 수단과 결과, 범행 후의 정황 등 이 사건 변론에 나타난 모든 사정을 종합하여 피고인에 대한 형을 정한다."
302840,판례내용,47,◯ 불리한 정상
302840,판례내용,48,- 현수막의 광고모델이 마음에 들지 않는다는 이유로 현수막에 불을 지른 사안으로 범행동기에 비추어 죄질이 나쁘다.
302840,판례내용,49,- 119 구급대원이 화재를 집안하지 않았더라면 큰 화재가 발생할 수 있는 위험성을 발생시켰다.
302840,판례내용,50,◯ 유리한 정상
302840,판례내용,51,- 피해자와 원만히 합의하여 피해자가 피고인에 대한 처벌을 바라지 않는다.
302840,판례내용,52,- 벌금형을 초과하는 전과 없다.
302840,판례내용,53,재판장 판사 박○ _________________________
302840,판례내용,54,판사 위○ _________________________
302840,판례내용,55,판사 여한울 _________________________
