판례일련번호,구분,문장번호,내용
305166,판례내용,1,부산지방법원 동부지원
305166,판례내용,2,판결
305166,판례내용,3,사건 2008고단1089 가.병역법위반
305166,판례내용,4,나.병역법위반교사
305166,판례내용,5,"피고인 A (83년생, 남)무직"
305166,판례내용,6,검사 김○
305166,판례내용,7,변호인 법무법인 정맥 (담당변호사 전○)
305166,판례내용,8,판결 선고 2008.11.13.
305166,판례내용,9,주문
305166,판례내용,10,피고인을 징역 10 월에 처한다.
305166,판례내용,11,이 판결 선고 전의 구금 일수 72 일을 위형에 산입한다.
305166,판례내용,12,다만 이 판결 확정일로부터 2 년간 위형의 집행을 유예한다.
305166,판례내용,13,이유
305166,판례내용,14,범죄사실
305166,판례내용,15,1.병역법 위반
305166,판례내용,16,피고인은 2002.2.6.
305166,판례내용,17,"경 부산수영구 망미동에 있는 부산지방병무청에서 신체검사 3급판정을 받은 현역대상 병역의무자인데, 2005.12.경 인터넷을 통해 만난 불상자에게 200만원을 주고 그로부터 혈압 수치를 높임으로써 고혈압으로 인하여 병역면제를 받는 방법을 배우게 되었고, 그 후 수개월 동안 혈압 수치를 높이는 기술을 연마하였다."
305166,판례내용,18,그리고 피고인은 2006.9.26.
305166,판례내용,19,경 위 부산지방병무청에서 팔항문에 순차 힘을 주는 방법으로 혈압 수치를 높여 고혈압으로 인한 제국민역 급병역면제 판정을 받았다.
305166,판례내용,20,이로써 피고인은 병역의무를 기피하거나 감면받을 목적으로 신체 손상이나 사위행위를 하였다.
305166,판례내용,21,2.병역법 위반 교사
305166,판례내용,22,"피고인은 경부산중구 남포동에 있는 OO카페에서 사회친구인 B를 통하여 병역기피를 원하는 C를 소개받고 그 자리에서 C에게 혈압 측정기를 이용하여 피고인의 혈압을 높이는 등 기술을 선보인 후, C와 400만원에 병역면제를 받는 방법을 가르쳐주기로 약정하였다."
305166,판례내용,23,"그 후 피고인은 2006.10.하순경 부산중구 남포동에 있는 ▲▲커피숍에서 C, C의 어머니 C2, B를 함께 만났고, 그곳에서 C 에게 혈압을 높여 병역면제를 받는 기술을 알려주고 로부터 그 대가로 먼저 200만원을 건네받고, 그 후 B 를 통해 나머지 200만원을 건네받았다."
305166,판례내용,24,C는 2007.2.14.
305166,판례내용,25,"경 위 부산지방병무청에서 팔, 항문, 다리에 순차 힘을 주는 방법으로 혈압 수치를 높여 고혈압으로 인한 제국민역 판정을 받음으로써 병역의무를 기피하거나 감면받을 목적으로 신체 손상이나 사위행위를 하여 병역면제 판정을 받았다."
305166,판례내용,26,이로써 피고인은 C 에게 병역법 위반 범행을 교사하였다.
305166,판례내용,27,증거의 요지
305166,판례내용,28,생략
305166,판례내용,29,법령의 적용
305166,판례내용,30,1.범죄사실에 대한 해당 법조
305166,판례내용,31,"판시 병역법 위반의 점 : 병역법 제86조, 판시 병역법 위반 교사의 점 병역법 제86조 형법 제31조"
305166,판례내용,32,1.형의 종류
305166,판례내용,33,각 징역형
305166,판례내용,34,1.경합범 가중
305166,판례내용,35,형법 제37조 전단 제38조 제1항 제2호 제50조
305166,판례내용,36,1.작량 감경
305166,판례내용,37,"형법 제53조, 제55조 제1항 제3호(피고인이 초범이고 이 사건 범행을 깊이 뉘우치 고 있는 점 등 참작)"
305166,판례내용,38,1.미결 구금 일수의 산입
305166,판례내용,39,형법 제57조
305166,판례내용,40,1.집행 유예
305166,판례내용,41,"형법 제62조 제1항(피고인에게 적용되는 새로운 법령에 의하면 피고인에게 고혈압이 있다 하더라도 최소한 공익 근무를 하여야 하는 점, 피고인이 이 사건 범행을 깊이 뉘우치고 있는 점 등 참조)"
305166,판례내용,42,이○의 이유로 주문과 같이 판결한다.
305166,판례내용,43,판사 박○ _________________________
