판례일련번호,구분,문장번호,내용
306838,판례내용,1,울 산 지 방 법 원
306838,판례내용,2,판 결
306838,판례내용,3,사 건 2015고단1780 성폭력범죄의처벌등에관한특례법위반(카메라등이용촬영)
306838,판례내용,4,"피 고 인 A (81년, 남), 무직"
306838,판례내용,5,"검 사 황근주(기소), 문○(공판)"
306838,판례내용,6,판 결 선 고 2015.12.10.
306838,판례내용,7,주 문
306838,판례내용,8,피고인을 징역 4개월에 처한다.
306838,판례내용,9,"다만, 이 판결 확정일부터 1년간 위 형의 집행을 유예한다."
306838,판례내용,10,피고인에게 보호관찰을 받을 것과 40시간의 성폭력 치료강의 수강을 명한다.
306838,판례내용,11,이 유
306838,판례내용,12,범 죄 사 실
306838,판례내용,13,"피고인은 2012.9.일자불상 04:00경 울산 ○○○에 있는 피해자 B(여, 36세)의 주거지에서 잠겨져 있지 않은 창문을 손으로 열고 커튼을 젖힌 다음 침대에서 옷을 입지않은 상태로 잠을 자고 있던 피해자를 발견하고 소지하고 있던 스마트폰 카메라로 피해자의 나신을 촬영하여 성적 욕망 또는 수치심을 유발할 수 있는 타인의 신체를 그의사에 반하여 사진 촬영하였다."
306838,판례내용,14,증거의 요지
306838,판례내용,15,1.피고인의 법정진술
306838,판례내용,16,1.B에 대한 경찰 진술조서
306838,판례내용,17,1.수사보고(피해현장 및 피의자의 범행 모습 재연 사진)
306838,판례내용,18,1.피해자의 주거지 및 범행 모습 재연 사진
306838,판례내용,19,법령의 적용
306838,판례내용,20,1.범죄사실에 대한 해당법조 및 형의 선택
306838,판례내용,21,구 성폭력범죄의 처벌 등에 관한 특례법 제13조 제1항(2012.12.18.
306838,판례내용,22,"법률 제11556호로 개정되기 전의 것), 징역형 선택"
306838,판례내용,23,1.집행유예
306838,판례내용,24,형법 제62조 제1항
306838,판례내용,25,"1.보호관찰, 수강명령"
306838,판례내용,26,"성폭력범죄의 처벌 등에 관한 특례법 제16조 제2항, 제4항이 사건 범행으로 인하여 피해자가 상당한 정신적 충격을 받았을 것으로 보이는 점,피해자가 피고인에 대한 엄벌을 구하고 있는 점, 피고인이 피해자를 상대로 주거침입미수, 절도의 범행을 저지르기도 한 점은 피고인에게 불리한 정상이다.다만, 피고인이반성하고 있는 점, 피고인이 촬영한 사진을 삭제하고 유포하지는 아니한 것으로 보이는 점, 동종 범죄 전력이나 집행유예 이상의 범죄 전력은 없는 점, 다시는 피해자를 찾아가거나 피해자 주변에 접근하지 않을 것을 다짐하고 있는 점 등 피고인에게 유리한정상과 그밖에 피고인의 나이, 성행, 환경, 범행 후의 정황 등 기록에 나타난 여러 양형조건들을 참작하여 주문과 같이 형을 정한다."
306838,판례내용,27,"등록대상 성범죄인 판시 범죄사실에 관하여 피고인에 대한 유죄판결이 확정되는 경우 피고인은 성폭력범죄의 처벌 등에 관한 특례법 제42조 제1항의 신상정보 등록대상자가 되므로, 같은 법 제43조에 따라 관계기관에 신상정보를 제출할 의무가 있다."
306838,판례내용,28,"피고인의 연령, 직업, 재범위험성, 범행의 종류, 동기, 범행과정, 결과 및 죄의 경중,공개․고지명령으로 달성할 수 있는 성폭력범죄 예방효과 및 피고인이 입는 불이익 등을 고려하여, 피고인에게 아동․청소년의 성보호에 관한 법률 제49조 제1항 단서, 제50조 제1항 단서에 따라 등록한 신상정보의 공개․고지명령은 선고하지 않는다."
306838,판례내용,29,판사 채○ _________________________
