판례일련번호,구분,문장번호,내용
303445,판례내용,1,대구지방법원
303445,판례내용,2,제5형사부
303445,판례내용,3,판결
303445,판례내용,4,사건
303445,판례내용,5,2017노429 사기
303445,판례내용,6,피고인
303445,판례내용,7,"OOO (86년생), 무직"
303445,판례내용,8,항소인
303445,판례내용,9,검사
303445,판례내용,10,검사
303445,판례내용,11,"류○(기소), 유○(공판)"
303445,판례내용,12,변호인
303445,판례내용,13,변호사 김○
303445,판례내용,14,원심판결
303445,판례내용,15,대구지방법원 2017.1.19.
303445,판례내용,16,선고 2016고단5392 판결
303445,판례내용,17,판결선고
303445,판례내용,18,2017.6.21.
303445,판례내용,19,주문
303445,판례내용,20,원심판결을 파기한다.
303445,판례내용,21,피고인을 징역 1년에 처한다.
303445,판례내용,22,이유
303445,판례내용,23,1.항소 이유의 요지
303445,판례내용,24,원심이 선고한 형(징역 1년에 집행유예 2년)은 너무 가벼워서 부당하다.
303445,판례내용,25,2.판단
303445,판례내용,26,"피고인이 이 사건 범행을 인정하고 반성하는 점, 피고인이 이 사건 사기 피해자 6명 중 4명에게 피해금액 일부를 변제하고 합의한 점, 피고인에게 이종 범죄로 기소유예처분 2회를 받은 것 외에 별다른 범죄전력이 없는 점 등은 유리한 정상이다."
303445,판례내용,27,"그러나 이 사건 범행은 불특정 다수인을 상대로 계획적, 조직적으로 이루어지는 소위 ‘보이스피싱’ 사기 범행으로서 그 죄질이 매우 좋지 않고 그로 인한 사회적 폐해가 심각하다."
303445,판례내용,28,"피고인은 ‘보이스피싱’ 조직의 국내총책인 박○ 등이 조직적·계획적으로 공범을 섭외하고 그들에게 지시를 내려 불특정 다수인에게 사기범행을 하는 것을 알면서도, 범행 초기 단계부터 주범들이 구속될 때까지 편취금원의 전달책으로서 그 범행에 가담하였다."
303445,판례내용,29,"‘보이스피싱’ 등 전화금융사기 범죄는 총책뿐만 아니라 인출책, 송금책, 모집책, 전달책 등 하위 조직원들의 가담행위를 통하여 분업적으로 이루어지고 있어 이러한 가담행위에 대해서도 엄벌할 필요성이 있다."
303445,판례내용,30,"위와 같은 정상들과 그 밖에 피고인의 연령, 성행, 환경, 범행의 동기와 경위, 범행결과와 피해의 정도, 범행 후의 정황, 공범과의 처벌 형평성 등 이 사건 기록과 변론에 나타난 모든 양형의 조건을 종합하여 보면, 원심이 선고한 형은 너무 가벼워서 부당하다고 판단된다."
303445,판례내용,31,따라서 검사의 주장은 이유 있다.
303445,판례내용,32,3.결론
303445,판례내용,33,"그렇다면 검사의 항소는 이유 있으므로, 형사소송법 제364조 제6항에 따라 원심판결을 파기하고 변론을 거쳐 다시 다음과 같이 판결한다."
303445,판례내용,34,[다시 쓰는 판결]
303445,판례내용,35,범죄사실 및 증거의 요지
303445,판례내용,36,"이 법원이 인정하는 범죄사실과 그에 대한 증거의 요지는 원심판결의 각 해당란 기재와 같으므로, 형사소송법 제369조에 따라 이를 그대로 인용한다."
303445,판례내용,37,법령의 적용
303445,판례내용,38,1.범죄사실에 대한 해당법조 및 형의 선택
303445,판례내용,39,"각 형법 제347조 제1항, 제30조, 각 징역형 선택"
303445,판례내용,40,1.경합범가중
303445,판례내용,41,"형법 제37조 전단, 제38조 제1항 제2호, 제50조"
303445,판례내용,42,양형의 이유
303445,판례내용,43,위 양형부당 주장에 관한 판단에서 본 바와 같은 이유로 주문과 같이 형을 정한다.
303445,판례내용,44,재판장 판사 김○ _________________________
303445,판례내용,45,판사 이○ _________________________
303445,판례내용,46,판사 석○ _________________________
