판례일련번호,구분,문장번호,내용
153823,판시사항,1,주민등록부는 공정증서 원본이 아니다
153823,판결요지,2,주민등록부는 공정증서 원본이 아니다.
153823,참조조문,3,형법 제228조 제1항
153823,판례내용,4,"【피고인, 상고인】"
153823,판례내용,5,【원심판결】
153823,판례내용,6,"제1심 서울형사지방, 제2심"
153823,판례내용,7,서울고등 1969.1.21.
153823,판례내용,8,선고 68노389 판결
153823,판례내용,9,【주    문】
153823,판례내용,10,"제1, 2심 판결을 파기한다."
153823,판례내용,11,피고인을 징역 1년에 처한다.
153823,판례내용,12,제1심판결 선고전 구금일수중 130일을 본형에 산입한다.
153823,판례내용,13,피고인의 주민등록부에 관한 공정증서 원본불실기재 동행사의 점은 무죄
153823,판례내용,14,"【이    유】  원판결을 직권으로 검토하건대, 원심은 피고인이 1967.1.14."
153823,판례내용,15,"위조 퇴거증명서를 서울 동대문구 전농동 동장에게 제출하여 그 정을 모르는 관계 공무원으로 하여금 주민등록부에 허위기재한 후 동 주민등록부를 위 동사무소에 비치케한 행위를 공정증서 원본불실기재, 동 행사 죄로 처단하였는 바, 주민등록부는"
153823,판례내용,16,"주민등록법 제1조에 규정하는 바와 같이 시·군의 주민을 등록하게 함으로써 주민의 거주관계를 파악하고, 상시로 인구의 동태를 명확히 하여 행정사무의 적정하고 간이한 처리를 도모하기 위하여 호적과 관계없이 원칙적으로는 호적 이외의 주소 또는 거소를 등록하는 공부로서 권리의무의 득실 변경등의 증명을 목적으로 하는 공부가 아니므로,"
153823,판례내용,17,형법 제228조 소정 공정증서가 아니라 할 것임에도 불구하고(
153823,판례내용,18,"대법원 1968.11.19 선고 68도1231 판결참조)원심이 위 거주등록부의 허위기재와 비치행위를 공정증서 원본불실기재 동 행사죄로 처단하였음은 판결에 영향을 미친 법률 위반의 위법이 있다 할 것임으로, 원판결을 파기하고, 본건은 당원에서 판결하기에 충분하다고 인정하여 다시 제1심 판결을 파기하고, 다음과 같이 판결한다."
153823,판례내용,19,"당원에서 인정하는 범죄사실과 이에 대한 증거는 제1심 판결 제1·(3)의 사실을 ""1967.1.14 전항과 같이 위조한 퇴거증명서를 진정히 성립한 것 같이 서울 동대문구 전농동 동장에게 제출하여 행사하고""로 고치는 외에는 제1심 판결에 기재한 범죄사실과 증거를 그대로 인용한다.(피고인에 대한 적용법조)"
153823,판례내용,20,"형법 제225조,"
153823,판례내용,21,"제229조,"
153823,판례내용,22,"제231조,"
153823,판례내용,23,"제234조,"
153823,판례내용,24,"제228조 제1항,"
153823,판례내용,25,"제229조(징역형 선택),"
153823,판례내용,26,"제37조,"
153823,판례내용,27,"제38조,"
153823,판례내용,28,"제50조,"
153823,판례내용,29,"제57조 본건 공소사실중 피고인이 1967.1.14 허위 사실을 신고함으로써 서울 동대문구 전농동회 공무원으로 하여금 공정증서인 주민등록부에 허위기재를 하게 하고, 동 등록부를 동 동회 사무소에 비치케 하였다는 사실에 관하여는 주민등록부가 위에서 설시한 바와 같이"
153823,판례내용,30,"형법 제228조 소정의 공정증서로 볼 수 없음으로, 피고인의 위와 같은 소위는 공정증서 원본 불실기재 동 행사죄를 구성할 수 없음으로 이 점에 대하여는"
153823,판례내용,31,형사소송법 제325조에 의하여 무죄를 선고한다.
153823,판례내용,32,그러므로 관여한법관 전원의 일치된 의견으로 주문과 같이 판결한다.
153823,판례내용,33,대법원판사 유○(재판장)손○ 방○ 나○
