판례일련번호,구분,문장번호,내용
306158,판례내용,1,수원지방법원 판결
306158,판례내용,2,사건 2013고단5282 무고
306158,판례내용,3,"피고인 김○▣▣ (J○, 68년생, 여), 무직"
306158,판례내용,4,주거 수원시 팔달구
306158,판례내용,5,국적 중국
306158,판례내용,6,"검사 김○(기소), 오○(공판)"
306158,판례내용,7,변호인 변호사 이○(국선)
306158,판례내용,8,판결 선고 2014.2.19.
306158,판례내용,9,주문 피고인을 징역 1년에 처한다.
306158,판례내용,10,이유
306158,판례내용,11,"범죄사실 피고인은 2012.5.12.경 최○○○으로부터 강간 및 강제추행을 당했다는 취지로 고소를 하여 경기남부원스톱지원센터에서 근무하는 경장 유☐☐으로부터 피해자 조사를 받았으나 위 사건에 대해 최○종적으로 혐의없음 결정을 받게 되자, 유☐☐에게 앙심을 품고 유☐☐이 피해자 진술조서를 허위 작성하였다는 취지로 허위고소를 하기로 마음먹었다."
306158,판례내용,12,그리하여 피고인은 2013.6.25.
306158,판례내용,13,"시간불상경 경기 수원시 영통구 원천동 80에 있는 수원지방검찰청 민원실에서, 그 곳에서 근무하는 성명을 알 수 없는 담당자에게 “경기지방경찰청 여성청소년계에 근무하는 경찰공무원인 피고소인이, 제가 진술한 바 없는 허위의 진술조서를 컴퓨터로 작성한 후 저한테 열람을 시키거나 읽어준 사실 없이 진술자 성명란에 함부로 제 이름을 기재한 후 진술조서 간인과 성명 밑에 제 무인이 아닌 제3자의 무인을 찍어 제 명의의 진술조서를 위조하고, 위 수사기록을 수원지방검찰청에 제출하였습니다.”라는 내용으로 고소장을 제출하여 유☐☐으로 하여금 형사처분을 받게 할 목적으로 유☐☐을 무고하였다."
306158,판례내용,14,증거의 요지
306158,판례내용,15,1.피고인의 일부 법정진술
306158,판례내용,16,1.증인 유☐☐의 법정진술
306158,판례내용,17,1.각 감정서
306158,판례내용,18,"1.영상녹화 CD, 녹취록"
306158,판례내용,19,법령의 적용
306158,판례내용,20,"1.범죄사실에 대한 해당법조 형법 제156조, 징역형 선택"
306158,판례내용,21,피고인의 주장 및 이에 대한 판단
306158,판례내용,22,"피고인은, 경찰이 진술조서 내용을 허위로 작성하였고 피해자 진술조서를 열람시킨 사실도 없으며 피고인이 위 진술조서에 서명하고 무인한 사실이 없으므로 무고한 사실이 없다고 주장한다."
306158,판례내용,23,"그러나, 감정서 등 조사한 증거에 의하면, 조사 당시 동영상 CD에 녹화된 피해자 진술의 핵심 부분이 조서에 전부 기재되어 있으며, 이 사건 진술조서의 간인 및 서명 옆에 찍혀 있는 지문은 피고인의 지문과 동일하고, 진술조서에 기재되어 있는 서명도 피고인의 필적일 가능성이 높다."
306158,판례내용,24,"증인 유☐☐의 진술은 구체적이고 일관성이 있어 신빙성이 있고, 경찰이 피해자 진술조서를 허위로 작성하거나 다른 사람의 지문을 찍을만한 특별한 이유가 없다."
306158,판례내용,25,이러한 사정을 종합하면 이 사건 공소사실은 충분히 입증되었다.피고인의 주장은 받아들일 수 없다.
306158,판례내용,26,양형의 이유
306158,판례내용,27,"무고는 국가의 형사사법기능을 적극적으로 침해할 뿐 아니라 죄 없는 상대방을 형사처벌의 위험에 빠뜨리게 하는 것으로서 엄벌의 필요성이 큰 점, 특히 이 사건 범행은 피고인이 사건 처분결과에 불만을 가지고 조사한 경찰관을 허위공문서작성죄 등으로 고소한 것으로 보이는바 죄질이 매우 불량한 점, 피고인에게 전혀 반성의 빛이 없는 점 등 피고인에게 불리한 정상과 국내에서의 다른 범행전력은 없는 점 등 피고인에게 유리한 정상을 모두 참작하여 주문과 같은 형을 정하였다."
306158,판례내용,28,판사 최○ _________________________
