판례일련번호,구분,문장번호,내용
305458,판례내용,1,서울북부지방법원
305458,판례내용,2,판결
305458,판례내용,3,"사 건 2016고단212, 2016고단485(병합)향토예비군설치법위반"
305458,판례내용,4,피고인 A
305458,판례내용,5,"검 사 ○○○(기소), ○○○(공판)"
305458,판례내용,6,판 결 선 고 2016.7.13.
305458,판례내용,7,주문
305458,판례내용,8,피고인을 징역 6월에 처한다.
305458,판례내용,9,"다만, 이 판결 확정일로부터 2년간 위 형의 집행을 유예한다."
305458,판례내용,10,피고인에게 80시간의 사회봉사를 명한다.
305458,판례내용,11,이유
305458,판례내용,12,범죄사실
305458,판례내용,13,피고인은 서울 중랑구 ○○○동대 소속 향토예비군이다.
305458,판례내용,14,[2016고단212]
305458,판례내용,15,1.피고인은 2014.2.24.
305458,판례내용,16,"서울 중랑구 ○○○로○○길 (○○동)에 있는 자신의 집에서, 2014.3.17.부터 같은 달 20.까지 의정부시 ○○동 ○○○번지 ○○예비군훈련장에서 실시하는 동원미참가자 2차 보충훈련을 받으라는 내용인 육군 제○○○○부대 ○ 대대장 명의의 향토예비군 교육훈련 소집통지서를 전달받았음에도 위 훈련을 정당한 사유없이 받지 아니하였다."
305458,판례내용,17,2.피고인은 2014.4.5.
305458,판례내용,18,"위 자신의 집에서, 같은 달 28.위 ○○예비군훈련장에서 실시되는 향방기본훈련 2차 이월보충훈련을 받으라는 내용인 육군 제○○○○부대 ○ 대대장 명의의 향토예비군 교육훈련 소집통지서를 전달받았음에도 위 훈련을 정당한 사유없이 받지 아니하였다."
305458,판례내용,19,3.피고인은 2014.6.2.
305458,판례내용,20,"위 자신의 집에서, 같은 달 12.부터 13.까지 위 ○○예비군훈련장에서 실시되는 향방기본훈련 2차 이월보충훈련을 받으라는 내용인 육군 제○○○○부대 ○ 대대장 명의의 향토예비군 교육훈련 소집통지서를 전달받았음에도 위 훈련을 정당한 사유 없이 받지 아니하였다."
305458,판례내용,21,[2016고단485]
305458,판례내용,22,피고인은 2014.4.5.
305458,판례내용,23,위 피고인의 주거지에서 같은 달 16.위 ○○예비군훈련장에서 실시하는 후작이월 보충훈련과 같은 달 18.같은 훈련장에서 실시하는 후작이월 보충훈련에 참석하라는 육군 제○○○○부대 ○ 대대장 명의의 훈련 소집통지서를 전달받고도 정당한 사유 없이 훈련을 받지 아니하였다.
305458,판례내용,24,증거의 요지
305458,판례내용,25,1.피고인의 법정진술
305458,판례내용,26,[2016고단212]
305458,판례내용,27,"1.각 고발장, 통지서전달확인서, 통지서수령증, 통지서대리수령인전달확인서"
305458,판례내용,28,[2016고단485]
305458,판례내용,29,"1.향토예비군설치법위반 범죄 통보, 범죄사실 경위서, 통지서전달확인서, 수령증, 통지서대리수령인전달확인서"
305458,판례내용,30,법령의적용
305458,판례내용,31,1.범죄사실에 대한 해당법조 및 형의 선택
305458,판례내용,32,"구 향토예비군설치법(법률 제12405호) 제15조 제9항 제1호, 제6조 제1항, 각 징역형 선택"
305458,판례내용,33,1.경합범가중
305458,판례내용,34,"형법 제37조 전단, 제38조 제1항 제2호, 제50조"
305458,판례내용,35,1.집행유예
305458,판례내용,36,형법 제62조 제1항
305458,판례내용,37,1.사회봉사명령
305458,판례내용,38,형법 제62조의2
305458,판례내용,39,양형의 이유
305458,판례내용,40,피고인이 동종 범죄로 벌금형을 선고 받은 전력이 9회에 이르는 점은 불리한 정상이다.
305458,판례내용,41,"반면 피고인이 자백하고 반성하고 있는 것으로 보이는 점, 피고인에게 벌금형을 초과하여 처벌받은 전력이 없는 점은 유리한 정상이다."
305458,판례내용,42,"위와 같은 사정에 피고인의 연령, 성행, 환경 등 양형의 조건을 참작하여, 주문과 같이 형을 정한다."
305458,판례내용,43,판사 김○_________________________
