판례일련번호,구분,문장번호,내용
305577,판례내용,1,서 울 북 부 지 방 법 원
305577,판례내용,2,제○ 사 부
305577,판례내용,3,판 결
305577,판례내용,4,사 건
305577,판례내용,5,2017고합287 교통사고처리특례법위반(치상)
305577,판례내용,6,피 고 인
305577,판례내용,7,A
305577,판례내용,8,검 사
305577,판례내용,9,"○○○(기소), ○○○(공판)"
305577,판례내용,10,변 호 인
305577,판례내용,11,법무법인 ○○
305577,판례내용,12,"담당변호사 ○○○, ○○○"
305577,판례내용,13,판 결 선 고
305577,판례내용,14,2017.10.31.
305577,판례내용,15,주 문
305577,판례내용,16,피고인은 무죄.
305577,판례내용,17,이 판결의 요지를 공시한다.
305577,판례내용,18,이 유
305577,판례내용,19,1.공소사실의 요지
305577,판례내용,20,피고인은 ○○○○호 ○○○ 냉동차량의 운전업무에 종사하는 자이다.
305577,판례내용,21,피고인은 2016.12.9.
305577,판례내용,22,03:42경 서울 ○○○구 ○○○로○○길○○ 앞 ○○동 지하차도를 ○○경찰서 방면에서 ○○오거리 방향으로 편도 2차로 중 2차로로 진행하게 되었다.
305577,판례내용,23,"당시 그곳은 노면이 젖어 있고, 전방에 횡단보도 및 교차로가 있었으므로, 자동차의 운전업무에 종사하는 사람에게는 속도를 줄이고, 전방, 좌, 우를 잘 살펴 사고를 방지하여야 할 업무상 주의의무가 있었다."
305577,판례내용,24,"그럼에도 불구하고 피고인은 시속 약 55 내지 70km의 속도로 전방 주시 의무를 소홀히 한 과실로 위 지하차도 끝 부분에 서있던 피해자 B(45세)를 미처 발견하지 못하고, 앞 범퍼로 피해자를 충격하였다."
305577,판례내용,25,결국 피고인은 위와 같은 업무상 과실로 6개월 이상의 치료가 필요한 뇌손상 등의 중상해를 입게 하였다.
305577,판례내용,26,2.피고인과 변호인의 주장 요지
305577,판례내용,27,"차량만 통행할 수 있는 지하차도 안쪽에 피해자가 서 있을 것이라고 예상할 수 없었고, 야간에 검은 옷을 입고 있는 피해자를 발견하여 피고인을 충격하는 것을 피할 수도 없었다."
305577,판례내용,28,따라서 피고인에게 업무상 주의의무 위반이 없다.
305577,판례내용,29,3.배심원 평결 결과
305577,판례내용,30,- 유죄 : 3명
305577,판례내용,31,- 무죄 : 4명
305577,판례내용,32,4.판단
305577,판례내용,33,"가.① 사고 발생 지점은 차량만 통행할 수 있는 지하차도 안쪽의 끝부분인 점, ② 차도에 중앙분리대와 난간 등이 설치되어 있는 점, ③ 사고 발생 지점 전방 교차로 중 사고 발생 지점 쪽에는 횡단보도가 설치되어 있지 않은 점 등에 비추어 보면, 피고인이 사고 발생 지점에 보행자가 서있을 수 있다고 예상하기 어렵다고 판단된다."
305577,판례내용,34,"나.또한, ① 당시 야간으로서 피해자가 검은 옷을 입고 편도 2차로 중 2차로 중앙에 피고인 차량을 등지고 가만히 서있었던 점, ② 피고인은 지하차도를 통과하여 오르막길을 올라가는 상황으로서 오르막길 상단에 있는 사고 발생 지점을 정확하게 보기 어려웠던 점, ③ 피고인 차량에 앞서 1차로로 진행하던 택시 운전기사도 통과 직전까지 피해자를 발견하지 못하였던 점 등에 비추어 보면, 피고인이 피해자를 발견하여 급제동하는 등의 방법으로 사고 발생을 미연에 방지할 수 있었다고 보기도 어렵다고 판단된다."
305577,판례내용,35,"다.따라서 검사가 제출한 증거만으로는 피고인에게 업무상 주의의무를 위반한 과실이 있다고 단정하기 부족하고, 달리 이를 인정할 만한 증거가 없다."
305577,판례내용,36,5.결론
305577,판례내용,37,"이 사건 공소사실은 범죄의 증명이 없는 경우에 해당하므로 형사소송법 제325조 후단에 의하여 무죄를 선고하고, 형법 제58조 제2항 본문에 의하여 판결의 요지를 공시한다."
305577,판례내용,38,이○의 이유로 피고인의 희망에 따라 국민참여재판을 거쳐 주문과 같이 판결한다.
305577,판례내용,39,재판장 판사 박○ _________________________
305577,판례내용,40,판사 정○ _________________________
305577,판례내용,41,판사 강○ _________________________
